Element,Unit,Fraction,n_data*,n_<DL**,Min,10%,25%,Median,75%,90%,Max
Ag,mg/kgTS,organic,9,7,0.08,0.08,1.00,1.00,1.00,1.20,1.20
Ag,mg/kgTS,food waste,1,1,1.00,1.00,1.00,1.00,1.00,1.00,1.00
Ag,mg/kgTS,gardening waste,,,,,,,,,
Ag,mg/kgTS,paper & cardboard,4,3,0.08,0.08,0.09,0.56,1.00,1.00,1.00
Ag,mg/kgTS,composites,,,,,,,,,
Ag,mg/kgTS,plastic,3,3,0.08,0.08,0.08,1.00,1.00,1.00,1.00
Ag,mg/kgTS,combustibles,10,7,0.08,0.08,0.77,1.00,1.93,9.20,10.00
Ag,mg/kgTS,metal,5,4,1.00,1.00,1.00,3.14,17.85,26.00,26.00
Ag,mg/kgTS,glass,3,2,1.00,1.00,1.00,1.00,1.71,1.71,1.71
Ag,mg/kgTS,inert,3,2,1.00,1.00,1.00,1.00,5.78,5.78,5.78
Ag,mg/kgTS,mix,8,4,0.86,0.86,1.00,1.00,5.12,6.02,6.02
Al,mg/kgTS,organic,41,,286,2160,4100,8400,19464,25412,28333
Al,mg/kgTS,food waste,47,,12,21,30,46,103,851,3890
Al,mg/kgTS,gardening waste,16,,2360,3088,4453,11178,13916,21859,22550
Al,mg/kgTS,paper & cardboard,15,,681,1033,1800,11700,12933,25870,32425
Al,mg/kgTS,composites,2,,1430,1430,1430,28615,55800,55800,55800
Al,mg/kgTS,plastic,7,,692,692,720,820,5650,66800,66800
Al,mg/kgTS,combustibles,24,,200,250,678,1570,5150,10500,31600
Al,mg/kgTS,metal,10,,860,926,7055,171500,674500,846700,861000
Al,mg/kgTS,glass,7,,750,750,6860,7620,8470,9870,9870
Al,mg/kgTS,inert,8,,7300,7300,11361,22000,54483,57500,57500
Al,mg/kgTS,mix,34,,4670,5435,7118,13080,16280,20478,30500
As,mg/kgTS,organic,48,8,0.200,0.699,5.000,14.565,18.605,26.385,67.000
As,mg/kgTS,food waste,54,1,0.000,0.000,1.000,6.750,28.350,45.550,154.400
As,mg/kgTS,gardening waste,18,,0.000,0.495,1.188,2.405,3.080,9.582,13.020
As,mg/kgTS,paper & cardboard,57,4,0.000,0.126,0.345,1.090,6.100,24.100,35.100
As,mg/kgTS,composites,3,,0.140,0.140,0.140,0.200,0.200,0.200,0.200
As,mg/kgTS,plastic,46,5,0.000,0.000,0.215,2.250,10.075,25.580,44.800
As,mg/kgTS,combustibles,89,10,0.000,0.000,0.305,5.000,11.340,28.170,400.000
As,mg/kgTS,metal,45,1,0.000,0.000,0.000,6.200,29.800,92.040,539.000
As,mg/kgTS,glass,36,,0.000,0.000,3.800,35.900,280.475,497.680,1664.400
As,mg/kgTS,inert,39,2,0.000,0.000,4.000,10.400,25.000,91.000,1153.000
As,mg/kgTS,mix,50,2,0.000,1.633,4.060,10.950,30.068,56.465,177.990
Ash,%TS,organic,106,,0.0%,8.5%,12.0%,15.7%,28.0%,38.0%,74.0%
Ash,%TS,food waste,196,,0.2%,3.8%,11.5%,20.9%,26.9%,30.0%,73.7%
Ash,%TS,gardening waste,44,,0.4%,3.0%,6.8%,14.0%,38.6%,53.9%,78.4%
Ash,%TS,paper & cardboard,112,,0.0%,2.4%,6.8%,13.0%,19.0%,25.7%,35.4%
Ash,%TS,composites,41,,1.2%,9.0%,11.0%,16.0%,25.0%,38.6%,59.0%
Ash,%TS,plastic,119,,0.0%,0.1%,0.4%,3.0%,10.0%,18.0%,60.0%
Ash,%TS,combustibles,146,,0.0%,1.0%,3.2%,8.7%,15.1%,26.6%,71.0%
Ash,%TS,metal,18,,76.1%,86.5%,90.5%,96.7%,99.3%,100.0%,100.0%
Ash,%TS,glass,14,,83.5%,89.8%,98.5%,98.9%,100.0%,100.0%,100.0%
Ash,%TS,inert,11,,43.9%,48.7%,87.2%,97.0%,100.0%,100.0%,100.0%
Ash,%TS,mix,85,,2.6%,6.1%,11.0%,25.0%,39.9%,62.8%,91.0%
Au,mg/kgTS,organic,1,1,0.04,0.04,0.04,0.04,0.04,0.04,0.04
Au,mg/kgTS,food waste,,,,,,,,,
Au,mg/kgTS,gardening waste,,,,,,,,,
Au,mg/kgTS,paper & cardboard,2,2,0.04,0.04,0.04,0.04,0.04,0.04,0.04
Au,mg/kgTS,composites,,,,,,,,,
Au,mg/kgTS,plastic,1,1,0.08,0.08,0.08,0.08,0.08,0.08,0.08
Au,mg/kgTS,combustibles,2,2,0.04,0.04,0.04,0.04,0.04,0.04,0.04
Au,mg/kgTS,metal,1,,0.16,0.16,0.16,0.16,0.16,0.16,0.16
Au,mg/kgTS,glass,1,1,0.02,0.02,0.02,0.02,0.02,0.02,0.02
Au,mg/kgTS,inert,1,,0.07,0.07,0.07,0.07,0.07,0.07,0.07
Au,mg/kgTS,mix,3,,0.20,0.20,0.20,0.40,0.60,0.60,0.60
B,mg/kgTS,organic,1,,5.1,5.1,5.1,5.1,5.1,5.1,5.1
B,mg/kgTS,food waste,5,,11.0,11.0,11.5,13.0,26.5,36.0,36.0
B,mg/kgTS,gardening waste,6,,17.0,17.0,20.8,25.5,116.0,200.0,200.0
B,mg/kgTS,paper & cardboard,4,,4.6,4.6,6.9,21.0,28.5,28.7,28.7
B,mg/kgTS,composites,,,,,,,,,
B,mg/kgTS,plastic,1,,4.1,4.1,4.1,4.1,4.1,4.1,4.1
B,mg/kgTS,combustibles,2,,5.6,5.6,5.6,66.8,128.0,128.0,128.0
B,mg/kgTS,metal,1,,7.4,7.4,7.4,7.4,7.4,7.4,7.4
B,mg/kgTS,glass,1,,282.0,282.0,282.0,282.0,282.0,282.0,282.0
B,mg/kgTS,inert,1,,459.0,459.0,459.0,459.0,459.0,459.0,459.0
B,mg/kgTS,mix,3,,8.6,8.6,8.6,14.0,14.0,14.0,14.0
Ba,mg/kgTS,organic,1,,18.1,18.1,18.1,18.1,18.1,18.1,18.1
Ba,mg/kgTS,food waste,1,,55.1,55.1,55.1,55.1,55.1,55.1,55.1
Ba,mg/kgTS,gardening waste,13,,27.8,39.5,89.1,170.2,216.1,282.7,283.3
Ba,mg/kgTS,paper & cardboard,3,,12.3,12.3,12.3,12.5,60.1,60.1,60.1
Ba,mg/kgTS,composites,,,,,,,,,
Ba,mg/kgTS,plastic,3,,12.8,12.8,12.8,22.5,33.4,33.4,33.4
Ba,mg/kgTS,combustibles,6,,0.0,0.0,0.0,5.3,297.5,1071.0,1071.0
Ba,mg/kgTS,metal,1,,464.0,464.0,464.0,464.0,464.0,464.0,464.0
Ba,mg/kgTS,glass,1,,1330.0,1330.0,1330.0,1330.0,1330.0,1330.0,1330.0
Ba,mg/kgTS,inert,2,,0.0,0.0,0.0,269.5,539.0,539.0,539.0
Ba,mg/kgTS,mix,14,,13.6,21.0,335.8,543.5,730.0,804.5,809.0
Be,mg/kgTS,organic,9,1,0.02,0.02,0.25,0.50,1.20,2.00,2.00
Be,mg/kgTS,food waste,2,,0.00,0.00,0.00,0.10,0.20,0.20,0.20
Be,mg/kgTS,gardening waste,13,,0.00,0.04,0.21,0.43,0.49,0.59,0.63
Be,mg/kgTS,paper & cardboard,5,,0.00,0.00,0.05,0.14,0.20,0.20,0.20
Be,mg/kgTS,composites,,,,,,,,,
Be,mg/kgTS,plastic,5,1,0.00,0.00,0.00,0.08,0.20,0.20,0.20
Be,mg/kgTS,combustibles,14,,0.00,0.00,0.00,0.20,0.20,0.20,0.20
Be,mg/kgTS,metal,3,1,0.10,0.10,0.10,3.10,50.00,50.00,50.00
Be,mg/kgTS,glass,3,,0.20,0.20,0.20,0.20,0.60,0.60,0.60
Be,mg/kgTS,inert,4,,0.00,0.00,0.15,1.30,2.45,2.60,2.60
Be,mg/kgTS,mix,8,,0.00,0.00,0.26,0.36,2.86,3.18,3.18
Br,%TS,organic,9,7,0.001%,0.001%,0.001%,0.002%,0.003%,0.003%,0.003%
Br,%TS,food waste,1,1,0.001%,0.001%,0.001%,0.001%,0.001%,0.001%,0.001%
Br,%TS,gardening waste,,,,,,,,,
Br,%TS,paper & cardboard,4,2,0.001%,0.001%,0.001%,0.001%,0.002%,0.003%,0.003%
Br,%TS,composites,,,,,,,,,
Br,%TS,plastic,3,1,0.000%,0.000%,0.000%,0.003%,0.145%,0.145%,0.145%
Br,%TS,combustibles,10,7,0.000%,0.000%,0.001%,0.003%,0.003%,0.052%,0.057%
Br,%TS,metal,2,2,0.001%,0.001%,0.001%,0.001%,0.001%,0.001%,0.001%
Br,%TS,glass,2,2,0.000%,0.000%,0.000%,0.001%,0.001%,0.001%,0.001%
Br,%TS,inert,2,1,0.000%,0.000%,0.000%,0.001%,0.001%,0.001%,0.001%
Br,%TS,mix,16,1,0.002%,0.002%,0.012%,0.016%,0.020%,0.024%,0.026%
C,%TS,organic,61,,30.0%,40.2%,45.6%,47.2%,49.0%,50.0%,54.0%
C,%TS,food waste,211,,4.4%,39.5%,45.2%,47.9%,49.8%,51.6%,73.0%
C,%TS,gardening waste,49,,15.8%,26.5%,31.7%,41.8%,45.5%,47.8%,50.1%
C,%TS,paper & cardboard,113,,30.2%,34.4%,37.0%,40.5%,43.3%,46.2%,53.4%
C,%TS,composites,42,,18.0%,34.0%,39.9%,45.0%,49.0%,56.1%,72.0%
C,%TS,plastic,137,,33.3%,40.7%,60.0%,73.0%,84.5%,86.1%,92.1%
C,%TS,combustibles,152,,18.0%,42.6%,46.1%,50.5%,58.6%,76.2%,87.1%
C,%TS,metal,14,,0.0%,0.0%,0.0%,0.8%,4.5%,45.7%,76.2%
C,%TS,glass,14,,0.0%,0.0%,0.0%,0.4%,0.5%,5.5%,9.8%
C,%TS,inert,14,,0.0%,0.0%,0.0%,1.6%,14.6%,38.6%,47.1%
C,%TS,mix,104,,0.6%,3.5%,23.0%,36.8%,45.8%,52.2%,75.2%
Ca,mg/kgTS,organic,38,,5700,7180,9475,14000,23750,29850,47313
Ca,mg/kgTS,food waste,57,,0,1156,1977,3611,6709,22553,81250
Ca,mg/kgTS,gardening waste,21,,0,1306,7750,11256,14149,20838,27100
Ca,mg/kgTS,paper & cardboard,17,,0,0,7415,34600,43600,99160,101000
Ca,mg/kgTS,composites,4,,727,727,2500,12555,23080,25010,25010
Ca,mg/kgTS,plastic,9,,21.5,22,577,4160,9270,14260,14260
Ca,mg/kgTS,combustibles,23,,45.7,51,2390,9510,21522,26140,33770
Ca,mg/kgTS,metal,6,,36,36,192,1143,1728,2410,2410
Ca,mg/kgTS,glass,6,,66730,66730,66783,67775,70900,76600,76600
Ca,mg/kgTS,inert,9,,0,0,12675,36400,66303,112110,112110
Ca,mg/kgTS,mix,62,,1228.6,10950,20075,27500,36675,49640,83550
Cd,mg/kgTS,organic,71,5,0.00,0.08,0.15,0.35,0.60,1.56,7.95
Cd,mg/kgTS,food waste,100,42,0.00,0.10,0.40,0.40,1.28,3.49,7.30
Cd,mg/kgTS,gardening waste,23,,0.11,0.16,0.20,0.25,0.60,1.48,10.85
Cd,mg/kgTS,paper & cardboard,88,4,0.00,0.00,0.09,0.30,1.25,3.62,11.00
Cd,mg/kgTS,composites,15,,0.00,0.01,0.50,2.52,5.50,16.94,26.60
Cd,mg/kgTS,plastic,103,2,0.00,0.20,0.90,3.80,16.50,72.68,388.00
Cd,mg/kgTS,combustibles,158,3,0.00,0.00,0.30,1.00,3.93,11.73,250.00
Cd,mg/kgTS,metal,71,5,0.00,0.00,0.30,2.10,5.20,18.40,53.00
Cd,mg/kgTS,glass,49,4,0.00,0.00,0.15,1.10,2.95,4.80,8.40
Cd,mg/kgTS,inert,50,,0.00,0.00,0.50,1.45,3.28,7.99,341.00
Cd,mg/kgTS,mix,141,,0.20,0.76,1.25,2.17,5.04,11.67,400.00
Cl,%TS,organic,58,,0.001%,0.165%,0.400%,0.532%,0.700%,0.806%,1.200%
Cl,%TS,food waste,20,,0.000%,0.012%,0.365%,0.765%,1.173%,2.413%,8.900%
Cl,%TS,gardening waste,26,,0.000%,0.047%,0.078%,0.110%,0.283%,0.530%,0.600%
Cl,%TS,paper & cardboard,75,,0.000%,0.001%,0.070%,0.160%,0.300%,0.500%,11.600%
Cl,%TS,composites,41,,0.000%,0.000%,0.300%,0.600%,2.550%,8.120%,15.600%
Cl,%TS,plastic,90,,0.000%,0.000%,0.200%,1.250%,8.125%,47.605%,56.800%
Cl,%TS,combustibles,114,,0.000%,0.000%,0.100%,0.400%,1.248%,3.550%,23.000%
Cl,%TS,metal,19,,0.000%,0.000%,0.000%,0.000%,0.001%,0.240%,0.760%
Cl,%TS,glass,10,,0.000%,0.000%,0.000%,0.000%,0.000%,0.054%,0.060%
Cl,%TS,inert,13,,0.000%,0.000%,0.000%,0.020%,0.550%,1.094%,1.110%
Cl,%TS,mix,81,,0.000%,0.104%,0.305%,0.670%,1.000%,2.692%,13.160%
Co,mg/kgTS,organic,17,1,0.0,0.2,0.6,1.3,2.6,14.0,42.0
Co,mg/kgTS,food waste,43,41,0.0,2.0,2.0,2.0,2.0,2.0,3.0
Co,mg/kgTS,gardening waste,14,,0.0,0.2,1.1,2.0,2.7,4.1,5.0
Co,mg/kgTS,paper & cardboard,8,1,0.0,0.0,0.1,1.4,2.0,4.5,4.5
Co,mg/kgTS,composites,,,,,,,,,
Co,mg/kgTS,plastic,5,,0.0,0.0,0.0,8.0,53.3,97.6,97.6
Co,mg/kgTS,combustibles,14,,0.0,0.0,0.0,2.3,3.7,21.4,38.7
Co,mg/kgTS,metal,5,,8.0,8.0,18.5,32.0,43.5,50.0,50.0
Co,mg/kgTS,glass,3,,2.3,2.3,2.3,3.7,9.0,9.0,9.0
Co,mg/kgTS,inert,4,,0.0,0.0,2.3,24.2,68.0,77.7,77.7
Co,mg/kgTS,mix,20,,0.0,1.8,4.5,7.6,11.9,103.8,113.0
Cr,mg/kgTS,organic,62,,1.3,6.2,8.4,14.8,56.3,277.0,607.0
Cr,mg/kgTS,food waste,103,17,0.0,1.0,1.1,5.2,69.0,155.3,951.5
Cr,mg/kgTS,gardening waste,19,1,4.5,8.0,8.7,16.2,23.0,55.5,188.7
Cr,mg/kgTS,paper & cardboard,65,,2.5,5.4,8.8,20.0,40.3,99.4,291.8
Cr,mg/kgTS,composites,6,,1.0,1.0,2.4,18.5,708.5,2750.0,2750.0
Cr,mg/kgTS,plastic,73,,0.4,9.7,25.4,73.9,187.0,338.4,853.0
Cr,mg/kgTS,combustibles,122,,0.0,6.2,19.8,56.4,142.2,795.3,9000.0
Cr,mg/kgTS,metal,50,,0.0,0.0,9.2,154.5,304.3,1387.0,4702.0
Cr,mg/kgTS,glass,49,,0.0,0.0,21.6,95.3,275.7,534.0,1236.8
Cr,mg/kgTS,inert,50,,0.0,13.4,34.0,74.3,167.5,377.1,1075.5
Cr,mg/kgTS,mix,116,,16.0,53.0,74.8,111.8,182.3,277.1,671.1
Cu,mg/kgTS,organic,59,,0.00,7.22,10.20,15.10,41.45,250.00,1196.59
Cu,mg/kgTS,food waste,117,40,0.00,2.00,2.00,9.00,42.00,126.82,1168.20
Cu,mg/kgTS,gardening waste,30,,0.18,0.60,7.93,13.11,31.25,64.30,1238.61
Cu,mg/kgTS,paper & cardboard,72,,0.00,7.86,17.78,34.76,55.20,98.49,1019.60
Cu,mg/kgTS,composites,9,,14.00,14.00,17.05,59.40,92.55,834.00,834.00
Cu,mg/kgTS,plastic,57,,0.00,8.24,16.85,54.20,93.85,201.20,665.30
Cu,mg/kgTS,combustibles,112,,0.00,8.79,14.35,33.60,65.35,131.93,9240.00
Cu,mg/kgTS,metal,53,1,0.00,0.00,4.55,94.50,288.60,1691.20,45100.00
Cu,mg/kgTS,glass,42,,0.00,0.00,1.85,8.50,26.00,69.64,267.50
Cu,mg/kgTS,inert,46,,0.00,0.56,18.58,35.80,51.70,99.70,227.00
Cu,mg/kgTS,mix,110,,12.17,19.61,35.21,67.93,500.00,1154.99,4500.00
F,%TS,organic,,,,,,,,,
F,%TS,food waste,5,,0.000%,0.000%,0.000%,0.000%,0.010%,0.010%,0.010%
F,%TS,gardening waste,16,12,0.000%,0.000%,0.010%,0.010%,0.010%,0.010%,0.010%
F,%TS,paper & cardboard,21,,0.000%,0.000%,0.000%,0.010%,0.015%,0.036%,0.070%
F,%TS,composites,6,,0.000%,0.000%,0.000%,0.002%,0.010%,0.010%,0.010%
F,%TS,plastic,14,,0.000%,0.000%,0.000%,0.000%,0.010%,0.010%,0.010%
F,%TS,combustibles,25,,0.000%,0.000%,0.000%,0.010%,0.010%,0.030%,0.058%
F,%TS,metal,17,,0.000%,0.000%,0.000%,0.000%,0.000%,0.002%,0.010%
F,%TS,glass,6,,0.000%,0.000%,0.000%,0.000%,0.000%,0.000%,0.000%
F,%TS,inert,8,,0.000%,0.000%,0.000%,0.006%,0.025%,0.087%,0.087%
F,%TS,mix,22,,0.000%,0.002%,0.018%,0.030%,0.050%,0.200%,0.240%
Fe,mg/kgTS,organic,45,,0,1220,2500,4700,5700,8240,16333
Fe,mg/kgTS,food waste,64,,0,18,29,48,88,409,2478
Fe,mg/kgTS,gardening waste,24,,76,168,1485,5270,6600,8643,9728
Fe,mg/kgTS,paper & cardboard,22,,46,147,459,755,1245,2722,2940
Fe,mg/kgTS,composites,4,,86,86,199,1585,9898,12320,12320
Fe,mg/kgTS,plastic,11,,0,0,305,849,1830,3380,3700
Fe,mg/kgTS,combustibles,31,,0,9,340,733,1850,7634,85100
Fe,mg/kgTS,metal,10,,150,765,19500,492500,810750,969300,980000
Fe,mg/kgTS,glass,8,,477,477,777,1350,2240,3567,3567
Fe,mg/kgTS,inert,11,,0,320,1730,11500,14990,219940,268000
Fe,mg/kgTS,mix,82,,684,1299,2017,5605,30819,49137,66000
H,%TS,organic,59,,4.3%,5.7%,6.6%,6.9%,7.2%,7.5%,7.9%
H,%TS,food waste,173,,1.5%,5.5%,6.2%,6.5%,6.9%,7.6%,14.7%
H,%TS,gardening waste,40,,1.8%,3.2%,4.8%,5.9%,6.4%,7.7%,15.5%
H,%TS,paper & cardboard,112,,3.5%,4.8%,5.4%,5.8%,6.0%,6.4%,8.9%
H,%TS,composites,40,,2.4%,3.7%,5.3%,6.4%,7.3%,8.5%,11.4%
H,%TS,plastic,151,,0.0%,3.9%,5.8%,9.7%,13.4%,14.4%,36.9%
H,%TS,combustibles,138,,2.6%,5.3%,6.0%,6.5%,7.4%,9.3%,16.9%
H,%TS,metal,14,,0.0%,0.0%,0.0%,0.3%,1.0%,7.2%,11.7%
H,%TS,glass,13,1,0.0%,0.0%,0.0%,0.0%,0.1%,1.1%,1.5%
H,%TS,inert,12,,0.0%,0.0%,0.0%,0.1%,0.9%,3.3%,3.4%
H,%TS,mix,73,,0.3%,2.0%,3.2%,5.6%,6.8%,7.5%,11.3%
Hg,mg/kgTS,organic,34,4,0.000,0.020,0.040,0.100,0.396,0.850,1.400
Hg,mg/kgTS,food waste,99,41,0.000,0.020,0.100,1.120,2.000,2.000,6.250
Hg,mg/kgTS,gardening waste,20,3,0.000,0.020,0.023,0.040,0.198,0.629,2.170
Hg,mg/kgTS,paper & cardboard,84,6,0.000,0.000,0.030,0.098,0.265,0.570,16.160
Hg,mg/kgTS,composites,14,,0.000,0.000,0.008,0.025,0.380,0.595,0.640
Hg,mg/kgTS,plastic,89,3,0.000,0.000,0.045,0.130,0.400,0.891,12.150
Hg,mg/kgTS,combustibles,140,6,0.000,0.000,0.050,0.110,0.470,1.573,7.030
Hg,mg/kgTS,metal,60,5,0.000,0.000,0.000,0.025,0.200,0.790,8.500
Hg,mg/kgTS,glass,49,6,0.000,0.000,0.000,0.040,0.200,0.340,2.350
Hg,mg/kgTS,inert,49,5,0.000,0.000,0.015,0.100,0.285,0.900,3.420
Hg,mg/kgTS,mix,113,,0.000,0.070,0.235,0.580,1.375,3.928,11.800
HHV,MJ/kgTS,organic,55,2,0.5,12.4,19.2,20.0,20.6,21.0,22.0
HHV,MJ/kgTS,food waste,29,,4.6,9.6,12.5,17.3,20.6,29.0,38.3
HHV,MJ/kgTS,gardening waste,22,,4.8,7.4,13.9,16.8,18.0,19.6,20.4
HHV,MJ/kgTS,paper & cardboard,79,,5.2,12.4,13.6,15.1,16.7,18.5,24.9
HHV,MJ/kgTS,composites,36,,8.6,15.4,16.4,19.2,22.8,27.2,32.2
HHV,MJ/kgTS,plastic,91,,6.5,22.4,26.1,33.5,41.0,45.7,49.4
HHV,MJ/kgTS,combustibles,100,,1.3,15.5,17.7,20.0,23.3,26.2,38.9
HHV,MJ/kgTS,metal,6,,0.0,0.0,0.0,0.4,3.3,11.1,11.1
HHV,MJ/kgTS,glass,6,2,0.0,0.0,0.1,0.4,0.6,0.8,0.8
HHV,MJ/kgTS,inert,5,1,0.0,0.0,0.0,0.5,2.0,2.2,2.2
HHV,MJ/kgTS,mix,45,,1.4,5.8,8.6,13.4,17.5,22.8,37.0
K,mg/kgTS,organic,76,,795,8000,9000,10000,14075,18060,21700
K,mg/kgTS,food waste,22,,0,34,4850,8989,12100,25693,41800
K,mg/kgTS,gardening waste,26,,161,216,5677,7695,11960,19900,27300
K,mg/kgTS,paper & cardboard,16,,118,297,676,743,1430,3080,3500
K,mg/kgTS,composites,4,,472,472,497,1096,1980,2100,2100
K,mg/kgTS,plastic,7,,190,190,372,750,1300,1990,1990
K,mg/kgTS,combustibles,20,,278,564,1016,1640,2803,9565,17900
K,mg/kgTS,metal,6,,162,162,191,501,1045,1190,1190
K,mg/kgTS,glass,6,,3650,3650,4237,5730,7195,7750,7750
K,mg/kgTS,inert,8,,2010,2010,6110,12600,16408,18600,18600
K,mg/kgTS,mix,70,,249,1484,2500,3622,7638,12497,19339
LHV,MJ/kgTS,organic,50,,4.6,15.7,17.9,18.5,18.9,19.4,20.3
LHV,MJ/kgTS,food waste,20,,7.9,8.8,10.8,13.8,18.5,19.4,24.8
LHV,MJ/kgTS,gardening waste,20,,6.4,7.0,10.8,12.8,16.5,18.4,19.5
LHV,MJ/kgTS,paper & cardboard,66,,6.7,10.8,11.5,13.4,15.0,17.3,23.0
LHV,MJ/kgTS,composites,39,,7.9,13.9,14.7,18.0,20.9,24.2,32.1
LHV,MJ/kgTS,plastic,74,,10.8,12.4,21.5,30.5,36.6,42.2,45.5
LHV,MJ/kgTS,combustibles,91,,6.0,13.4,16.3,19.4,22.5,25.7,37.4
LHV,MJ/kgTS,metal,11,,-0.1,-0.1,0.0,0.0,0.0,9.9,10.7
LHV,MJ/kgTS,glass,9,,0.0,0.0,0.0,0.0,0.3,0.7,0.7
LHV,MJ/kgTS,inert,12,,0.0,0.0,0.0,0.0,1.8,16.1,18.5
LHV,MJ/kgTS,mix,57,,0.0,4.9,8.5,14.4,19.0,24.1,31.3
Li,mg/kgTS,organic,1,1,0.20,0.20,0.20,0.20,0.20,0.20,0.20
Li,mg/kgTS,food waste,,,,,,,,,
Li,mg/kgTS,gardening waste,,,,,,,,,
Li,mg/kgTS,paper & cardboard,2,,3.14,3.14,3.14,3.18,3.22,3.22,3.22
Li,mg/kgTS,composites,,,,,,,,,
Li,mg/kgTS,plastic,1,,0.69,0.69,0.69,0.69,0.69,0.69,0.69
Li,mg/kgTS,combustibles,2,1,0.20,0.20,0.20,0.77,1.33,1.33,1.33
Li,mg/kgTS,metal,1,1,0.70,0.70,0.70,0.70,0.70,0.70,0.70
Li,mg/kgTS,glass,1,,30.90,30.90,30.90,30.90,30.90,30.90,30.90
Li,mg/kgTS,inert,1,,12.30,12.30,12.30,12.30,12.30,12.30,12.30
Li,mg/kgTS,mix,9,,7.89,7.89,8.70,9.86,14.94,18.31,18.31
Mg,mg/kgTS,organic,30,,1000,1020,1375,1695,1949,3060,7598
Mg,mg/kgTS,food waste,60,,136,188,236,274,881,1400,2386
Mg,mg/kgTS,gardening waste,18,,239,564,1209,1850,2230,4708,4780
Mg,mg/kgTS,paper & cardboard,17,,43,169,651,1210,1645,2817,2845
Mg,mg/kgTS,composites,4,,127,127,140,1060,2233,2330,2330
Mg,mg/kgTS,plastic,9,,19,19,142,344,1213,2170,2170
Mg,mg/kgTS,combustibles,23,,13,21,375,917,1820,3792,5920
Mg,mg/kgTS,metal,6,,105,105,119,756,4060,11800,11800
Mg,mg/kgTS,glass,6,,4800,4800,7949,9370,10780,11020,11020
Mg,mg/kgTS,inert,9,,0,0,1200,2350,11125,13400,13400
Mg,mg/kgTS,mix,55,,345,1117,1874,3039,4000,4903,20160
Mn,mg/kgTS,organic,45,,0.0,67.8,110.7,185.5,308.6,422.2,490.6
Mn,mg/kgTS,food waste,58,,0.0,5.9,9.2,16.5,28.4,56.0,193.0
Mn,mg/kgTS,gardening waste,18,,21.6,52.6,111.3,198.6,287.9,338.9,433.0
Mn,mg/kgTS,paper & cardboard,22,,0.0,13.2,20.3,34.7,45.3,58.3,88.2
Mn,mg/kgTS,composites,4,,2.2,2.2,5.7,39.5,132.0,155.0,155.0
Mn,mg/kgTS,plastic,11,,7.7,7.7,10.0,14.0,82.0,178.2,195.0
Mn,mg/kgTS,combustibles,31,,4.8,8.1,15.0,36.0,89.0,202.6,248.0
Mn,mg/kgTS,metal,10,,6.3,29.7,1327.5,1775.0,3722.5,5053.0,5140.0
Mn,mg/kgTS,glass,8,,61.0,61.0,93.8,125.5,145.3,199.0,199.0
Mn,mg/kgTS,inert,11,,0.0,16.4,145.0,412.0,532.0,1503.4,1710.0
Mn,mg/kgTS,mix,68,,30.9,149.0,190.2,290.2,412.0,536.7,1476.0
Mo,mg/kgTS,organic,17,,0.34,0.60,0.75,0.81,14.15,24.44,29.00
Mo,mg/kgTS,food waste,44,41,0.30,3.55,6.00,6.00,6.00,6.00,6.00
Mo,mg/kgTS,gardening waste,15,4,0.65,0.86,1.20,1.89,3.06,3.82,4.17
Mo,mg/kgTS,paper & cardboard,15,1,0.32,0.40,0.50,0.79,1.50,3.86,4.10
Mo,mg/kgTS,composites,2,,0.11,0.11,0.11,0.15,0.19,0.19,0.19
Mo,mg/kgTS,plastic,7,,0.92,0.92,1.30,1.95,2.50,2.80,2.80
Mo,mg/kgTS,combustibles,21,5,0.12,0.13,0.17,1.00,2.10,4.92,8.50
Mo,mg/kgTS,metal,10,2,1.40,1.42,2.50,8.20,27.25,32.59,33.10
Mo,mg/kgTS,glass,7,1,0.75,0.75,1.00,1.20,2.30,45.00,45.00
Mo,mg/kgTS,inert,8,1,0.54,0.54,1.68,6.67,12.95,195.00,195.00
Mo,mg/kgTS,mix,17,,2.00,2.18,4.75,7.70,11.61,18.33,18.42
N,%TS,organic,104,,0.56%,1.40%,1.61%,2.30%,2.60%,2.80%,6.00%
N,%TS,food waste,212,,0.00%,1.59%,2.39%,3.01%,3.50%,4.55%,12.23%
N,%TS,gardening waste,49,,0.10%,0.33%,0.57%,1.09%,2.00%,3.40%,3.40%
N,%TS,paper & cardboard,114,1,0.00%,0.09%,0.10%,0.20%,0.30%,0.49%,1.69%
N,%TS,composites,42,,0.00%,0.00%,0.12%,0.35%,0.83%,1.67%,3.50%
N,%TS,plastic,116,1,0.00%,0.00%,0.06%,0.20%,0.53%,1.03%,6.00%
N,%TS,combustibles,146,,0.00%,0.18%,0.47%,1.22%,3.03%,4.60%,10.00%
N,%TS,metal,13,3,0.00%,0.00%,0.00%,0.10%,0.40%,1.05%,1.05%
N,%TS,glass,13,3,0.00%,0.00%,0.00%,0.04%,0.10%,0.65%,0.88%
N,%TS,inert,14,,0.00%,0.00%,0.00%,0.08%,0.50%,1.46%,1.81%
N,%TS,mix,117,,0.00%,0.12%,0.48%,1.05%,1.67%,2.33%,13.16%
Na,mg/kgTS,organic,13,,1250,1750,2500,3720,4150,6940,8300
Na,mg/kgTS,food waste,16,,877,1058,1483,2980,5767,8729,10800
Na,mg/kgTS,gardening waste,16,,168,470,1150,3441,4375,5782,6423
Na,mg/kgTS,paper & cardboard,17,,246,272,511,1090,1835,8020,10500
Na,mg/kgTS,composites,4,,1500,1500,1560,1820,3520,4060,4060
Na,mg/kgTS,plastic,9,,36,36,250,1170,1810,3340,3340
Na,mg/kgTS,combustibles,26,,39,52,671,1630,5225,12162,21900
Na,mg/kgTS,metal,6,,165,165,334,648,1054,1670,1670
Na,mg/kgTS,glass,6,,22400,22400,22820,25500,65343,95500,95500
Na,mg/kgTS,inert,9,,0,0,3135,5760,17411,41700,41700
Na,mg/kgTS,mix,64,,437,605,890,1502,6580,9534,12876
Nb,mg/kgTS,organic,,,,,,,,,
Nb,mg/kgTS,food waste,,,,,,,,,
Nb,mg/kgTS,gardening waste,12,11,0.600,0.720,1.650,2.600,4.425,12.210,15.000
Nb,mg/kgTS,paper & cardboard,,,,,,,,,
Nb,mg/kgTS,composites,,,,,,,,,
Nb,mg/kgTS,plastic,,,,,,,,,
Nb,mg/kgTS,combustibles,,,,,,,,,
Nb,mg/kgTS,metal,,,,,,,,,
Nb,mg/kgTS,glass,,,,,,,,,
Nb,mg/kgTS,inert,,,,,,,,,
Nb,mg/kgTS,mix,3,,2.400,2.400,2.400,2.500,2.600,2.600,2.600
Ni,mg/kgTS,organic,51,,0.0,2.3,3.9,5.6,10.5,160.4,673.0
Ni,mg/kgTS,food waste,99,24,0.0,1.0,1.0,2.0,20.4,44.9,162.0
Ni,mg/kgTS,gardening waste,20,,1.0,1.6,3.5,4.8,9.0,34.6,45.6
Ni,mg/kgTS,paper & cardboard,57,2,0.0,0.9,3.2,6.5,13.3,28.0,145.6
Ni,mg/kgTS,composites,6,,0.5,0.5,2.2,10.8,47.1,148.3,148.3
Ni,mg/kgTS,plastic,44,,0.0,0.2,5.4,11.6,19.6,64.9,161.8
Ni,mg/kgTS,combustibles,97,,0.0,0.0,3.2,8.8,22.0,33.2,476.0
Ni,mg/kgTS,metal,40,,0.0,0.0,2.0,55.0,147.3,211.4,900.0
Ni,mg/kgTS,glass,40,,0.0,0.0,6.9,19.9,37.1,160.5,313.0
Ni,mg/kgTS,inert,44,,0.0,1.6,9.3,34.7,67.7,89.3,322.0
Ni,mg/kgTS,mix,104,,0.0,20.5,26.8,44.2,75.2,118.5,211.3
O,%TS,organic,14,,22.9%,24.0%,26.9%,31.5%,35.1%,36.7%,37.0%
O,%TS,food waste,173,,5.3%,23.1%,33.8%,36.2%,38.5%,40.7%,55.8%
O,%TS,gardening waste,40,,12.6%,18.6%,23.1%,36.2%,38.2%,41.2%,42.7%
O,%TS,paper & cardboard,112,,0.0%,32.9%,38.0%,41.1%,44.0%,46.8%,51.2%
O,%TS,composites,39,,0.0%,0.0%,16.0%,32.0%,36.4%,40.0%,46.0%
O,%TS,plastic,112,,0.0%,0.0%,0.2%,1.9%,10.3%,19.1%,32.8%
O,%TS,combustibles,130,,0.0%,3.7%,13.0%,31.3%,39.2%,42.7%,47.6%
O,%TS,metal,13,,0.0%,0.0%,0.0%,0.8%,4.3%,7.9%,9.6%
O,%TS,glass,12,,0.0%,0.0%,0.0%,0.2%,0.6%,3.7%,4.8%
O,%TS,inert,11,,0.0%,0.0%,0.0%,0.0%,2.0%,17.0%,20.5%
O,%TS,mix,43,,2.0%,5.1%,13.8%,24.0%,26.3%,30.2%,34.6%
P,mg/kgTS,organic,85,,5,1438,1700,3000,4000,5000,12950
P,mg/kgTS,food waste,23,,489,1659,4400,5200,12045,23386,30455
P,mg/kgTS,gardening waste,27,,21,28,666,1184,3400,4340,15900
P,mg/kgTS,paper & cardboard,18,,38,43,109,164,291,422,1100
P,mg/kgTS,composites,4,,189,189,224,340,373,380,380
P,mg/kgTS,plastic,10,,15,16,63,244,445,5104,5610
P,mg/kgTS,combustibles,27,,13,30,148,300,608,1294,2300
P,mg/kgTS,metal,6,,110,110,139,232,498,551,551
P,mg/kgTS,glass,6,1,64,64,70,98,212,480,480
P,mg/kgTS,inert,9,,0,0,141,439,1585,1920,1920
P,mg/kgTS,mix,62,,550,736,1051,14850,26725,36750,58800
Pb,mg/kgTS,organic,68,,0.0,3.4,6.7,10.7,89.1,250.3,643.2
Pb,mg/kgTS,food waste,105,40,0.0,2.0,2.0,11.0,56.9,157.6,666.9
Pb,mg/kgTS,gardening waste,25,,0.0,2.0,6.7,9.6,23.7,54.8,255.3
Pb,mg/kgTS,paper & cardboard,88,2,0.0,2.7,7.6,17.4,39.8,74.4,316.0
Pb,mg/kgTS,composites,15,,0.7,1.0,9.0,34.0,363.3,575.2,638.0
Pb,mg/kgTS,plastic,102,,0.8,21.9,46.6,98.2,247.0,602.0,1595.0
Pb,mg/kgTS,combustibles,155,3,0.0,9.1,23.0,53.8,147.0,405.2,6900.0
Pb,mg/kgTS,metal,67,1,0.0,0.0,9.0,33.0,90.0,1283.2,30010.0
Pb,mg/kgTS,glass,51,,0.0,0.0,24.6,81.5,189.1,628.0,889.0
Pb,mg/kgTS,inert,50,,0.0,13.1,41.3,88.4,382.3,1910.5,11740.0
Pb,mg/kgTS,mix,102,3,0.0,47.4,107.1,191.9,544.6,764.0,1092.1
S,mg/kgTS,organic,67,,1500,1888,2000,2000,2170,3020,4100
S,mg/kgTS,food waste,175,,0,1960,2900,3780,5600,7510,101700
S,mg/kgTS,gardening waste,39,,0,51,557,1000,3000,4000,17065
S,mg/kgTS,paper & cardboard,81,,0,526,944,1400,2000,3000,6000
S,mg/kgTS,composites,37,,0,0,1000,2000,8000,18200,61000
S,mg/kgTS,plastic,101,2,0,0,520,1125,3000,6000,28740
S,mg/kgTS,combustibles,142,3,0,587,1000,2600,6428,14654,34000
S,mg/kgTS,metal,13,2,30,30,95,297,500,808,808
S,mg/kgTS,glass,11,,50,58,111,687,1000,1383,1400
S,mg/kgTS,inert,15,,0,0,0,1920,3590,10164,10410
S,mg/kgTS,mix,85,,0,419,1694,2800,6490,8006,38000
Sb,mg/kgTS,organic,12,5,0.02,0.16,0.50,0.60,2.60,34.04,47.00
Sb,mg/kgTS,food waste,2,1,0.00,0.00,0.00,0.25,0.50,0.50,0.50
Sb,mg/kgTS,gardening waste,13,4,0.00,0.00,0.00,0.04,0.11,0.18,0.20
Sb,mg/kgTS,paper & cardboard,8,2,0.00,0.00,0.20,0.56,2.45,7.90,7.90
Sb,mg/kgTS,composites,,,,,,,,,
Sb,mg/kgTS,plastic,14,,0.00,0.00,12.88,24.00,129.23,242.18,270.60
Sb,mg/kgTS,combustibles,23,,0.00,0.00,0.90,6.20,13.00,22.68,86.30
Sb,mg/kgTS,metal,8,1,0.50,0.50,6.45,11.40,48.73,2000.00,2000.00
Sb,mg/kgTS,glass,6,,5.90,5.90,5.98,12.28,31.70,81.20,81.20
Sb,mg/kgTS,inert,7,1,0.00,0.00,0.50,2.70,6.07,11.10,11.10
Sb,mg/kgTS,mix,34,,0.00,15.16,34.28,62.90,200.10,336.00,420.00
Sc,mg/kgTS,organic,,,,,,,,,
Sc,mg/kgTS,food waste,,,,,,,,,
Sc,mg/kgTS,gardening waste,12,,0.32,0.37,0.95,1.37,1.73,2.66,2.97
Sc,mg/kgTS,paper & cardboard,,,,,,,,,
Sc,mg/kgTS,composites,,,,,,,,,
Sc,mg/kgTS,plastic,,,,,,,,,
Sc,mg/kgTS,combustibles,,,,,,,,,
Sc,mg/kgTS,metal,,,,,,,,,
Sc,mg/kgTS,glass,,,,,,,,,
Sc,mg/kgTS,inert,,,,,,,,,
Sc,mg/kgTS,mix,3,,0.88,0.88,0.88,0.96,1.04,1.04,1.04
Se,mg/kgTS,organic,5,4,0.04,0.04,1.02,2.00,2.00,2.00,2.00
Se,mg/kgTS,food waste,2,2,1.00,1.00,1.00,1.50,2.00,2.00,2.00
Se,mg/kgTS,gardening waste,1,1,1.00,1.00,1.00,1.00,1.00,1.00,1.00
Se,mg/kgTS,paper & cardboard,3,1,0.06,0.06,0.06,0.07,2.00,2.00,2.00
Se,mg/kgTS,composites,1,,0.17,0.17,0.17,0.17,0.17,0.17,0.17
Se,mg/kgTS,plastic,3,2,0.55,0.55,0.55,2.00,50.00,50.00,50.00
Se,mg/kgTS,combustibles,7,3,0.08,0.08,0.10,2.00,2.00,3.10,3.10
Se,mg/kgTS,metal,3,2,0.25,0.25,0.25,2.00,2.00,2.00,2.00
Se,mg/kgTS,glass,2,1,0.69,0.69,0.69,1.35,2.00,2.00,2.00
Se,mg/kgTS,inert,2,1,0.12,0.12,0.12,1.06,2.00,2.00,2.00
Se,mg/kgTS,mix,10,,0.00,0.00,0.02,0.32,0.46,0.77,0.80
Si,mg/kgTS,organic,1,,488,488,488,488,488,488,488
Si,mg/kgTS,food waste,,,,,,,,,
Si,mg/kgTS,gardening waste,12,,37000,42400,94283,143733,182500,253663,254393
Si,mg/kgTS,paper & cardboard,2,,12200,12200,12200,12400,12600,12600,12600
Si,mg/kgTS,composites,,,,,,,,,
Si,mg/kgTS,plastic,1,,1670,1670,1670,1670,1670,1670,1670
Si,mg/kgTS,combustibles,3,,3980,3980,3980,5110,140000,140000,140000
Si,mg/kgTS,metal,1,,168,168,168,168,168,168,168
Si,mg/kgTS,glass,1,,342000,342000,342000,342000,342000,342000,342000
Si,mg/kgTS,inert,1,,270000,270000,270000,270000,270000,270000,270000
Si,mg/kgTS,mix,24,,1447,1700,7443,38579,54480,64099,69200
Sn,mg/kgTS,organic,10,,1.2,1.5,5.6,8.0,8.9,14.1,14.7
Sn,mg/kgTS,food waste,2,,22.0,22.0,22.0,27.3,32.5,32.5,32.5
Sn,mg/kgTS,gardening waste,13,4,3.0,3.4,7.1,12.0,15.9,26.4,32.2
Sn,mg/kgTS,paper & cardboard,6,1,1.0,1.0,1.2,1.4,12.6,23.5,23.5
Sn,mg/kgTS,composites,2,,32.3,32.3,32.3,40.4,48.5,48.5,48.5
Sn,mg/kgTS,plastic,7,1,0.9,0.9,5.0,17.7,34.0,46.4,46.4
Sn,mg/kgTS,combustibles,20,2,0.6,1.0,3.4,10.3,14.7,21.2,22.4
Sn,mg/kgTS,metal,5,1,67.0,67.0,498.5,1620.0,2745.0,3710.0,3710.0
Sn,mg/kgTS,glass,4,,7.1,7.1,7.5,13.5,20.3,21.0,21.0
Sn,mg/kgTS,inert,6,,0.0,0.0,5.6,16.0,45.9,102.4,102.4
Sn,mg/kgTS,mix,45,,15.0,25.6,42.9,76.1,104.4,126.5,321.0
Sr,mg/kgTS,organic,1,,88.1,88.1,88.1,88.1,88.1,88.1,88.1
Sr,mg/kgTS,food waste,,,,,,,,,
Sr,mg/kgTS,gardening waste,12,,25.0,28.6,56.9,67.6,104.9,803.1,864.0
Sr,mg/kgTS,paper & cardboard,2,,68.5,68.5,68.5,83.5,98.4,98.4,98.4
Sr,mg/kgTS,composites,,,,,,,,,
Sr,mg/kgTS,plastic,1,,13.3,13.3,13.3,13.3,13.3,13.3,13.3
Sr,mg/kgTS,combustibles,2,,20.9,20.9,20.9,29.0,37.0,37.0,37.0
Sr,mg/kgTS,metal,1,,21.5,21.5,21.5,21.5,21.5,21.5,21.5
Sr,mg/kgTS,glass,1,,208.0,208.0,208.0,208.0,208.0,208.0,208.0
Sr,mg/kgTS,inert,1,,208.0,208.0,208.0,208.0,208.0,208.0,208.0
Sr,mg/kgTS,mix,6,,97.0,97.0,115.0,130.0,145.0,163.0,163.0
Ti,mg/kgTS,organic,9,,8,8,34,120,1175,2200,2200
Ti,mg/kgTS,food waste,1,,45,45,45,45,45,45,45
Ti,mg/kgTS,gardening waste,12,,200,230,413,788,1050,1502,1607
Ti,mg/kgTS,paper & cardboard,4,,10,10,10,13,30,34,34
Ti,mg/kgTS,composites,,,,,,,,,
Ti,mg/kgTS,plastic,3,,821,821,821,4200,4433,4433,4433
Ti,mg/kgTS,combustibles,10,,8,8,13,150,1450,2050,2067
Ti,mg/kgTS,metal,5,,46,46,568,1100,2025,2150,2150
Ti,mg/kgTS,glass,3,,230,230,230,250,289,289,289
Ti,mg/kgTS,inert,3,,1533,1533,1533,2000,3730,3730,3730
Ti,mg/kgTS,mix,14,,529,673,1101,1680,2425,2833,2990
V,mg/kgTS,organic,32,,3.90,7.92,9.57,16.22,28.86,33.23,70.00
V,mg/kgTS,food waste,1,1,1.00,1.00,1.00,1.00,1.00,1.00,1.00
V,mg/kgTS,gardening waste,12,,3.00,3.54,7.44,13.03,18.00,23.08,23.85
V,mg/kgTS,paper & cardboard,2,2,1.00,1.00,1.00,1.00,1.00,1.00,1.00
V,mg/kgTS,plastic,2,2,1.00,1.00,1.00,1.00,1.00,1.00,1.00
V,mg/kgTS,combustibles,8,4,1.00,1.00,1.00,1.75,4.38,5.00,5.00
V,mg/kgTS,metal,4,1,1.00,1.00,2.05,20.05,35.73,36.00,36.00
V,mg/kgTS,glass,2,1,1.00,1.00,1.00,1.50,2.00,2.00,2.00
V,mg/kgTS,inert,2,,42.00,42.00,42.00,42.35,42.70,42.70,42.70
V,mg/kgTS,mix,11,,4.39,4.69,7.58,10.20,11.80,17.52,18.40
W,mg/kgTS,organic,,,,,,,,,
W,mg/kgTS,food waste,1,,3.3,3.3,3.3,3.3,3.3,3.3,3.3
W,mg/kgTS,gardening waste,13,4,4.0,4.8,13.0,25.7,31.8,39.4,41.7
W,mg/kgTS,paper & cardboard,,,,,,,,,
W,mg/kgTS,composites,,,,,,,,,
W,mg/kgTS,plastic,,,,,,,,,
W,mg/kgTS,combustibles,,,,,,,,,
W,mg/kgTS,metal,,,,,,,,,
W,mg/kgTS,glass,,,,,,,,,
W,mg/kgTS,inert,,,,,,,,,
W,mg/kgTS,mix,3,,8.0,8.0,8.0,56.0,104.0,104.0,104.0
Y,mg/kgTS,organic,,,,,,,,,
Y,mg/kgTS,food waste,,,,,,,,,
Y,mg/kgTS,gardening waste,12,,1.1,1.4,2.7,4.7,6.5,10.0,10.5
Y,mg/kgTS,paper & cardboard,,,,,,,,,
Y,mg/kgTS,composites,,,,,,,,,
Y,mg/kgTS,plastic,,,,,,,,,
Y,mg/kgTS,combustibles,,,,,,,,,
Y,mg/kgTS,metal,,,,,,,,,
Y,mg/kgTS,glass,,,,,,,,,
Y,mg/kgTS,inert,,,,,,,,,
Y,mg/kgTS,mix,3,,4.4,4.4,4.4,7.9,11.4,11.4,11.4
Zn,mg/kgTS,organic,63,,0.0,28.3,35.7,75.0,182.0,346.0,1010.0
Zn,mg/kgTS,food waste,123,,0.0,7.5,12.1,56.0,144.6,295.8,931.4
Zn,mg/kgTS,gardening waste,30,,0.0,0.7,26.8,64.0,168.3,469.6,696.3
Zn,mg/kgTS,paper & cardboard,88,,0.0,25.3,38.2,77.7,175.5,380.4,1997.0
Zn,mg/kgTS,composites,16,,3.7,9.0,66.1,176.0,1815.7,6153.9,7577.0
Zn,mg/kgTS,plastic,82,,14.3,43.5,107.1,258.7,647.3,1246.9,9204.0
Zn,mg/kgTS,combustibles,133,,0.0,40.8,101.2,230.0,719.5,4121.2,19475.0
Zn,mg/kgTS,metal,64,,0.0,0.0,28.3,103.5,1045.0,30446.0,199000.0
Zn,mg/kgTS,glass,44,,0.0,0.0,26.3,54.5,155.6,277.6,575.9
Zn,mg/kgTS,inert,44,,0.0,28.5,88.0,343.0,807.1,1693.2,2862.2
Zn,mg/kgTS,mix,131,,23.3,70.8,126.3,323.8,1100.0,1704.4,2677.0
Zr,mg/kgTS,organic,,,,,,,,,
Zr,mg/kgTS,food waste,,,,,,,,,
Zr,mg/kgTS,gardening waste,12,,19,22,36,78,125,205,219
Zr,mg/kgTS,paper & cardboard,,,,,,,,,
Zr,mg/kgTS,composites,,,,,,,,,
Zr,mg/kgTS,plastic,,,,,,,,,
Zr,mg/kgTS,combustibles,,,,,,,,,
Zr,mg/kgTS,metal,,,,,,,,,
Zr,mg/kgTS,glass,,,,,,,,,
Zr,mg/kgTS,inert,,,,,,,,,
Zr,mg/kgTS,mix,3,,74,74,74,116,158,158,158
