Material type,Waste flow,Physiochemical property,Unit,min,max,diff,sector
food waste,residual,Ag,mg/kgTS,81.1325,82.3537,0.015051921239947127,MSW_URB_FOOD
food waste,residual,Al,mg/kgTS,2386.4,3035.7,0.2720834730137444,MSW_URB_FOOD
food waste,residual,As,mg/kgTS,2.6002,2.6393,0.015037304822705912,MSW_URB_FOOD
food waste,residual,Au,mg/kgTS,0.0495,0.0606,0.22424242424242422,MSW_URB_FOOD
food waste,residual,Ba,mg/kgTS,11.084,34.529,2.1152111151208954,MSW_URB_FOOD
food waste,residual,Be,mg/kgTS,1.9095,1.93827,0.015066771406127239,MSW_URB_FOOD
food waste,residual,Br,%TS,0.001,0.001,0.0,MSW_URB_FOOD
food waste,residual,C,%TS,43.36,46.01,0.061116236162361594,MSW_URB_FOOD
food waste,residual,Ca,mg/kgTS,10953.4,83752.7,6.646274216225099,MSW_URB_FOOD
food waste,residual,Cd,mg/kgTS,0.05903,0.0864,0.4636625444689142,MSW_URB_FOOD
food waste,residual,Ce,mg/kgTS,0.2179,1.2616,4.789811840293713,MSW_URB_FOOD
food waste,residual,Cl,%TS,0.641233,0.9257,0.443625016179766,MSW_URB_FOOD
food waste,residual,Co,mg/kgTS,0.779,5.35427,5.873260590500641,MSW_URB_FOOD
food waste,residual,Cr,mg/kgTS,4.5209,14.0601,2.110022340684377,MSW_URB_FOOD
food waste,residual,Cs,mg/kgTS,0.5582,0.5666,0.015048369759942606,MSW_URB_FOOD
food waste,residual,Cu,mg/kgTS,5.1023,16.7673,2.2862238598279205,MSW_URB_FOOD
food waste,residual,Dy,mg/kgTS,0.0102,0.059933,4.8757843137254895,MSW_URB_FOOD
food waste,residual,Er,mg/kgTS,0.020433,0.032433,0.5872852738217588,MSW_URB_FOOD
food waste,residual,Eu,mg/kgTS,0.009167,0.018033,0.9671648303698048,MSW_URB_FOOD
food waste,residual,F,%TS,0.001367,0.0037,1.7066569129480615,MSW_URB_FOOD
food waste,residual,Fe,mg/kgTS,321.98,1282.34,2.9826697310391945,MSW_URB_FOOD
food waste,residual,Ga,mg/kgTS,0.64377,1.18427,0.8395855662736692,MSW_URB_FOOD
food waste,residual,Gd,mg/kgTS,0.0136,0.08083,4.9433823529411764,MSW_URB_FOOD
food waste,residual,Ge,mg/kgTS,0.159,0.1614,0.015094339622641418,MSW_URB_FOOD
food waste,residual,H,%TS,7.05067,7.54433,0.07001604102872495,MSW_URB_FOOD
food waste,residual,HHV,MJ/kgTS,18.657,20.519,0.0998016830144181,MSW_URB_FOOD
food waste,residual,Hf,mg/kgTS,0.02123,0.09797,3.6146961846443717,MSW_URB_FOOD
food waste,residual,Hg,μg/kgTS,5.9,9.233,0.5649152542372882,MSW_URB_FOOD
food waste,residual,Ho,mg/kgTS,0.004367,0.0052,0.1907487978016944,MSW_URB_FOOD
food waste,residual,In,mg/kgTS,0.0095,0.009667,0.017578947368421104,MSW_URB_FOOD
food waste,residual,Ir,mg/kgTS,0.0998,0.1013,0.015030060120240494,MSW_URB_FOOD
food waste,residual,K,mg/kgTS,4729.0,10956.8,1.3169380418693168,MSW_URB_FOOD
food waste,residual,LHV,MJ/kgTS,17.1080383077,18.8615861423,0.1024984748725259,MSW_URB_FOOD
food waste,residual,La,mg/kgTS,0.12733,0.6209,3.876305662451897,MSW_URB_FOOD
food waste,residual,Li,mg/kgTS,1.68523,1.94293,0.15291681254190825,MSW_URB_FOOD
food waste,residual,Lu,mg/kgTS,0.006467,0.006567,0.015463120457708406,MSW_URB_FOOD
food waste,residual,Mg,mg/kgTS,1117.98,1232.4,0.10234530134707247,MSW_URB_FOOD
food waste,residual,Mn,mg/kgTS,26.269,51.324,0.9537858312078876,MSW_URB_FOOD
food waste,residual,Mo,mg/kgTS,0.8906,1.1779,0.3225915113406692,MSW_URB_FOOD
food waste,residual,N,%TS,2.00667,4.36667,1.176077780601693,MSW_URB_FOOD
food waste,residual,Na,mg/kgTS,4886.3,8717.7,0.7841106767902094,MSW_URB_FOOD
food waste,residual,Nb,mg/kgTS,0.0935,0.5165,4.524064171122994,MSW_URB_FOOD
food waste,residual,Nd,mg/kgTS,0.1296,0.5132,2.9598765432098766,MSW_URB_FOOD
food waste,residual,Ni,mg/kgTS,10.9866,11.5325,0.04968780150365003,MSW_URB_FOOD
food waste,residual,O,%TS,27.3163,38.033,0.3923188718823561,MSW_URB_FOOD
food waste,residual,P,mg/kgTS,2208.7,11782.2,4.334450129035179,MSW_URB_FOOD
food waste,residual,Pb,mg/kgTS,0.8223,1.9961,1.4274595646357775,MSW_URB_FOOD
food waste,residual,Pd,mg/kgTS,0.062467,0.0634,0.014935886147886025,MSW_URB_FOOD
food waste,residual,Pr,mg/kgTS,0.02653,0.1369,4.160196004523181,MSW_URB_FOOD
food waste,residual,Pt,mg/kgTS,0.059867,0.060767,0.015033323867907279,MSW_URB_FOOD
food waste,residual,Rb,mg/kgTS,4.501,7.4754,0.6608309264607862,MSW_URB_FOOD
food waste,residual,Re,mg/kgTS,0.066833,0.0678,0.014468900094264743,MSW_URB_FOOD
food waste,residual,Rh,mg/kgTS,0.0016,0.001667,0.041875,MSW_URB_FOOD
food waste,residual,Ru,mg/kgTS,0.030933,0.0314,0.01509714544337758,MSW_URB_FOOD
food waste,residual,S,mg/kgTS,5323.1,6909.97,0.2981101238000413,MSW_URB_FOOD
food waste,residual,Sb,mg/kgTS,0.14127,0.2184,0.5459757910384371,MSW_URB_FOOD
food waste,residual,Sc,mg/kgTS,0.1196,0.13897,0.16195652173913053,MSW_URB_FOOD
food waste,residual,Se,mg/kgTS,47.3314,48.0438,0.015051318997536419,MSW_URB_FOOD
food waste,residual,Si,mg/kgTS,4956.0,16874.0,2.4047619047619047,MSW_URB_FOOD
food waste,residual,Sm,mg/kgTS,0.0305,0.07653,1.5091803278688525,MSW_URB_FOOD
food waste,residual,Sn,mg/kgTS,1.99397,6.23983,2.129349990220515,MSW_URB_FOOD
food waste,residual,Sr,mg/kgTS,35.128,150.167,3.274851969938511,MSW_URB_FOOD
food waste,residual,Ta,mg/kgTS,0.076467,0.156133,1.0418350399518748,MSW_URB_FOOD
food waste,residual,Tb,mg/kgTS,0.0037,0.017233,3.657567567567567,MSW_URB_FOOD
food waste,residual,Th,mg/kgTS,0.01973,0.11323,4.738976178408515,MSW_URB_FOOD
food waste,residual,Ti,mg/kgTS,36.398,179.154,3.9220836309687344,MSW_URB_FOOD
food waste,residual,Tl,mg/kgTS,0.3651,0.370567,0.014973979731580388,MSW_URB_FOOD
food waste,residual,Tm,mg/kgTS,0.009267,0.009367,0.010790978741772001,MSW_URB_FOOD
food waste,residual,U,mg/kgTS,0.0134,0.073,4.44776119402985,MSW_URB_FOOD
food waste,residual,V,mg/kgTS,0.6632,1.2947,0.9522014475271411,MSW_URB_FOOD
food waste,residual,VS,%TS,75.9333,89.0667,0.17295968962233954,MSW_URB_FOOD
food waste,residual,W,mg/kgTS,0.6181,2.81477,3.553907134767837,MSW_URB_FOOD
food waste,residual,Yb,mg/kgTS,0.009167,0.031,2.3816952110832332,MSW_URB_FOOD
food waste,residual,Zn,mg/kgTS,39.304,57.32,0.45837573783838786,MSW_URB_FOOD
food waste,residual,Zr,mg/kgTS,0.7842,3.186,3.0627390971690893,MSW_URB_FOOD
food waste,residual,ash,%TS,10.92,24.04,1.2014652014652014,MSW_URB_FOOD
gardening waste,residual,Ag,mg/kgTS,1.1611,42.8973,35.945396606666094,
gardening waste,residual,Al,mg/kgTS,1312.9,16579.2,11.62792291872953,
gardening waste,residual,As,mg/kgTS,2.1687,14.3164,5.601374095080002,
gardening waste,residual,Au,mg/kgTS,0.15662,1.00413,5.411250159622015,
gardening waste,residual,Ba,mg/kgTS,37.759,283.779,6.515532720675865,
gardening waste,residual,Be,mg/kgTS,1.3381,1.84287,0.37722890665869513,
gardening waste,residual,Br,%TS,0.001,0.002433,1.4329999999999998,
gardening waste,residual,C,%TS,27.8433,45.4167,0.6311536348062191,
gardening waste,residual,Ca,mg/kgTS,9890.5,73042.5,6.385117031494869,
gardening waste,residual,Cd,mg/kgTS,0.15663,1.67437,9.68996999297708,
gardening waste,residual,Ce,mg/kgTS,1.8228,14.3323,6.8627935044985735,
gardening waste,residual,Cl,%TS,0.076533,0.479267,5.262226751858675,
gardening waste,residual,Co,mg/kgTS,0.61803,2.46205,2.9837062925747944,
gardening waste,residual,Cr,mg/kgTS,5.8394,38.8613,5.655015926293797,
gardening waste,residual,Cs,mg/kgTS,0.6726,11.3373,15.855932203389834,
gardening waste,residual,Cu,mg/kgTS,20.5269,80.8818,2.940283238092454,
gardening waste,residual,Dy,mg/kgTS,0.107267,0.8616,7.032293249554849,
gardening waste,residual,Er,mg/kgTS,0.066967,0.524167,6.827243269072828,
gardening waste,residual,Eu,mg/kgTS,0.042833,0.223367,4.2148343566876,
gardening waste,residual,F,%TS,0.001333,0.0092,5.901725431357839,
gardening waste,residual,Fe,mg/kgTS,1142.6,7292.97,5.382784876597236,
gardening waste,residual,Ga,mg/kgTS,1.3238,8.51603,5.433018582867502,
gardening waste,residual,Gd,mg/kgTS,0.1308,1.63517,11.501299694189603,
gardening waste,residual,Ge,mg/kgTS,0.1663,0.510167,2.0677510523150935,
gardening waste,residual,H,%TS,4.56933,6.168,0.34986967454747203,
gardening waste,residual,HHV,MJ/kgTS,11.3347,18.371,0.6207751418211332,
gardening waste,residual,Hf,mg/kgTS,0.2751,1.04748,2.8076335877862593,
gardening waste,residual,Hg,μg/kgTS,6.6,48.833,6.3989393939393935,
gardening waste,residual,Ho,mg/kgTS,0.030667,0.160467,4.232562689535984,
gardening waste,residual,In,mg/kgTS,0.00895,0.041233,3.6070391061452516,
gardening waste,residual,Ir,mg/kgTS,0.194967,0.566333,1.9047633702113689,
gardening waste,residual,K,mg/kgTS,3300.6,16132.6,3.8877779797612555,
gardening waste,residual,LHV,MJ/kgTS,10.3308638923,17.015952079999998,0.6470986606146905,
gardening waste,residual,La,mg/kgTS,0.8806,7.8019,7.859754712695889,
gardening waste,residual,Li,mg/kgTS,4.99435,7.95343,0.592485508624746,
gardening waste,residual,Lu,mg/kgTS,0.017833,0.121567,5.816968541468064,
gardening waste,residual,Mg,mg/kgTS,1026.05,6226.44,5.068359241752351,
gardening waste,residual,Mn,mg/kgTS,123.668,395.222,2.1958307727140407,
gardening waste,residual,Mo,mg/kgTS,1.0079,10.6234,9.54013294969739,
gardening waste,residual,N,%TS,1.24333,2.92333,1.351210056863423,
gardening waste,residual,Na,mg/kgTS,1798.5,14120.1,6.851042535446205,
gardening waste,residual,Nb,mg/kgTS,0.47563,3.6044,6.5781594937241135,
gardening waste,residual,Nd,mg/kgTS,0.6502,11.3245,16.416948631190404,
gardening waste,residual,Ni,mg/kgTS,3.9637,12.0806,2.0478088654539954,
gardening waste,residual,O,%TS,28.8548,40.8888,0.4170536617824418,
gardening waste,residual,P,mg/kgTS,991.0,38988.3,38.34238143289607,
gardening waste,residual,Pb,mg/kgTS,1.9703,12.8062,5.499619347307517,
gardening waste,residual,Pd,mg/kgTS,0.154517,0.9618,5.22455781564488,
gardening waste,residual,Pr,mg/kgTS,0.2015,3.3781,15.764764267990072,
gardening waste,residual,Pt,mg/kgTS,0.021267,0.0607,1.8541872384445381,
gardening waste,residual,Rb,mg/kgTS,9.5226,32.9758,2.462898788146094,
gardening waste,residual,Re,mg/kgTS,0.0338,0.052017,0.5389644970414202,
gardening waste,residual,Rh,mg/kgTS,0.006333,0.009633,0.521080056845097,
gardening waste,residual,Ru,mg/kgTS,0.0077,0.01995,1.5909090909090906,
gardening waste,residual,S,mg/kgTS,1177.33,6070.9,4.156498178080912,
gardening waste,residual,Sb,mg/kgTS,0.2928,3.9507,12.492827868852459,
gardening waste,residual,Sc,mg/kgTS,0.2681,1.72237,5.424356583364416,
gardening waste,residual,Se,mg/kgTS,57.5829,67.6746,0.17525515387380622,
gardening waste,residual,Si,mg/kgTS,17822.0,93299.0,4.2350465716530135,
gardening waste,residual,Sm,mg/kgTS,0.12567,1.03697,7.251531789607703,
gardening waste,residual,Sn,mg/kgTS,2.192,5.08203,1.3184443430656931,
gardening waste,residual,Sr,mg/kgTS,37.317,102.494,1.7465766272744323,
gardening waste,residual,Ta,mg/kgTS,0.188467,0.656983,2.4859312240339158,
gardening waste,residual,Tb,mg/kgTS,0.017833,0.1605,8.000168227443503,
gardening waste,residual,Th,mg/kgTS,0.46893,5.2471,10.189516558974685,
gardening waste,residual,Ti,mg/kgTS,109.822,640.635,4.83339403762452,
gardening waste,residual,Tl,mg/kgTS,0.45145,0.9499,1.104108982168568,
gardening waste,residual,Tm,mg/kgTS,0.0159,0.092167,4.796666666666667,
gardening waste,residual,U,mg/kgTS,0.11637,1.271,9.922058949901176,
gardening waste,residual,V,mg/kgTS,1.8786,13.733,6.31023102310231,
gardening waste,residual,VS,%TS,56.8667,91.0667,0.6014064470067719,
gardening waste,residual,W,mg/kgTS,0.78023,9.33962,10.970342078617845,
gardening waste,residual,Yb,mg/kgTS,0.0643,0.685033,9.65370139968896,
gardening waste,residual,Zn,mg/kgTS,67.78,939.905,12.866996164060195,
gardening waste,residual,Zr,mg/kgTS,5.4269,40.3291,6.431332805100517,
gardening waste,residual,ash,%TS,8.9233,43.1267,3.8330438290766873,
glass,residual,Ag,mg/kgTS,1.1575,1.2845,0.10971922246220303,MSW_URB_GLA
glass,residual,Al,mg/kgTS,6576.0,10551.0,0.604470802919708,MSW_URB_GLA
glass,residual,As,mg/kgTS,2.41,13.56,4.62655601659751,MSW_URB_GLA
glass,residual,Au,mg/kgTS,0.221,0.233667,0.05731674208144802,MSW_URB_GLA
glass,residual,Ba,mg/kgTS,385.46,5529.2,13.344419654438852,MSW_URB_GLA
glass,residual,Be,mg/kgTS,1.33397,1.41047,0.057347616513114825,MSW_URB_GLA
glass,residual,Br,%TS,0.001,0.001,0.0,MSW_URB_GLA
glass,residual,C,%TS,0.2533,1.6033,5.32964863797868,MSW_URB_GLA
glass,residual,Ca,mg/kgTS,64090.0,78877.0,0.23072242159463255,MSW_URB_GLA
glass,residual,Cd,mg/kgTS,0.15807,1.3274,7.3975453912823435,MSW_URB_GLA
glass,residual,Ce,mg/kgTS,15.84,229.599,13.494886363636363,MSW_URB_GLA
glass,residual,Cl,%TS,0.00517,0.03393,5.562862669245648,MSW_URB_GLA
glass,residual,Co,mg/kgTS,1.229,7.893,5.422294548413343,MSW_URB_GLA
glass,residual,Cr,mg/kgTS,3.85,970.15,250.98701298701297,MSW_URB_GLA
glass,residual,Cs,mg/kgTS,1.0653,7.3001,5.852623674082419,MSW_URB_GLA
glass,residual,Cu,mg/kgTS,4.233,24.614,4.814788566028821,MSW_URB_GLA
glass,residual,Dy,mg/kgTS,0.37883,0.62293,0.6443523480189003,MSW_URB_GLA
glass,residual,Er,mg/kgTS,0.9604,23.5881,23.56070387338609,MSW_URB_GLA
glass,residual,Eu,mg/kgTS,0.20267,0.7053,2.4800414466867324,MSW_URB_GLA
glass,residual,F,%TS,0.001,0.027267,26.267,MSW_URB_GLA
glass,residual,Fe,mg/kgTS,297.4,2933.9,8.86516476126429,MSW_URB_GLA
glass,residual,Ga,mg/kgTS,7.7759,88.4225,10.371352512249386,MSW_URB_GLA
glass,residual,Gd,mg/kgTS,0.55413,1.37263,1.4770902134878097,MSW_URB_GLA
glass,residual,Ge,mg/kgTS,0.55443,0.67167,0.21146041880850605,MSW_URB_GLA
glass,residual,H,%TS,0.11445,0.22333,0.9513324595893404,MSW_URB_GLA
glass,residual,HHV,MJ/kgTS,0.2,0.746733,2.7336649999999993,MSW_URB_GLA
glass,residual,Hf,mg/kgTS,2.67577,3.9397,0.4723612268618006,MSW_URB_GLA
glass,residual,Hg,μg/kgTS,2.4,2.4,0.0,MSW_URB_GLA
glass,residual,Ho,mg/kgTS,0.082533,0.143433,0.7378866635164117,MSW_URB_GLA
glass,residual,In,mg/kgTS,0.007567,0.022267,1.9426456984273819,MSW_URB_GLA
glass,residual,Ir,mg/kgTS,0.28097,0.29707,0.057301491262412366,MSW_URB_GLA
glass,residual,K,mg/kgTS,4294.3,6058.6,0.4108469366369374,MSW_URB_GLA
glass,residual,LHV,MJ/kgTS,0.174713681,0.7095328922999999,3.0611181004193933,MSW_URB_GLA
glass,residual,La,mg/kgTS,3.4538,19.1528,4.545428223985175,MSW_URB_GLA
glass,residual,Li,mg/kgTS,29.111,247.769,7.511181340386796,MSW_URB_GLA
glass,residual,Lu,mg/kgTS,0.036267,0.087467,1.4117517302230678,MSW_URB_GLA
glass,residual,Mg,mg/kgTS,3506.0,12449.9,2.551026811180833,MSW_URB_GLA
glass,residual,Mn,mg/kgTS,57.09,321.02,4.6230513224732865,MSW_URB_GLA
glass,residual,Mo,mg/kgTS,1.41843,8.07063,4.689833125356908,MSW_URB_GLA
glass,residual,N,%TS,0.039808,0.07,0.7584405144694534,MSW_URB_GLA
glass,residual,Na,mg/kgTS,83307.0,98601.0,0.18358601318016493,MSW_URB_GLA
glass,residual,Nb,mg/kgTS,0.8068,6.6006,7.181209717402083,MSW_URB_GLA
glass,residual,Nd,mg/kgTS,2.6829,10.2781,2.8309664914830965,MSW_URB_GLA
glass,residual,Ni,mg/kgTS,2.4631,11.4175,3.6354187812106695,MSW_URB_GLA
glass,residual,O,%TS,0.35167,1.394,2.963943469730145,MSW_URB_GLA
glass,residual,P,mg/kgTS,109.8,174.7,0.5910746812386156,MSW_URB_GLA
glass,residual,Pb,mg/kgTS,26.15,163.84,5.265391969407266,MSW_URB_GLA
glass,residual,Pd,mg/kgTS,0.239767,0.2535,0.05727643920973276,MSW_URB_GLA
glass,residual,Pr,mg/kgTS,0.68777,3.5359,4.141108219317505,MSW_URB_GLA
glass,residual,Pt,mg/kgTS,0.0187,0.019833,0.06058823529411757,MSW_URB_GLA
glass,residual,Rb,mg/kgTS,17.555,36.187,1.0613500427228708,MSW_URB_GLA
glass,residual,Re,mg/kgTS,0.0337,0.035633,0.057359050445103775,MSW_URB_GLA
glass,residual,Rh,mg/kgTS,0.007567,0.013067,0.7268402273027621,MSW_URB_GLA
glass,residual,Ru,mg/kgTS,0.0075,0.0079,0.053333333333333476,MSW_URB_GLA
glass,residual,S,mg/kgTS,234.17,1138.93,3.8636887731135507,MSW_URB_GLA
glass,residual,Sb,mg/kgTS,5.4705,45.4251,7.303646833013435,MSW_URB_GLA
glass,residual,Sc,mg/kgTS,1.0547,1.6513,0.5656584810846687,MSW_URB_GLA
glass,residual,Se,mg/kgTS,64.6732,68.3819,0.057345237285305314,MSW_URB_GLA
glass,residual,Si,mg/kgTS,241918.0,344649.0,0.4246521548623914,MSW_URB_GLA
glass,residual,Sm,mg/kgTS,0.41853,0.9533,1.2777339736697488,MSW_URB_GLA
glass,residual,Sn,mg/kgTS,2.1975,32.8548,13.950989761092151,MSW_URB_GLA
glass,residual,Sr,mg/kgTS,68.149,204.856,2.00600155541534,MSW_URB_GLA
glass,residual,Ta,mg/kgTS,0.22243,0.7727,2.47390190172189,MSW_URB_GLA
glass,residual,Tb,mg/kgTS,0.0796,0.125467,0.576218592964824,MSW_URB_GLA
glass,residual,Th,mg/kgTS,0.8479,1.7887,1.109564807170657,MSW_URB_GLA
glass,residual,Ti,mg/kgTS,151.25,505.34,2.341090909090909,MSW_URB_GLA
glass,residual,Tl,mg/kgTS,0.5132,0.54263,0.05734606391270451,MSW_URB_GLA
glass,residual,Tm,mg/kgTS,0.029333,0.0826,1.815941090239662,MSW_URB_GLA
glass,residual,U,mg/kgTS,0.5229,0.82823,0.5839166188563778,MSW_URB_GLA
glass,residual,V,mg/kgTS,1.596,13.125,7.223684210526315,MSW_URB_GLA
glass,residual,VS,%TS,0.22667,4.77667,20.073234217143863,MSW_URB_GLA
glass,residual,W,mg/kgTS,0.3931,1.0078,1.5637242431951157,MSW_URB_GLA
glass,residual,Yb,mg/kgTS,0.26143,0.40433,0.5466090349233066,MSW_URB_GLA
glass,residual,Zn,mg/kgTS,30.86,445.04,13.421257290991575,MSW_URB_GLA
glass,residual,Zr,mg/kgTS,100.435,149.735,0.49086473838801226,MSW_URB_GLA
glass,residual,ash,%TS,95.2233,99.7733,0.04778242299941308,MSW_URB_GLA
glass,source-segegated,Ag,mg/kgTS,1.1524,85.4653,73.16287747309961,MSW_URB_GLA
glass,source-segegated,Al,mg/kgTS,6895.0,9199.0,0.33415518491660623,MSW_URB_GLA
glass,source-segegated,As,mg/kgTS,10.14,1534.95,150.3757396449704,MSW_URB_GLA
glass,source-segegated,Au,mg/kgTS,0.153667,0.223967,0.45748273864915695,MSW_URB_GLA
glass,source-segegated,Ba,mg/kgTS,503.26,1224.77,1.4336724555895561,MSW_URB_GLA
glass,source-segegated,Be,mg/kgTS,1.32807,2.69373,1.0283042309516817,MSW_URB_GLA
glass,source-segegated,Br,%TS,0.001,0.001,0.0,MSW_URB_GLA
glass,source-segegated,C,%TS,0.138,0.63,3.5652173913043477,MSW_URB_GLA
glass,source-segegated,Ca,mg/kgTS,64118.0,78934.0,0.23107395739106024,MSW_URB_GLA
glass,source-segegated,Cd,mg/kgTS,0.13827,1.0574,6.647356621103637,MSW_URB_GLA
glass,source-segegated,Ce,mg/kgTS,19.403,96.808,3.9893315466680415,MSW_URB_GLA
glass,source-segegated,Cl,%TS,0.00273,0.00697,1.5531135531135531,MSW_URB_GLA
glass,source-segegated,Co,mg/kgTS,1.366,8.833,5.466325036603221,MSW_URB_GLA
glass,source-segegated,Cr,mg/kgTS,12.29,1187.35,95.61106590724167,MSW_URB_GLA
glass,source-segegated,Cs,mg/kgTS,1.2366,25.8169,19.877324923176452,MSW_URB_GLA
glass,source-segegated,Cu,mg/kgTS,4.812,266.263,54.333125519534484,MSW_URB_GLA
glass,source-segegated,Dy,mg/kgTS,0.309,0.5728,0.8537216828478964,MSW_URB_GLA
glass,source-segegated,Er,mg/kgTS,1.4751,9.9331,5.733848552640499,MSW_URB_GLA
glass,source-segegated,Eu,mg/kgTS,0.16307,0.20023,0.22787759857729808,MSW_URB_GLA
glass,source-segegated,F,%TS,0.001,0.011733,10.732999999999999,MSW_URB_GLA
glass,source-segegated,Fe,mg/kgTS,477.8,2916.3,5.103599832565927,MSW_URB_GLA
glass,source-segegated,Ga,mg/kgTS,10.1325,24.802,1.447767086109055,MSW_URB_GLA
glass,source-segegated,Gd,mg/kgTS,0.4597,0.83,0.8055253426147486,MSW_URB_GLA
glass,source-segegated,Ge,mg/kgTS,0.57527,1.63337,1.8393102369322234,MSW_URB_GLA
glass,source-segegated,H,%TS,0.11447,0.11501,0.004717393203459411,MSW_URB_GLA
glass,source-segegated,HHV,MJ/kgTS,0.2,0.2,0.0,MSW_URB_GLA
glass,source-segegated,Hf,mg/kgTS,2.7188,3.23583,0.19016845667206125,MSW_URB_GLA
glass,source-segegated,Hg,μg/kgTS,2.4,2.4,0.0,MSW_URB_GLA
glass,source-segegated,Ho,mg/kgTS,0.070133,0.110467,0.575107296137339,MSW_URB_GLA
glass,source-segegated,In,mg/kgTS,0.014233,0.084267,4.92053678072086,MSW_URB_GLA
glass,source-segegated,Ir,mg/kgTS,0.2797,1.63413,4.842438326778692,MSW_URB_GLA
glass,source-segegated,K,mg/kgTS,3605.8,6676.4,0.8515724665816183,MSW_URB_GLA
glass,source-segegated,LHV,MJ/kgTS,0.17473345310000002,0.17485208570000002,0.0006789346739007559,MSW_URB_GLA
glass,source-segegated,La,mg/kgTS,3.9014,10.9787,1.814041113446455,MSW_URB_GLA
glass,source-segegated,Li,mg/kgTS,11.709,27.55,1.3528909385942438,MSW_URB_GLA
glass,source-segegated,Lu,mg/kgTS,0.035667,0.047367,0.32803431743628575,MSW_URB_GLA
glass,source-segegated,Mg,mg/kgTS,8486.9,11372.4,0.3399945798819357,MSW_URB_GLA
glass,source-segegated,Mn,mg/kgTS,49.2,150.3,2.054878048780488,MSW_URB_GLA
glass,source-segegated,Mo,mg/kgTS,0.75913,1.7827,1.3483461330733866,MSW_URB_GLA
glass,source-segegated,N,%TS,0.039815,0.040004,0.004746954665327006,MSW_URB_GLA
glass,source-segegated,Na,mg/kgTS,81371.0,107693.0,0.3234813385604208,MSW_URB_GLA
glass,source-segegated,Nb,mg/kgTS,0.9497,4.3735,3.605138464778351,MSW_URB_GLA
glass,source-segegated,Nd,mg/kgTS,2.5391,7.2495,1.8551455240045687,MSW_URB_GLA
glass,source-segegated,Ni,mg/kgTS,1.9924,12.054,5.04998996185505,MSW_URB_GLA
glass,source-segegated,O,%TS,0.2104,0.285,0.3545627376425854,MSW_URB_GLA
glass,source-segegated,P,mg/kgTS,79.1,184.6,1.333754740834387,MSW_URB_GLA
glass,source-segegated,Pb,mg/kgTS,27.6,151.79,4.49963768115942,MSW_URB_GLA
glass,source-segegated,Pd,mg/kgTS,0.098433,0.242967,1.4683490292889578,MSW_URB_GLA
glass,source-segegated,Pr,mg/kgTS,0.67053,2.21043,2.2965415417654698,MSW_URB_GLA
glass,source-segegated,Pt,mg/kgTS,0.018667,0.061033,2.269566614881877,MSW_URB_GLA
glass,source-segegated,Rb,mg/kgTS,13.771,35.523,1.579551230847433,MSW_URB_GLA
glass,source-segegated,Re,mg/kgTS,0.033567,0.106167,2.162838502100277,MSW_URB_GLA
glass,source-segegated,Rh,mg/kgTS,0.0021,0.0126,5.000000000000001,MSW_URB_GLA
glass,source-segegated,Ru,mg/kgTS,0.007467,0.031533,3.2229811169144233,MSW_URB_GLA
glass,source-segegated,S,mg/kgTS,213.23,2340.03,9.974206256155327,MSW_URB_GLA
glass,source-segegated,Sb,mg/kgTS,15.0027,26.9356,0.7953834976370919,MSW_URB_GLA
glass,source-segegated,Sc,mg/kgTS,1.157,1.6771,0.4495246326707001,MSW_URB_GLA
glass,source-segegated,Se,mg/kgTS,48.2502,65.5411,0.3583591363351862,MSW_URB_GLA
glass,source-segegated,Si,mg/kgTS,330813.0,338156.0,0.022196830233394697,MSW_URB_GLA
glass,source-segegated,Sm,mg/kgTS,0.4023,0.61273,0.5230673626646781,MSW_URB_GLA
glass,source-segegated,Sn,mg/kgTS,7.4585,26.445,2.5456190923107864,MSW_URB_GLA
glass,source-segegated,Sr,mg/kgTS,68.997,274.38,2.976694638897343,MSW_URB_GLA
glass,source-segegated,Ta,mg/kgTS,0.16947,0.7739,3.5665899569245294,MSW_URB_GLA
glass,source-segegated,Tb,mg/kgTS,0.0792,0.1186,0.4974747474747473,MSW_URB_GLA
glass,source-segegated,Th,mg/kgTS,0.8402,1.5187,0.8075458224232326,MSW_URB_GLA
glass,source-segegated,Ti,mg/kgTS,124.07,355.89,1.8684613524623197,MSW_URB_GLA
glass,source-segegated,Tl,mg/kgTS,0.5109,0.6108,0.19553728714034055,MSW_URB_GLA
glass,source-segegated,Tm,mg/kgTS,0.031,0.042367,0.3666774193548388,MSW_URB_GLA
glass,source-segegated,U,mg/kgTS,0.42,0.77243,0.8391190476190475,MSW_URB_GLA
glass,source-segegated,V,mg/kgTS,2.355,14.226,5.040764331210191,MSW_URB_GLA
glass,source-segegated,VS,%TS,0.39,0.80667,1.0683846153846153,MSW_URB_GLA
glass,source-segegated,W,mg/kgTS,0.5046,0.9796,0.9413396749900911,MSW_URB_GLA
glass,source-segegated,Yb,mg/kgTS,0.2497,0.3843,0.5390468562274728,MSW_URB_GLA
glass,source-segegated,Zn,mg/kgTS,56.83,396.15,5.970790075664262,MSW_URB_GLA
glass,source-segegated,Zr,mg/kgTS,101.529,126.843,0.249327778270248,MSW_URB_GLA
glass,source-segegated,ash,%TS,99.1933,99.61,0.00420088856807875,MSW_URB_GLA
paper & cardboard,residual,Ag,mg/kgTS,0.5328032,83.8523,156.3794977207344,MSW_URB_PAP
paper & cardboard,residual,Al,mg/kgTS,706.0241000000001,15064.406400000003,20.336957761073595,MSW_URB_PAP
paper & cardboard,residual,As,mg/kgTS,0.9538359999999999,8.667693400000001,8.08719465400761,MSW_URB_PAP
paper & cardboard,residual,Au,mg/kgTS,0.0157744,1.3505574999999999,84.61704407140682,MSW_URB_PAP
paper & cardboard,residual,Ba,mg/kgTS,6.25,150.48696,23.077913600000002,MSW_URB_PAP
paper & cardboard,residual,Be,mg/kgTS,0.9538414,2.7986208199999996,1.9340525793910808,MSW_URB_PAP
paper & cardboard,residual,Br,%TS,0.001,0.001333,0.33299999999999996,MSW_URB_PAP
paper & cardboard,residual,C,%TS,33.805044,49.431882,0.46226350126921883,MSW_URB_PAP
paper & cardboard,residual,Ca,mg/kgTS,7831.0,94828.18,11.109332141488954,MSW_URB_PAP
paper & cardboard,residual,Cd,mg/kgTS,0.0511,1.1513184500000002,21.530693737769084,MSW_URB_PAP
paper & cardboard,residual,Ce,mg/kgTS,0.6663,7.728331499999999,10.598876632147679,MSW_URB_PAP
paper & cardboard,residual,Cl,%TS,0.03174394,0.516433,15.268711445397138,MSW_URB_PAP
paper & cardboard,residual,Co,mg/kgTS,0.4464,5.080878500000001,10.381896281362009,MSW_URB_PAP
paper & cardboard,residual,Cr,mg/kgTS,1.1823839999999999,10.282168900000002,7.696133320477953,MSW_URB_PAP
paper & cardboard,residual,Cs,mg/kgTS,0.25844183,3.7222263599999996,13.402569274486256,MSW_URB_PAP
paper & cardboard,residual,Cu,mg/kgTS,10.133569,73.73802699999999,6.276609751214009,MSW_URB_PAP
paper & cardboard,residual,Dy,mg/kgTS,0.0238,0.601136284,24.257827058823523,MSW_URB_PAP
paper & cardboard,residual,Er,mg/kgTS,0.020767,0.441639971,20.266430924062217,MSW_URB_PAP
paper & cardboard,residual,Eu,mg/kgTS,0.010933,0.386555794,34.35679081679319,MSW_URB_PAP
paper & cardboard,residual,F,%TS,0.0010428890000000002,0.0078169,6.4954285643055005,MSW_URB_PAP
paper & cardboard,residual,Fe,mg/kgTS,234.03799999999998,2619.7009,10.193485245985695,MSW_URB_PAP
paper & cardboard,residual,Ga,mg/kgTS,0.6798,4.5022105,5.6228456899087975,MSW_URB_PAP
paper & cardboard,residual,Gd,mg/kgTS,0.03143,0.7007017000000001,21.294040725421578,MSW_URB_PAP
paper & cardboard,residual,Ge,mg/kgTS,0.15265005999999998,0.171489909,0.1234185495898267,MSW_URB_PAP
paper & cardboard,residual,H,%TS,5.06844,8.7970588,0.7356541263189463,MSW_URB_PAP
paper & cardboard,residual,HHV,MJ/kgTS,12.0256208,24.7798,1.060583849442517,MSW_URB_PAP
paper & cardboard,residual,Hf,mg/kgTS,0.07881182,0.5582824799999999,6.083740484612586,MSW_URB_PAP
paper & cardboard,residual,Hg,μg/kgTS,4.88706,28.067,4.743125723850332,MSW_URB_PAP
paper & cardboard,residual,Ho,mg/kgTS,0.004467,0.35957010600000006,79.4947629281397,MSW_URB_PAP
paper & cardboard,residual,In,mg/kgTS,0.005966928000000001,0.030623683,4.1322360517841,MSW_URB_PAP
paper & cardboard,residual,Ir,mg/kgTS,0.025866590000000002,0.16850806000000002,5.514506164129095,MSW_URB_PAP
paper & cardboard,residual,K,mg/kgTS,573.1787999999999,4457.77,6.777276479869809,MSW_URB_PAP
paper & cardboard,residual,LHV,MJ/kgTS,10.822189868414,23.272638724000004,1.150455592349594,MSW_URB_PAP
paper & cardboard,residual,La,mg/kgTS,0.34687,4.04694428,10.667034566264018,MSW_URB_PAP
paper & cardboard,residual,Li,mg/kgTS,0.6804226,4.653886699999999,5.839700356807666,MSW_URB_PAP
paper & cardboard,residual,Lu,mg/kgTS,0.0067,0.7109405200000001,105.11052537313434,MSW_URB_PAP
paper & cardboard,residual,Mg,mg/kgTS,523.56543,1941.8441500000001,2.708885344091569,MSW_URB_PAP
paper & cardboard,residual,Mn,mg/kgTS,21.212877,84.292509,2.9736481289171666,MSW_URB_PAP
paper & cardboard,residual,Mo,mg/kgTS,0.42988422000000004,1.66573327,2.8748416259615204,MSW_URB_PAP
paper & cardboard,residual,N,%TS,0.151654,0.948,5.251071518060849,MSW_URB_PAP
paper & cardboard,residual,Na,mg/kgTS,1061.1636899999999,4215.43,2.9724597060044533,MSW_URB_PAP
paper & cardboard,residual,Nb,mg/kgTS,0.042502813,0.486767,10.452583150202317,MSW_URB_PAP
paper & cardboard,residual,Nd,mg/kgTS,0.21367,2.86600671,12.413238685823934,MSW_URB_PAP
paper & cardboard,residual,Ni,mg/kgTS,0.619198,10.9725,16.720502973200816,MSW_URB_PAP
paper & cardboard,residual,O,%TS,34.8705,46.795,0.34196527150456696,MSW_URB_PAP
paper & cardboard,residual,P,mg/kgTS,98.5572,1195.93,11.134374759023189,MSW_URB_PAP
paper & cardboard,residual,Pb,mg/kgTS,0.8868039999999999,20.778007499999998,22.43021400444743,MSW_URB_PAP
paper & cardboard,residual,Pd,mg/kgTS,0.064567,0.40146446500000005,5.21779647497948,MSW_URB_PAP
paper & cardboard,residual,Pr,mg/kgTS,0.06183,1.0735303500000002,16.362612809315866,MSW_URB_PAP
paper & cardboard,residual,Pt,mg/kgTS,0.012233309000000001,0.065016401,4.3147027513161,MSW_URB_PAP
paper & cardboard,residual,Rb,mg/kgTS,1.2879584,9.9710976,6.741785448971022,MSW_URB_PAP
paper & cardboard,residual,Re,mg/kgTS,0.00382112,0.069067,17.075066996063985,MSW_URB_PAP
paper & cardboard,residual,Rh,mg/kgTS,0.000838961,0.0017,1.0263158835750408,MSW_URB_PAP
paper & cardboard,residual,Ru,mg/kgTS,0.011405071999999999,0.031967,1.802875773164782,MSW_URB_PAP
paper & cardboard,residual,S,mg/kgTS,513.9368000000001,4810.47,8.360041935117312,MSW_URB_PAP
paper & cardboard,residual,Sb,mg/kgTS,0.04743616,0.87783,17.505502974945696,MSW_URB_PAP
paper & cardboard,residual,Sc,mg/kgTS,0.14563,0.8280571199999999,4.68603392158209,MSW_URB_PAP
paper & cardboard,residual,Se,mg/kgTS,35.2822422,48.918,0.38647650913750603,MSW_URB_PAP
paper & cardboard,residual,Si,mg/kgTS,797.3153100000001,8604.23,9.791502297880118,MSW_URB_PAP
paper & cardboard,residual,Sm,mg/kgTS,0.03137,0.80527914,24.670358304112206,MSW_URB_PAP
paper & cardboard,residual,Sn,mg/kgTS,0.406172,8.324843999999999,19.495858897215957,MSW_URB_PAP
paper & cardboard,residual,Sr,mg/kgTS,18.943,268.508985,13.174575568811697,MSW_URB_PAP
paper & cardboard,residual,Ta,mg/kgTS,0.003109682,0.077867,24.040180957409795,MSW_URB_PAP
paper & cardboard,residual,Tb,mg/kgTS,0.006367,0.050940931999999994,7.000774619129888,MSW_URB_PAP
paper & cardboard,residual,Th,mg/kgTS,0.05287,3.2130113900000006,59.77191961414792,MSW_URB_PAP
paper & cardboard,residual,Ti,mg/kgTS,4.968559999999999,182.994,35.83038948910752,MSW_URB_PAP
paper & cardboard,residual,Tl,mg/kgTS,0.05093889,1.4099360099999998,26.678970036449552,MSW_URB_PAP
paper & cardboard,residual,Tm,mg/kgTS,0.00953,0.7018972800000001,72.65134102833159,MSW_URB_PAP
paper & cardboard,residual,U,mg/kgTS,0.0314,0.9909781200000001,30.55981273885351,MSW_URB_PAP
paper & cardboard,residual,V,mg/kgTS,0.96719,3.12277215,2.2287059936517126,MSW_URB_PAP
paper & cardboard,residual,VS,%TS,65.9724406,93.32,0.4145300545391676,MSW_URB_PAP
paper & cardboard,residual,W,mg/kgTS,0.23908815000000003,1.2479571,4.219652667854931,MSW_URB_PAP
paper & cardboard,residual,Yb,mg/kgTS,0.025867,0.415303402,15.055336993079983,MSW_URB_PAP
paper & cardboard,residual,Zn,mg/kgTS,9.3538,38.064879,3.0694561568560372,MSW_URB_PAP
paper & cardboard,residual,Zr,mg/kgTS,2.237062,30.180242,12.491017235999717,MSW_URB_PAP
paper & cardboard,residual,ash,%TS,6.68,34.0275594,4.093946017964072,MSW_URB_PAP
paper & cardboard,source-segegated,Ag,mg/kgTS,0.5204,0.5674929999999999,0.09049385088393533,MSW_URB_PAP
paper & cardboard,source-segegated,Al,mg/kgTS,1152.2418,10215.4801,7.865743370879272,MSW_URB_PAP
paper & cardboard,source-segegated,As,mg/kgTS,0.9294,1.2714397,0.3680220572412308,MSW_URB_PAP
paper & cardboard,source-segegated,Au,mg/kgTS,0.0074,0.0119209,0.6109324324324323,MSW_URB_PAP
paper & cardboard,source-segegated,Ba,mg/kgTS,7.04,765.4604200000001,107.73017329545456,MSW_URB_PAP
paper & cardboard,source-segegated,Be,mg/kgTS,0.92937,0.9584685500000001,0.0313099734228564,MSW_URB_PAP
paper & cardboard,source-segegated,Br,%TS,0.0009989999999999999,0.00193108,0.9330130130130132,MSW_URB_PAP
paper & cardboard,source-segegated,C,%TS,34.52,44.08,0.27694090382387004,MSW_URB_PAP
paper & cardboard,source-segegated,Ca,mg/kgTS,11126.0,86500.0,6.774582060039547,MSW_URB_PAP
paper & cardboard,source-segegated,Cd,mg/kgTS,0.05603,0.13086108,1.3355538104586826,MSW_URB_PAP
paper & cardboard,source-segegated,Ce,mg/kgTS,0.7302,9.483237899999999,11.987178718159408,MSW_URB_PAP
paper & cardboard,source-segegated,Cl,%TS,0.018901322,0.397467,20.028529115582497,MSW_URB_PAP
paper & cardboard,source-segegated,Co,mg/kgTS,0.2368,1.6121,5.807854729729731,MSW_URB_PAP
paper & cardboard,source-segegated,Cr,mg/kgTS,1.97002,8.0840341,3.103528948944681,MSW_URB_PAP
paper & cardboard,source-segegated,Cs,mg/kgTS,0.2169,0.50693118,1.3371654218533888,MSW_URB_PAP
paper & cardboard,source-segegated,Cu,mg/kgTS,5.521388,76.375927,12.83274042686368,MSW_URB_PAP
paper & cardboard,source-segegated,Dy,mg/kgTS,0.05,0.4683,8.366,MSW_URB_PAP
paper & cardboard,source-segegated,Er,mg/kgTS,0.018833,0.200267,9.633834227154464,MSW_URB_PAP
paper & cardboard,source-segegated,Eu,mg/kgTS,0.0123,0.122308316,8.943765528455284,MSW_URB_PAP
paper & cardboard,source-segegated,F,%TS,0.001003099,0.005164217,4.148262534405877,MSW_URB_PAP
paper & cardboard,source-segegated,Fe,mg/kgTS,289.81759999999997,2916.366,9.06276361408003,MSW_URB_PAP
paper & cardboard,source-segegated,Ga,mg/kgTS,0.672,15.9469916,22.73064226190476,MSW_URB_PAP
paper & cardboard,source-segegated,Gd,mg/kgTS,0.05113,0.5526237100000001,9.808208683747312,MSW_URB_PAP
paper & cardboard,source-segegated,Ge,mg/kgTS,0.1487,0.153376211,0.03144728312037669,MSW_URB_PAP
paper & cardboard,source-segegated,H,%TS,4.8274,7.5466318,0.5632911712308903,MSW_URB_PAP
paper & cardboard,source-segegated,HHV,MJ/kgTS,11.9174,17.3288,0.45407555339251854,MSW_URB_PAP
paper & cardboard,source-segegated,Hf,mg/kgTS,0.06791887,0.91637,12.492126709410801,MSW_URB_PAP
paper & cardboard,source-segegated,Hg,μg/kgTS,5.7489550000000005,127.718165,21.21589227955341,MSW_URB_PAP
paper & cardboard,source-segegated,Ho,mg/kgTS,0.044,0.085033,0.9325681818181819,MSW_URB_PAP
paper & cardboard,source-segegated,In,mg/kgTS,0.0071,0.032332429999999995,3.553863380281689,MSW_URB_PAP
paper & cardboard,source-segegated,Ir,mg/kgTS,0.006267,0.027097128999999998,3.3237799585128442,MSW_URB_PAP
paper & cardboard,source-segegated,K,mg/kgTS,429.17,836.1,0.9481790432695668,MSW_URB_PAP
paper & cardboard,source-segegated,LHV,MJ/kgTS,10.856868494,15.824055314,0.457515610762449,MSW_URB_PAP
paper & cardboard,source-segegated,La,mg/kgTS,0.3961,4.3524281,9.988205251199192,MSW_URB_PAP
paper & cardboard,source-segegated,Li,mg/kgTS,1.0372477,6.842570299999999,5.596852709338377,MSW_URB_PAP
paper & cardboard,source-segegated,Lu,mg/kgTS,0.00973,0.02877,1.9568345323741008,MSW_URB_PAP
paper & cardboard,source-segegated,Mg,mg/kgTS,573.7501400000001,2242.50943,2.9085122140449493,MSW_URB_PAP
paper & cardboard,source-segegated,Mn,mg/kgTS,7.861,46.966992999999995,4.9746842640885385,MSW_URB_PAP
paper & cardboard,source-segegated,Mo,mg/kgTS,0.29023333999999995,2.0149359,5.942468773573705,MSW_URB_PAP
paper & cardboard,source-segegated,N,%TS,0.098072,1.296,12.21478097724121,MSW_URB_PAP
paper & cardboard,source-segegated,Na,mg/kgTS,1021.5104699999999,1468.46502,0.43754279875369284,MSW_URB_PAP
paper & cardboard,source-segegated,Nb,mg/kgTS,0.016833,0.135248737,7.034737539357215,MSW_URB_PAP
paper & cardboard,source-segegated,Nd,mg/kgTS,0.3006,3.58624331,10.930283799068532,MSW_URB_PAP
paper & cardboard,source-segegated,Ni,mg/kgTS,0.5274698000000001,9.5165,17.041791207762035,MSW_URB_PAP
paper & cardboard,source-segegated,O,%TS,,,,MSW_URB_PAP
paper & cardboard,source-segegated,P,mg/kgTS,86.98356000000001,178.42583000000002,1.0512592264561258,MSW_URB_PAP
paper & cardboard,source-segegated,Pb,mg/kgTS,0.8585355,14.3234131,15.683542031750578,MSW_URB_PAP
paper & cardboard,source-segegated,Pd,mg/kgTS,0.3871,0.399183501,0.03121545078791009,MSW_URB_PAP
paper & cardboard,source-segegated,Pr,mg/kgTS,0.08197,1.02081389,11.45350603879468,MSW_URB_PAP
paper & cardboard,source-segegated,Pt,mg/kgTS,0.011933,0.013040467,0.092807089583508,MSW_URB_PAP
paper & cardboard,source-segegated,Rb,mg/kgTS,0.9707,6.7146,5.917276192438447,MSW_URB_PAP
paper & cardboard,source-segegated,Re,mg/kgTS,0.003733,0.018260424,3.8916217519421377,MSW_URB_PAP
paper & cardboard,source-segegated,Rh,mg/kgTS,0.000767,0.0012553039999999998,0.6366414602346804,MSW_URB_PAP
paper & cardboard,source-segegated,Ru,mg/kgTS,0.011133,0.011669671999999999,0.04820551513518355,MSW_URB_PAP
paper & cardboard,source-segegated,S,mg/kgTS,568.98,2823.5330699999995,3.9624469577138024,MSW_URB_PAP
paper & cardboard,source-segegated,Sb,mg/kgTS,0.0353,0.44556482999999997,11.62223314447592,MSW_URB_PAP
paper & cardboard,source-segegated,Sc,mg/kgTS,0.1442,0.7817787300000001,4.421489112343967,MSW_URB_PAP
paper & cardboard,source-segegated,Se,mg/kgTS,34.461,35.5399404,0.03130902759641335,MSW_URB_PAP
paper & cardboard,source-segegated,Si,mg/kgTS,292.82,620.46,1.118912642579059,MSW_URB_PAP
paper & cardboard,source-segegated,Sm,mg/kgTS,0.06103,0.6905,10.314107815828281,MSW_URB_PAP
paper & cardboard,source-segegated,Sn,mg/kgTS,0.039,1.104397,27.3178717948718,MSW_URB_PAP
paper & cardboard,source-segegated,Sr,mg/kgTS,18.715,178.524,8.539086294416244,MSW_URB_PAP
paper & cardboard,source-segegated,Ta,mg/kgTS,0.0018,0.005751267,2.195148333333333,MSW_URB_PAP
paper & cardboard,source-segegated,Tb,mg/kgTS,0.009133,0.0835,8.142669440490529,MSW_URB_PAP
paper & cardboard,source-segegated,Th,mg/kgTS,0.13817,1.78235896,11.899753636824205,MSW_URB_PAP
paper & cardboard,source-segegated,Ti,mg/kgTS,7.417054,44.13,4.94980163283158,MSW_URB_PAP
paper & cardboard,source-segegated,Tl,mg/kgTS,0.01293,0.05144386,2.978643464810518,MSW_URB_PAP
paper & cardboard,source-segegated,Tm,mg/kgTS,0.00493,0.0352,6.139959432048681,MSW_URB_PAP
paper & cardboard,source-segegated,U,mg/kgTS,0.04123,0.6733,15.330341983992238,MSW_URB_PAP
paper & cardboard,source-segegated,V,mg/kgTS,0.58293,2.9016505599999998,3.9776998267373447,MSW_URB_PAP
paper & cardboard,source-segegated,VS,%TS,68.215,93.62,0.37242541962911385,MSW_URB_PAP
paper & cardboard,source-segegated,W,mg/kgTS,0.02153,0.89612589,40.6221964700418,MSW_URB_PAP
paper & cardboard,source-segegated,Yb,mg/kgTS,0.0284,0.196633,5.923697183098591,MSW_URB_PAP
paper & cardboard,source-segegated,Zn,mg/kgTS,7.522,50.942477000000004,5.772464371177879,MSW_URB_PAP
paper & cardboard,source-segegated,Zr,mg/kgTS,2.3211969999999997,43.89,17.908347718870914,MSW_URB_PAP
paper & cardboard,source-segegated,ash,%TS,6.38,31.785,3.981974921630094,MSW_URB_PAP
plastic,residual,Ag,mg/kgTS,4.5648,30.2704,5.631265334735366,MSW_URB_PLA
plastic,residual,Al,mg/kgTS,287.5,55994.2,193.7624347826087,MSW_URB_PLA
plastic,residual,As,mg/kgTS,2.07557,4.1122,0.9812388885944583,MSW_URB_PLA
plastic,residual,Au,mg/kgTS,0.048667,0.065767,0.3513674563872851,MSW_URB_PLA
plastic,residual,Ba,mg/kgTS,22.85,2264.44,98.10021881838074,MSW_URB_PLA
plastic,residual,Be,mg/kgTS,0.21703,5.58823,24.748652260056215,MSW_URB_PLA
plastic,residual,Br,%TS,0.001,0.066471,65.471,MSW_URB_PLA
plastic,residual,C,%TS,63.9833,84.6033,0.3222715927437316,MSW_URB_PLA
plastic,residual,Ca,mg/kgTS,577.2,11827.2,19.49064449064449,MSW_URB_PLA
plastic,residual,Cd,mg/kgTS,0.4402,5.129,10.651522035438436,MSW_URB_PLA
plastic,residual,Ce,mg/kgTS,0.55293,3.73043,5.746658709059013,MSW_URB_PLA
plastic,residual,Cl,%TS,0.02083,3.05173,145.5064810369659,MSW_URB_PLA
plastic,residual,Co,mg/kgTS,0.4754,10.4523,20.986327303323513,MSW_URB_PLA
plastic,residual,Cr,mg/kgTS,4.2216,78.4859,17.59150559029752,MSW_URB_PLA
plastic,residual,Cs,mg/kgTS,0.325967,0.7351,1.255136256124086,MSW_URB_PLA
plastic,residual,Cu,mg/kgTS,1.187,546.188,459.1415332771693,MSW_URB_PLA
plastic,residual,Dy,mg/kgTS,0.074633,0.097633,0.3081746680422868,MSW_URB_PLA
plastic,residual,Er,mg/kgTS,0.020567,0.074033,2.5996013030582974,MSW_URB_PLA
plastic,residual,Eu,mg/kgTS,0.0412,0.3483,7.4538834951456305,MSW_URB_PLA
plastic,residual,F,%TS,0.001,0.013033,12.032999999999998,MSW_URB_PLA
plastic,residual,Fe,mg/kgTS,316.4,15960.3,49.44342604298357,MSW_URB_PLA
plastic,residual,Ga,mg/kgTS,0.6673,21.9258,31.85748538888056,MSW_URB_PLA
plastic,residual,Gd,mg/kgTS,0.1009,0.3593,2.5609514370664024,MSW_URB_PLA
plastic,residual,Ge,mg/kgTS,0.538133,0.9223,0.7138885740142308,MSW_URB_PLA
plastic,residual,H,%TS,5.2023,15.9497,2.0658939315302844,MSW_URB_PLA
plastic,residual,HHV,MJ/kgTS,24.0521,45.2161,0.8799231667920888,MSW_URB_PLA
plastic,residual,Hf,mg/kgTS,0.1333,2.7911,19.93848462115529,MSW_URB_PLA
plastic,residual,Hg,μg/kgTS,2.4,9.6,3.0,MSW_URB_PLA
plastic,residual,Ho,mg/kgTS,0.019767,0.029433,0.4889968128699348,MSW_URB_PLA
plastic,residual,In,mg/kgTS,0.0136,0.018933,0.39213235294117643,MSW_URB_PLA
plastic,residual,Ir,mg/kgTS,0.012267,0.024033,0.9591587185130838,MSW_URB_PLA
plastic,residual,K,mg/kgTS,196.79,1108.79,4.634381828344936,MSW_URB_PLA
plastic,residual,LHV,MJ/kgTS,22.909206713,41.712110407,0.820757520308643,MSW_URB_PLA
plastic,residual,La,mg/kgTS,0.1011,1.49903,13.827200791295748,MSW_URB_PLA
plastic,residual,Li,mg/kgTS,0.2563,5.119,18.97268825595006,MSW_URB_PLA
plastic,residual,Lu,mg/kgTS,0.0118,0.0164,0.3898305084745764,MSW_URB_PLA
plastic,residual,Mg,mg/kgTS,63.15,7274.65,114.1963578780681,MSW_URB_PLA
plastic,residual,Mn,mg/kgTS,3.5388,99.6102,27.14801627670397,MSW_URB_PLA
plastic,residual,Mo,mg/kgTS,0.29487,8.2066,26.831247668464066,MSW_URB_PLA
plastic,residual,N,%TS,0.15823,0.755,3.771535107122543,MSW_URB_PLA
plastic,residual,Na,mg/kgTS,146.57,2761.8,17.84287371221942,MSW_URB_PLA
plastic,residual,Nb,mg/kgTS,0.31643,7.3226,22.141295073159945,MSW_URB_PLA
plastic,residual,Nd,mg/kgTS,0.067,5.6297,83.02537313432835,MSW_URB_PLA
plastic,residual,Ni,mg/kgTS,7.965,213.745,25.835530445699938,MSW_URB_PLA
plastic,residual,O,%TS,10.2178,27.5893,1.7001213568478537,MSW_URB_PLA
plastic,residual,P,mg/kgTS,19.068,993.296,51.092301237675684,MSW_URB_PLA
plastic,residual,Pb,mg/kgTS,0.747,219.009,292.18473895582326,MSW_URB_PLA
plastic,residual,Pd,mg/kgTS,0.100867,0.281967,1.7954335907680414,MSW_URB_PLA
plastic,residual,Pr,mg/kgTS,0.02413,1.60993,65.71902196435973,MSW_URB_PLA
plastic,residual,Pt,mg/kgTS,0.014733,0.050233,2.409556777302654,MSW_URB_PLA
plastic,residual,Rb,mg/kgTS,1.20003,3.7968,2.163920901977451,MSW_URB_PLA
plastic,residual,Re,mg/kgTS,0.011833,0.090167,6.619961125665512,MSW_URB_PLA
plastic,residual,Rh,mg/kgTS,0.018867,0.021233,0.12540414480309536,MSW_URB_PLA
plastic,residual,Ru,mg/kgTS,0.3731,0.4197,0.12489949075314938,MSW_URB_PLA
plastic,residual,S,mg/kgTS,211.91,2020.74,8.53584068708414,MSW_URB_PLA
plastic,residual,Sb,mg/kgTS,0.453,270.889,596.9889624724062,MSW_URB_PLA
plastic,residual,Sc,mg/kgTS,1.24053,1.39557,0.12497883968948761,MSW_URB_PLA
plastic,residual,Se,mg/kgTS,0.0,3.01407,,MSW_URB_PLA
plastic,residual,Si,mg/kgTS,1953.3,19375.1,8.919162443045103,MSW_URB_PLA
plastic,residual,Sm,mg/kgTS,0.071367,0.168,1.3540291731472531,MSW_URB_PLA
plastic,residual,Sn,mg/kgTS,1.4,109.249,77.035,MSW_URB_PLA
plastic,residual,Sr,mg/kgTS,2.2743,68.3016,29.03192191003825,MSW_URB_PLA
plastic,residual,Ta,mg/kgTS,0.0569,3.42453,59.18506151142355,MSW_URB_PLA
plastic,residual,Tb,mg/kgTS,0.037333,0.041967,0.12412610826882381,MSW_URB_PLA
plastic,residual,Th,mg/kgTS,0.089567,0.5205,4.811292105351301,MSW_URB_PLA
plastic,residual,Ti,mg/kgTS,388.03,7531.3,18.409066309305985,MSW_URB_PLA
plastic,residual,Tl,mg/kgTS,0.202233,0.339067,0.6766155869714636,MSW_URB_PLA
plastic,residual,Tm,mg/kgTS,0.0118,0.028133,1.3841525423728813,MSW_URB_PLA
plastic,residual,U,mg/kgTS,0.135033,0.2472,0.8306636155606409,MSW_URB_PLA
plastic,residual,V,mg/kgTS,0.36373,6.45017,16.733401149204077,MSW_URB_PLA
plastic,residual,VS,%TS,87.88,98.9733,0.12623236231224397,MSW_URB_PLA
plastic,residual,W,mg/kgTS,0.548,31.049,55.65875912408758,MSW_URB_PLA
plastic,residual,Yb,mg/kgTS,0.0933,0.1049,0.12433011789924973,MSW_URB_PLA
plastic,residual,Zn,mg/kgTS,6.58,1171.4,177.02431610942253,MSW_URB_PLA
plastic,residual,Zr,mg/kgTS,1.0391,13.0136,11.523914926378598,MSW_URB_PLA
plastic,residual,ash,%TS,1.0267,12.12,10.804811532093114,MSW_URB_PLA
plastic,source-segegated,Ag,mg/kgTS,4.6428,4.9773,0.07204704057896083,MSW_URB_PLA
plastic,source-segegated,Al,mg/kgTS,7.8,2463.6,314.8461538461538,MSW_URB_PLA
plastic,source-segegated,As,mg/kgTS,2.11103,5.12713,1.428733840826516,MSW_URB_PLA
plastic,source-segegated,Au,mg/kgTS,0.0498,0.273867,4.499337349397591,MSW_URB_PLA
plastic,source-segegated,Ba,mg/kgTS,4.13,466.78,112.02179176755448,MSW_URB_PLA
plastic,source-segegated,Be,mg/kgTS,0.2153,0.23083,0.07213190896423603,MSW_URB_PLA
plastic,source-segegated,Br,%TS,0.001,0.002,1.0,MSW_URB_PLA
plastic,source-segegated,C,%TS,63.6067,88.75,0.3952932631310853,MSW_URB_PLA
plastic,source-segegated,Ca,mg/kgTS,221.9,17977.5,80.01622352410995,MSW_URB_PLA
plastic,source-segegated,Cd,mg/kgTS,0.4478,50.7825,112.40442161679321,MSW_URB_PLA
plastic,source-segegated,Ce,mg/kgTS,0.54853,4.6979,7.564527008550124,MSW_URB_PLA
plastic,source-segegated,Cl,%TS,0.00377,2.4516,649.291777188329,MSW_URB_PLA
plastic,source-segegated,Co,mg/kgTS,0.3256,18.8847,56.99969287469287,MSW_URB_PLA
plastic,source-segegated,Cr,mg/kgTS,4.2024,47.0063,10.185584427945937,MSW_URB_PLA
plastic,source-segegated,Cs,mg/kgTS,0.333567,0.681,1.0415688602289797,MSW_URB_PLA
plastic,source-segegated,Cu,mg/kgTS,1.011,46.003,44.502472799208704,MSW_URB_PLA
plastic,source-segegated,Dy,mg/kgTS,0.0759,0.115633,0.5234914361001318,MSW_URB_PLA
plastic,source-segegated,Er,mg/kgTS,0.020933,0.167633,7.008073376964601,MSW_URB_PLA
plastic,source-segegated,Eu,mg/kgTS,0.041867,0.104067,1.4856569613299258,MSW_URB_PLA
plastic,source-segegated,F,%TS,0.001,0.0024,1.3999999999999997,MSW_URB_PLA
plastic,source-segegated,Fe,mg/kgTS,89.6,2035.2,21.71428571428572,MSW_URB_PLA
plastic,source-segegated,Ga,mg/kgTS,0.6648,4.801,6.2217208182912165,MSW_URB_PLA
plastic,source-segegated,Gd,mg/kgTS,0.102633,0.1464,0.42644178772909297,MSW_URB_PLA
plastic,source-segegated,Ge,mg/kgTS,0.5474,0.5868,0.07197661673364997,MSW_URB_PLA
plastic,source-segegated,H,%TS,4.861,14.9403,2.0735033943633,MSW_URB_PLA
plastic,source-segegated,HHV,MJ/kgTS,24.2674,45.145,0.8603146608206897,MSW_URB_PLA
plastic,source-segegated,Hf,mg/kgTS,0.13227,0.25263,0.9099569063279657,MSW_URB_PLA
plastic,source-segegated,Hg,μg/kgTS,2.4,6.16667,1.5694458333333334,MSW_URB_PLA
plastic,source-segegated,Ho,mg/kgTS,0.020067,0.027533,0.37205362037175443,MSW_URB_PLA
plastic,source-segegated,In,mg/kgTS,0.013733,0.016267,0.1845190417243137,MSW_URB_PLA
plastic,source-segegated,Ir,mg/kgTS,0.012467,0.013367,0.07219058313948823,MSW_URB_PLA
plastic,source-segegated,K,mg/kgTS,200.15,214.57,0.07204596552585554,MSW_URB_PLA
plastic,source-segegated,LHV,MJ/kgTS,23.199486909999997,41.862765493000005,0.8044694546651942,MSW_URB_PLA
plastic,source-segegated,La,mg/kgTS,0.05817,1.43253,23.62661165549252,MSW_URB_PLA
plastic,source-segegated,Li,mg/kgTS,0.2562,15.2619,58.570257611241225,MSW_URB_PLA
plastic,source-segegated,Lu,mg/kgTS,0.012033,0.014967,0.24382946896035892,MSW_URB_PLA
plastic,source-segegated,Mg,mg/kgTS,6.94,955.0,136.60806916426512,MSW_URB_PLA
plastic,source-segegated,Mn,mg/kgTS,0.9005,28.9761,31.177790116601887,MSW_URB_PLA
plastic,source-segegated,Mo,mg/kgTS,0.2711,3.5776,12.196606418295831,MSW_URB_PLA
plastic,source-segegated,N,%TS,0.1575,6.9175,42.920634920634924,MSW_URB_PLA
plastic,source-segegated,Na,mg/kgTS,106.6,6874.74,63.490994371482174,MSW_URB_PLA
plastic,source-segegated,Nb,mg/kgTS,0.40453,3.21717,6.952858873260327,MSW_URB_PLA
plastic,source-segegated,Nd,mg/kgTS,0.03663,0.82467,21.513513513513512,MSW_URB_PLA
plastic,source-segegated,Ni,mg/kgTS,8.101,9.337,0.15257375632637932,MSW_URB_PLA
plastic,source-segegated,O,%TS,,,,MSW_URB_PLA
plastic,source-segegated,P,mg/kgTS,18.717,43.599,1.3293797082865844,MSW_URB_PLA
plastic,source-segegated,Pb,mg/kgTS,0.472,81.603,171.88771186440678,MSW_URB_PLA
plastic,source-segegated,Pd,mg/kgTS,0.1026,0.109967,0.07180311890838205,MSW_URB_PLA
plastic,source-segegated,Pr,mg/kgTS,0.02207,0.2261,9.244676030811055,MSW_URB_PLA
plastic,source-segegated,Pt,mg/kgTS,0.014767,0.0158,0.06995327419245621,MSW_URB_PLA
plastic,source-segegated,Rb,mg/kgTS,1.22053,3.5519,1.910129206164535,MSW_URB_PLA
plastic,source-segegated,Re,mg/kgTS,0.0108,0.0229,1.1203703703703702,MSW_URB_PLA
plastic,source-segegated,Rh,mg/kgTS,0.0192,0.020567,0.07119791666666668,MSW_URB_PLA
plastic,source-segegated,Ru,mg/kgTS,0.379467,0.406833,0.07211694297527849,MSW_URB_PLA
plastic,source-segegated,S,mg/kgTS,98.87,772.55,6.813795893597653,MSW_URB_PLA
plastic,source-segegated,Sb,mg/kgTS,0.433,254.451,586.6466512702078,MSW_URB_PLA
plastic,source-segegated,Sc,mg/kgTS,1.26173,1.35263,0.07204393967013543,MSW_URB_PLA
plastic,source-segegated,Se,mg/kgTS,0.0,7.2307,,MSW_URB_PLA
plastic,source-segegated,Si,mg/kgTS,2057.4,34350.2,15.695926898026633,MSW_URB_PLA
plastic,source-segegated,Sm,mg/kgTS,0.072567,0.1204,0.6591563658412224,MSW_URB_PLA
plastic,source-segegated,Sn,mg/kgTS,0.168,46.7,276.9761904761905,MSW_URB_PLA
plastic,source-segegated,Sr,mg/kgTS,0.2347,27.9083,117.91052407328505,MSW_URB_PLA
plastic,source-segegated,Ta,mg/kgTS,0.05207,9.36103,178.77779911657382,MSW_URB_PLA
plastic,source-segegated,Tb,mg/kgTS,0.037933,0.040667,0.07207444705138007,MSW_URB_PLA
plastic,source-segegated,Th,mg/kgTS,0.0888,0.1439,0.6204954954954954,MSW_URB_PLA
plastic,source-segegated,Ti,mg/kgTS,23.46,3744.43,158.60912190963342,MSW_URB_PLA
plastic,source-segegated,Tl,mg/kgTS,0.206933,0.238633,0.15318967975141715,MSW_URB_PLA
plastic,source-segegated,Tm,mg/kgTS,0.012033,0.0143,0.18839857059752346,MSW_URB_PLA
plastic,source-segegated,U,mg/kgTS,0.137333,0.152833,0.1128643516125038,MSW_URB_PLA
plastic,source-segegated,V,mg/kgTS,0.3451,1.64613,3.7700086931324255,MSW_URB_PLA
plastic,source-segegated,VS,%TS,90.95,99.8967,0.09836943375481025,MSW_URB_PLA
plastic,source-segegated,W,mg/kgTS,0.658,128.914,194.91793313069908,MSW_URB_PLA
plastic,source-segegated,Yb,mg/kgTS,0.094867,0.104067,0.09697787428715991,MSW_URB_PLA
plastic,source-segegated,Zn,mg/kgTS,0.96,148.53,153.71875,MSW_URB_PLA
plastic,source-segegated,Zr,mg/kgTS,0.1072,9.3804,86.50373134328358,MSW_URB_PLA
plastic,source-segegated,ash,%TS,0.1033,9.05,86.60890609874153,MSW_URB_PLA
"textiles, leather, rubber",residual,Ag,mg/kgTS,83.2231,83.2231,0.0,MSW_URB_TEX
"textiles, leather, rubber",residual,Al,mg/kgTS,3988.3,3988.3,0.0,MSW_URB_TEX
"textiles, leather, rubber",residual,As,mg/kgTS,8.2415,8.2415,0.0,MSW_URB_TEX
"textiles, leather, rubber",residual,Au,mg/kgTS,0.065022,0.065022,0.0,MSW_URB_TEX
"textiles, leather, rubber",residual,Ba,mg/kgTS,242.66,242.66,0.0,MSW_URB_TEX
"textiles, leather, rubber",residual,Be,mg/kgTS,1.95871,1.95871,0.0,MSW_URB_TEX
"textiles, leather, rubber",residual,Br,%TS,0.0037,0.0037,0.0,MSW_URB_TEX
"textiles, leather, rubber",residual,C,%TS,53.27,53.27,0.0,MSW_URB_TEX
"textiles, leather, rubber",residual,Ca,mg/kgTS,20312.2,20312.2,0.0,MSW_URB_TEX
"textiles, leather, rubber",residual,Cd,mg/kgTS,0.73561,0.73561,0.0,MSW_URB_TEX
"textiles, leather, rubber",residual,Ce,mg/kgTS,2.0875,2.0875,0.0,MSW_URB_TEX
"textiles, leather, rubber",residual,Cl,%TS,0.6566,0.6566,0.0,MSW_URB_TEX
"textiles, leather, rubber",residual,Co,mg/kgTS,1.45824,1.45824,0.0,MSW_URB_TEX
"textiles, leather, rubber",residual,Cr,mg/kgTS,372.146,372.146,0.0,MSW_URB_TEX
"textiles, leather, rubber",residual,Cs,mg/kgTS,0.57254,0.57254,0.0,MSW_URB_TEX
"textiles, leather, rubber",residual,Cu,mg/kgTS,252.357,252.357,0.0,MSW_URB_TEX
"textiles, leather, rubber",residual,Dy,mg/kgTS,0.08413,0.08413,0.0,MSW_URB_TEX
"textiles, leather, rubber",residual,Er,mg/kgTS,0.044078,0.044078,0.0,MSW_URB_TEX
"textiles, leather, rubber",residual,Eu,mg/kgTS,0.027256,0.027256,0.0,MSW_URB_TEX
"textiles, leather, rubber",residual,F,%TS,0.0031,0.0031,0.0,MSW_URB_TEX
"textiles, leather, rubber",residual,Fe,mg/kgTS,965.3,965.3,0.0,MSW_URB_TEX
"textiles, leather, rubber",residual,Ga,mg/kgTS,5.9846,5.9846,0.0,MSW_URB_TEX
"textiles, leather, rubber",residual,Gd,mg/kgTS,0.12322,0.12322,0.0,MSW_URB_TEX
"textiles, leather, rubber",residual,Ge,mg/kgTS,0.1744,0.1744,0.0,MSW_URB_TEX
"textiles, leather, rubber",residual,H,%TS,6.9205,6.9205,0.0,MSW_URB_TEX
"textiles, leather, rubber",residual,HHV,MJ/kgTS,22.1616,22.1616,0.0,MSW_URB_TEX
"textiles, leather, rubber",residual,Hf,mg/kgTS,0.2664,0.2664,0.0,MSW_URB_TEX
"textiles, leather, rubber",residual,Hg,μg/kgTS,27.567,27.567,0.0,MSW_URB_TEX
"textiles, leather, rubber",residual,Ho,mg/kgTS,0.017644,0.017644,0.0,MSW_URB_TEX
"textiles, leather, rubber",residual,In,mg/kgTS,0.018767,0.018767,0.0,MSW_URB_TEX
"textiles, leather, rubber",residual,Ir,mg/kgTS,0.102356,0.102356,0.0,MSW_URB_TEX
"textiles, leather, rubber",residual,K,mg/kgTS,993.1,993.1,0.0,MSW_URB_TEX
"textiles, leather, rubber",residual,LHV,MJ/kgTS,20.641235355,20.641235355,0.0,MSW_URB_TEX
"textiles, leather, rubber",residual,La,mg/kgTS,1.406,1.406,0.0,MSW_URB_TEX
"textiles, leather, rubber",residual,Li,mg/kgTS,1.866,1.866,0.0,MSW_URB_TEX
"textiles, leather, rubber",residual,Lu,mg/kgTS,0.007133,0.007133,0.0,MSW_URB_TEX
"textiles, leather, rubber",residual,Mg,mg/kgTS,2008.09,2008.09,0.0,MSW_URB_TEX
"textiles, leather, rubber",residual,Mn,mg/kgTS,32.215,32.215,0.0,MSW_URB_TEX
"textiles, leather, rubber",residual,Mo,mg/kgTS,1.40138,1.40138,0.0,MSW_URB_TEX
"textiles, leather, rubber",residual,N,%TS,2.0975,2.0975,0.0,MSW_URB_TEX
"textiles, leather, rubber",residual,Na,mg/kgTS,821.0,821.0,0.0,MSW_URB_TEX
"textiles, leather, rubber",residual,Nb,mg/kgTS,1.9696,1.9696,0.0,MSW_URB_TEX
"textiles, leather, rubber",residual,Nd,mg/kgTS,0.8424,0.8424,0.0,MSW_URB_TEX
"textiles, leather, rubber",residual,Ni,mg/kgTS,12.415,12.415,0.0,MSW_URB_TEX
"textiles, leather, rubber",residual,O,%TS,34.0555,34.0555,0.0,MSW_URB_TEX
"textiles, leather, rubber",residual,P,mg/kgTS,378.41,378.41,0.0,MSW_URB_TEX
"textiles, leather, rubber",residual,Pb,mg/kgTS,78.5426,78.5426,0.0,MSW_URB_TEX
"textiles, leather, rubber",residual,Pd,mg/kgTS,0.064067,0.064067,0.0,MSW_URB_TEX
"textiles, leather, rubber",residual,Pr,mg/kgTS,0.24361,0.24361,0.0,MSW_URB_TEX
"textiles, leather, rubber",residual,Pt,mg/kgTS,0.061389,0.061389,0.0,MSW_URB_TEX
"textiles, leather, rubber",residual,Rb,mg/kgTS,2.5852,2.5852,0.0,MSW_URB_TEX
"textiles, leather, rubber",residual,Re,mg/kgTS,0.068556,0.068556,0.0,MSW_URB_TEX
"textiles, leather, rubber",residual,Rh,mg/kgTS,0.003578,0.003578,0.0,MSW_URB_TEX
"textiles, leather, rubber",residual,Ru,mg/kgTS,0.031722,0.031722,0.0,MSW_URB_TEX
"textiles, leather, rubber",residual,S,mg/kgTS,6346.9,6346.9,0.0,MSW_URB_TEX
"textiles, leather, rubber",residual,Sb,mg/kgTS,53.1209,53.1209,0.0,MSW_URB_TEX
"textiles, leather, rubber",residual,Sc,mg/kgTS,0.41546,0.41546,0.0,MSW_URB_TEX
"textiles, leather, rubber",residual,Se,mg/kgTS,48.551,48.551,0.0,MSW_URB_TEX
"textiles, leather, rubber",residual,Si,mg/kgTS,13024.0,13024.0,0.0,MSW_URB_TEX
"textiles, leather, rubber",residual,Sm,mg/kgTS,0.11298,0.11298,0.0,MSW_URB_TEX
"textiles, leather, rubber",residual,Sn,mg/kgTS,7.0757,7.0757,0.0,MSW_URB_TEX
"textiles, leather, rubber",residual,Sr,mg/kgTS,28.898,28.898,0.0,MSW_URB_TEX
"textiles, leather, rubber",residual,Ta,mg/kgTS,0.1805,0.1805,0.0,MSW_URB_TEX
"textiles, leather, rubber",residual,Tb,mg/kgTS,0.021044,0.021044,0.0,MSW_URB_TEX
"textiles, leather, rubber",residual,Th,mg/kgTS,0.39837,0.39837,0.0,MSW_URB_TEX
"textiles, leather, rubber",residual,Ti,mg/kgTS,1387.93,1387.93,0.0,MSW_URB_TEX
"textiles, leather, rubber",residual,Tl,mg/kgTS,0.374489,0.374489,0.0,MSW_URB_TEX
"textiles, leather, rubber",residual,Tm,mg/kgTS,0.009478,0.009478,0.0,MSW_URB_TEX
"textiles, leather, rubber",residual,U,mg/kgTS,0.10882,0.10882,0.0,MSW_URB_TEX
"textiles, leather, rubber",residual,V,mg/kgTS,4.2847,4.2847,0.0,MSW_URB_TEX
"textiles, leather, rubber",residual,VS,%TS,90.8233,90.8233,0.0,MSW_URB_TEX
"textiles, leather, rubber",residual,W,mg/kgTS,1.32242,1.32242,0.0,MSW_URB_TEX
"textiles, leather, rubber",residual,Yb,mg/kgTS,0.060389,0.060389,0.0,MSW_URB_TEX
"textiles, leather, rubber",residual,Zn,mg/kgTS,2407.66,2407.66,0.0,MSW_URB_TEX
"textiles, leather, rubber",residual,Zr,mg/kgTS,10.586,10.586,0.0,MSW_URB_TEX
"textiles, leather, rubber",residual,ash,%TS,9.1767,9.1767,0.0,MSW_URB_TEX
wood,residual,Ag,mg/kgTS,84.9023,84.9023,0.0,MSW_URB_WOOD
wood,residual,Al,mg/kgTS,251.3,251.3,0.0,MSW_URB_WOOD
wood,residual,As,mg/kgTS,44.6288,44.6288,0.0,MSW_URB_WOOD
wood,residual,Au,mg/kgTS,0.051033,0.051033,0.0,MSW_URB_WOOD
wood,residual,Ba,mg/kgTS,45.1,45.1,0.0,MSW_URB_WOOD
wood,residual,Be,mg/kgTS,1.99827,1.99827,0.0,MSW_URB_WOOD
wood,residual,Br,%TS,0.001,0.001,0.0,MSW_URB_WOOD
wood,residual,C,%TS,48.12,48.12,0.0,MSW_URB_WOOD
wood,residual,Ca,mg/kgTS,1946.2,1946.2,0.0,MSW_URB_WOOD
wood,residual,Cd,mg/kgTS,0.39603,0.39603,0.0,MSW_URB_WOOD
wood,residual,Ce,mg/kgTS,0.3194,0.3194,0.0,MSW_URB_WOOD
wood,residual,Cl,%TS,0.0665,0.0665,0.0,MSW_URB_WOOD
wood,residual,Co,mg/kgTS,1.39303,1.39303,0.0,MSW_URB_WOOD
wood,residual,Cr,mg/kgTS,64.16,64.16,0.0,MSW_URB_WOOD
wood,residual,Cs,mg/kgTS,0.58413,0.58413,0.0,MSW_URB_WOOD
wood,residual,Cu,mg/kgTS,47.037,47.037,0.0,MSW_URB_WOOD
wood,residual,Dy,mg/kgTS,0.01053,0.01053,0.0,MSW_URB_WOOD
wood,residual,Er,mg/kgTS,0.021033,0.021033,0.0,MSW_URB_WOOD
wood,residual,Eu,mg/kgTS,0.009433,0.009433,0.0,MSW_URB_WOOD
wood,residual,F,%TS,0.001,0.001,0.0,MSW_URB_WOOD
wood,residual,Fe,mg/kgTS,4682.6,4682.6,0.0,MSW_URB_WOOD
wood,residual,Ga,mg/kgTS,1.0953,1.0953,0.0,MSW_URB_WOOD
wood,residual,Gd,mg/kgTS,0.01213,0.01213,0.0,MSW_URB_WOOD
wood,residual,Ge,mg/kgTS,0.1664,0.1664,0.0,MSW_URB_WOOD
wood,residual,H,%TS,6.76425,6.76425,0.0,MSW_URB_WOOD
wood,residual,HHV,MJ/kgTS,19.1627,19.1627,0.0,MSW_URB_WOOD
wood,residual,Hf,mg/kgTS,0.0845,0.0845,0.0,MSW_URB_WOOD
wood,residual,Hg,μg/kgTS,8.933,8.933,0.0,MSW_URB_WOOD
wood,residual,Ho,mg/kgTS,0.0045,0.0045,0.0,MSW_URB_WOOD
wood,residual,In,mg/kgTS,0.009933,0.009933,0.0,MSW_URB_WOOD
wood,residual,Ir,mg/kgTS,0.104433,0.104433,0.0,MSW_URB_WOOD
wood,residual,K,mg/kgTS,834.3,834.3,0.0,MSW_URB_WOOD
wood,residual,LHV,MJ/kgTS,17.676661917500002,17.676661917500002,0.0,MSW_URB_WOOD
wood,residual,La,mg/kgTS,0.0723,0.0723,0.0,MSW_URB_WOOD
wood,residual,Li,mg/kgTS,1.7635,1.7635,0.0,MSW_URB_WOOD
wood,residual,Lu,mg/kgTS,0.0068,0.0068,0.0,MSW_URB_WOOD
wood,residual,Mg,mg/kgTS,363.63,363.63,0.0,MSW_URB_WOOD
wood,residual,Mn,mg/kgTS,105.917,105.917,0.0,MSW_URB_WOOD
wood,residual,Mo,mg/kgTS,0.72343,0.72343,0.0,MSW_URB_WOOD
wood,residual,N,%TS,1.1675,1.1675,0.0,MSW_URB_WOOD
wood,residual,Na,mg/kgTS,621.9,621.9,0.0,MSW_URB_WOOD
wood,residual,Nb,mg/kgTS,0.6008,0.6008,0.0,MSW_URB_WOOD
wood,residual,Nd,mg/kgTS,0.0207,0.0207,0.0,MSW_URB_WOOD
wood,residual,Ni,mg/kgTS,11.079,11.079,0.0,MSW_URB_WOOD
wood,residual,O,%TS,45.6883,45.6883,0.0,MSW_URB_WOOD
wood,residual,P,mg/kgTS,121.28,121.28,0.0,MSW_URB_WOOD
wood,residual,Pb,mg/kgTS,6.8549,6.8549,0.0,MSW_URB_WOOD
wood,residual,Pd,mg/kgTS,0.065333,0.065333,0.0,MSW_URB_WOOD
wood,residual,Pr,mg/kgTS,0.00647,0.00647,0.0,MSW_URB_WOOD
wood,residual,Pt,mg/kgTS,0.062667,0.062667,0.0,MSW_URB_WOOD
wood,residual,Rb,mg/kgTS,1.8265,1.8265,0.0,MSW_URB_WOOD
wood,residual,Re,mg/kgTS,0.069933,0.069933,0.0,MSW_URB_WOOD
wood,residual,Rh,mg/kgTS,0.001767,0.001767,0.0,MSW_URB_WOOD
wood,residual,Ru,mg/kgTS,0.032333,0.032333,0.0,MSW_URB_WOOD
wood,residual,S,mg/kgTS,4172.1,4172.1,0.0,MSW_URB_WOOD
wood,residual,Sb,mg/kgTS,0.9717,0.9717,0.0,MSW_URB_WOOD
wood,residual,Sc,mg/kgTS,0.11653,0.11653,0.0,MSW_URB_WOOD
wood,residual,Se,mg/kgTS,49.5306,49.5306,0.0,MSW_URB_WOOD
wood,residual,Si,mg/kgTS,6275.0,6275.0,0.0,MSW_URB_WOOD
wood,residual,Sm,mg/kgTS,0.03143,0.03143,0.0,MSW_URB_WOOD
wood,residual,Sn,mg/kgTS,1.7063,1.7063,0.0,MSW_URB_WOOD
wood,residual,Sr,mg/kgTS,8.575,8.575,0.0,MSW_URB_WOOD
wood,residual,Ta,mg/kgTS,0.0801,0.0801,0.0,MSW_URB_WOOD
wood,residual,Tb,mg/kgTS,0.003533,0.003533,0.0,MSW_URB_WOOD
wood,residual,Th,mg/kgTS,0.01703,0.01703,0.0,MSW_URB_WOOD
wood,residual,Ti,mg/kgTS,557.23,557.23,0.0,MSW_URB_WOOD
wood,residual,Tl,mg/kgTS,0.382033,0.382033,0.0,MSW_URB_WOOD
wood,residual,Tm,mg/kgTS,0.009667,0.009667,0.0,MSW_URB_WOOD
wood,residual,U,mg/kgTS,0.00583,0.00583,0.0,MSW_URB_WOOD
wood,residual,V,mg/kgTS,0.6838,0.6838,0.0,MSW_URB_WOOD
wood,residual,VS,%TS,98.4767,98.4767,0.0,MSW_URB_WOOD
wood,residual,W,mg/kgTS,0.8128,0.8128,0.0,MSW_URB_WOOD
wood,residual,Yb,mg/kgTS,0.011133,0.011133,0.0,MSW_URB_WOOD
wood,residual,Zn,mg/kgTS,98.59,98.59,0.0,MSW_URB_WOOD
wood,residual,Zr,mg/kgTS,3.364,3.364,0.0,MSW_URB_WOOD
wood,residual,ash,%TS,1.5233,1.5233,0.0,MSW_URB_WOOD
"textiles, leather, rubber",source-segegated,Ag,mg/kgTS,83.4608,83.4608,0.0,MSW_URB_TEX
"textiles, leather, rubber",source-segegated,Al,mg/kgTS,6403.6,6403.6,0.0,MSW_URB_TEX
"textiles, leather, rubber",source-segegated,As,mg/kgTS,4.0908,4.0908,0.0,MSW_URB_TEX
"textiles, leather, rubber",source-segegated,Au,mg/kgTS,0.050144,0.050144,0.0,MSW_URB_TEX
"textiles, leather, rubber",source-segegated,Ba,mg/kgTS,1558.73,1558.73,0.0,MSW_URB_TEX
"textiles, leather, rubber",source-segegated,Be,mg/kgTS,1.96432,1.96432,0.0,MSW_URB_TEX
"textiles, leather, rubber",source-segegated,Br,%TS,0.016233,0.016233,0.0,MSW_URB_TEX
"textiles, leather, rubber",source-segegated,C,%TS,57.53,57.53,0.0,MSW_URB_TEX
"textiles, leather, rubber",source-segegated,Ca,mg/kgTS,18520.9,18520.9,0.0,MSW_URB_TEX
"textiles, leather, rubber",source-segegated,Cd,mg/kgTS,0.86771,0.86771,0.0,MSW_URB_TEX
"textiles, leather, rubber",source-segegated,Ce,mg/kgTS,0.9875,0.9875,0.0,MSW_URB_TEX
"textiles, leather, rubber",source-segegated,Cl,%TS,3.6425,3.6425,0.0,MSW_URB_TEX
"textiles, leather, rubber",source-segegated,Co,mg/kgTS,6.14212,6.14212,0.0,MSW_URB_TEX
"textiles, leather, rubber",source-segegated,Cr,mg/kgTS,219.156,219.156,0.0,MSW_URB_TEX
"textiles, leather, rubber",source-segegated,Cs,mg/kgTS,0.6021,0.6021,0.0,MSW_URB_TEX
"textiles, leather, rubber",source-segegated,Cu,mg/kgTS,306.035,306.035,0.0,MSW_URB_TEX
"textiles, leather, rubber",source-segegated,Dy,mg/kgTS,0.03093,0.03093,0.0,MSW_URB_TEX
"textiles, leather, rubber",source-segegated,Er,mg/kgTS,0.021444,0.021444,0.0,MSW_URB_TEX
"textiles, leather, rubber",source-segegated,Eu,mg/kgTS,0.0274,0.0274,0.0,MSW_URB_TEX
"textiles, leather, rubber",source-segegated,F,%TS,0.0083,0.0083,0.0,MSW_URB_TEX
"textiles, leather, rubber",source-segegated,Fe,mg/kgTS,1566.6,1566.6,0.0,MSW_URB_TEX
"textiles, leather, rubber",source-segegated,Ga,mg/kgTS,31.6765,31.6765,0.0,MSW_URB_TEX
"textiles, leather, rubber",source-segegated,Gd,mg/kgTS,0.08604,0.08604,0.0,MSW_URB_TEX
"textiles, leather, rubber",source-segegated,Ge,mg/kgTS,0.163567,0.163567,0.0,MSW_URB_TEX
"textiles, leather, rubber",source-segegated,H,%TS,7.04133,7.04133,0.0,MSW_URB_TEX
"textiles, leather, rubber",source-segegated,HHV,MJ/kgTS,25.2735,25.2735,0.0,MSW_URB_TEX
"textiles, leather, rubber",source-segegated,Hf,mg/kgTS,0.0931,0.0931,0.0,MSW_URB_TEX
"textiles, leather, rubber",source-segegated,Hg,μg/kgTS,5.067,5.067,0.0,MSW_URB_TEX
"textiles, leather, rubber",source-segegated,Ho,mg/kgTS,0.004433,0.004433,0.0,MSW_URB_TEX
"textiles, leather, rubber",source-segegated,In,mg/kgTS,0.011433,0.011433,0.0,MSW_URB_TEX
"textiles, leather, rubber",source-segegated,Ir,mg/kgTS,0.102656,0.102656,0.0,MSW_URB_TEX
"textiles, leather, rubber",source-segegated,K,mg/kgTS,299.8,299.8,0.0,MSW_URB_TEX
"textiles, leather, rubber",source-segegated,LHV,MJ/kgTS,23.7265902123,23.7265902123,0.0,MSW_URB_TEX
"textiles, leather, rubber",source-segegated,La,mg/kgTS,0.5162,0.5162,0.0,MSW_URB_TEX
"textiles, leather, rubber",source-segegated,Li,mg/kgTS,1.7806,1.7806,0.0,MSW_URB_TEX
"textiles, leather, rubber",source-segegated,Lu,mg/kgTS,0.006667,0.006667,0.0,MSW_URB_TEX
"textiles, leather, rubber",source-segegated,Mg,mg/kgTS,1366.14,1366.14,0.0,MSW_URB_TEX
"textiles, leather, rubber",source-segegated,Mn,mg/kgTS,32.261,32.261,0.0,MSW_URB_TEX
"textiles, leather, rubber",source-segegated,Mo,mg/kgTS,1.63482,1.63482,0.0,MSW_URB_TEX
"textiles, leather, rubber",source-segegated,N,%TS,3.33667,3.33667,0.0,MSW_URB_TEX
"textiles, leather, rubber",source-segegated,Na,mg/kgTS,546.1,546.1,0.0,MSW_URB_TEX
"textiles, leather, rubber",source-segegated,Nb,mg/kgTS,7.1406,7.1406,0.0,MSW_URB_TEX
"textiles, leather, rubber",source-segegated,Nd,mg/kgTS,0.4504,0.4504,0.0,MSW_URB_TEX
"textiles, leather, rubber",source-segegated,Ni,mg/kgTS,26.54,26.54,0.0,MSW_URB_TEX
"textiles, leather, rubber",source-segegated,O,%TS,23.5745,23.5745,0.0,MSW_URB_TEX
"textiles, leather, rubber",source-segegated,P,mg/kgTS,157.02,157.02,0.0,MSW_URB_TEX
"textiles, leather, rubber",source-segegated,Pb,mg/kgTS,21.1373,21.1373,0.0,MSW_URB_TEX
"textiles, leather, rubber",source-segegated,Pd,mg/kgTS,0.066189,0.066189,0.0,MSW_URB_TEX
"textiles, leather, rubber",source-segegated,Pr,mg/kgTS,0.12494,0.12494,0.0,MSW_URB_TEX
"textiles, leather, rubber",source-segegated,Pt,mg/kgTS,0.061567,0.061567,0.0,MSW_URB_TEX
"textiles, leather, rubber",source-segegated,Rb,mg/kgTS,1.9344,1.9344,0.0,MSW_URB_TEX
"textiles, leather, rubber",source-segegated,Re,mg/kgTS,0.068733,0.068733,0.0,MSW_URB_TEX
"textiles, leather, rubber",source-segegated,Rh,mg/kgTS,0.003867,0.003867,0.0,MSW_URB_TEX
"textiles, leather, rubber",source-segegated,Ru,mg/kgTS,0.031811,0.031811,0.0,MSW_URB_TEX
"textiles, leather, rubber",source-segegated,S,mg/kgTS,3753.4,3753.4,0.0,MSW_URB_TEX
"textiles, leather, rubber",source-segegated,Sb,mg/kgTS,52.839,52.839,0.0,MSW_URB_TEX
"textiles, leather, rubber",source-segegated,Sc,mg/kgTS,0.22638,0.22638,0.0,MSW_URB_TEX
"textiles, leather, rubber",source-segegated,Se,mg/kgTS,48.6897,48.6897,0.0,MSW_URB_TEX
"textiles, leather, rubber",source-segegated,Si,mg/kgTS,8386.0,8386.0,0.0,MSW_URB_TEX
"textiles, leather, rubber",source-segegated,Sm,mg/kgTS,0.05956,0.05956,0.0,MSW_URB_TEX
"textiles, leather, rubber",source-segegated,Sn,mg/kgTS,17.4731,17.4731,0.0,MSW_URB_TEX
"textiles, leather, rubber",source-segegated,Sr,mg/kgTS,47.902,47.902,0.0,MSW_URB_TEX
"textiles, leather, rubber",source-segegated,Ta,mg/kgTS,0.43937,0.43937,0.0,MSW_URB_TEX
"textiles, leather, rubber",source-segegated,Tb,mg/kgTS,0.010356,0.010356,0.0,MSW_URB_TEX
"textiles, leather, rubber",source-segegated,Th,mg/kgTS,0.11447,0.11447,0.0,MSW_URB_TEX
"textiles, leather, rubber",source-segegated,Ti,mg/kgTS,2088.41,2088.41,0.0,MSW_URB_TEX
"textiles, leather, rubber",source-segegated,Tl,mg/kgTS,0.375544,0.375544,0.0,MSW_URB_TEX
"textiles, leather, rubber",source-segegated,Tm,mg/kgTS,0.0095,0.0095,0.0,MSW_URB_TEX
"textiles, leather, rubber",source-segegated,U,mg/kgTS,0.09292,0.09292,0.0,MSW_URB_TEX
"textiles, leather, rubber",source-segegated,V,mg/kgTS,2.0189,2.0189,0.0,MSW_URB_TEX
"textiles, leather, rubber",source-segegated,VS,%TS,89.8733,89.8733,0.0,MSW_URB_TEX
"textiles, leather, rubber",source-segegated,W,mg/kgTS,7.22086,7.22086,0.0,MSW_URB_TEX
"textiles, leather, rubber",source-segegated,Yb,mg/kgTS,0.0219,0.0219,0.0,MSW_URB_TEX
"textiles, leather, rubber",source-segegated,Zn,mg/kgTS,2402.47,2402.47,0.0,MSW_URB_TEX
"textiles, leather, rubber",source-segegated,Zr,mg/kgTS,3.216,3.216,0.0,MSW_URB_TEX
"textiles, leather, rubber",source-segegated,ash,%TS,10.1267,10.1267,0.0,MSW_URB_TEX
non-ferrous metal,residual,Ag,mg/kgTS,1.15617,3.98853,2.4497781468123203,MSW_URB_MET
non-ferrous metal,residual,Al,mg/kgTS,97206.0,129767.0,0.33496903483324075,MSW_URB_MET
non-ferrous metal,residual,As,mg/kgTS,1.7855,5.3076,1.972612713525623,MSW_URB_MET
non-ferrous metal,residual,Au,mg/kgTS,0.220767,0.2219,0.005132107606662206,MSW_URB_MET
non-ferrous metal,residual,Ba,mg/kgTS,25.24,170.65,5.76109350237718,MSW_URB_MET
non-ferrous metal,residual,Be,mg/kgTS,1.33243,1.3394,0.005231044032331845,MSW_URB_MET
non-ferrous metal,residual,Br,%TS,0.001,0.001,0.0,MSW_URB_MET
non-ferrous metal,residual,C,%TS,8.3067,46.18,4.559367739294786,MSW_URB_MET
non-ferrous metal,residual,Ca,mg/kgTS,759.3,16080.6,20.178190438561835,MSW_URB_MET
non-ferrous metal,residual,Cd,mg/kgTS,0.09403,0.98193,9.442731043284057,MSW_URB_MET
non-ferrous metal,residual,Ce,mg/kgTS,0.70573,2.3026,2.262720870587902,MSW_URB_MET
non-ferrous metal,residual,Cl,%TS,0.31567,9.7711,29.953527417873094,MSW_URB_MET
non-ferrous metal,residual,Co,mg/kgTS,2.356,3.1874,0.3528862478777589,MSW_URB_MET
non-ferrous metal,residual,Cr,mg/kgTS,41.36,457.99,10.07325918762089,MSW_URB_MET
non-ferrous metal,residual,Cs,mg/kgTS,0.669767,0.673267,0.005225697891953392,MSW_URB_MET
non-ferrous metal,residual,Cu,mg/kgTS,68.8,45704.9,663.3154069767442,MSW_URB_MET
non-ferrous metal,residual,Dy,mg/kgTS,0.044467,0.058867,0.3238356534058966,MSW_URB_MET
non-ferrous metal,residual,Er,mg/kgTS,0.0292,0.043167,0.4783219178082191,MSW_URB_MET
non-ferrous metal,residual,Eu,mg/kgTS,0.010433,0.020567,0.9713409374101408,MSW_URB_MET
non-ferrous metal,residual,F,%TS,0.001,0.005633,4.633,MSW_URB_MET
non-ferrous metal,residual,Fe,mg/kgTS,3500.0,17405.0,3.972857142857143,MSW_URB_MET
non-ferrous metal,residual,Ga,mg/kgTS,15.9716,74.1796,3.6444689323549295,MSW_URB_MET
non-ferrous metal,residual,Gd,mg/kgTS,0.0482,0.079833,0.656286307053942,MSW_URB_MET
non-ferrous metal,residual,Ge,mg/kgTS,0.18403,0.2639,0.4340053252187145,MSW_URB_MET
non-ferrous metal,residual,H,%TS,1.406,7.003,3.9807965860597445,MSW_URB_MET
non-ferrous metal,residual,HHV,MJ/kgTS,4.377644504999999,23.826821895,4.442840748668787,MSW_URB_MET
non-ferrous metal,residual,Hf,mg/kgTS,0.1715,0.782633,3.5634577259475217,MSW_URB_MET
non-ferrous metal,residual,Hg,μg/kgTS,2.6667,12.2667,3.5999550005624927,MSW_URB_MET
non-ferrous metal,residual,Ho,mg/kgTS,0.0074,0.008467,0.14418918918918922,MSW_URB_MET
non-ferrous metal,residual,In,mg/kgTS,0.0303,0.31577,9.421452145214522,MSW_URB_MET
non-ferrous metal,residual,Ir,mg/kgTS,0.2806,0.282133,0.005463292943692111,MSW_URB_MET
non-ferrous metal,residual,K,mg/kgTS,413.0,3588.57,7.689031476997579,MSW_URB_MET
non-ferrous metal,residual,LHV,MJ/kgTS,4.068760364999999,22.288332824999998,4.4779173078677985,MSW_URB_MET
non-ferrous metal,residual,La,mg/kgTS,0.51813,1.34207,1.5902186709899062,MSW_URB_MET
non-ferrous metal,residual,Li,mg/kgTS,5.5063,5.53517,0.005243085193323921,MSW_URB_MET
non-ferrous metal,residual,Lu,mg/kgTS,0.0141,0.0142,0.007092198581560364,MSW_URB_MET
non-ferrous metal,residual,Mg,mg/kgTS,434.8,6316.0,13.52621895124195,MSW_URB_MET
non-ferrous metal,residual,Mn,mg/kgTS,774.07,5328.22,5.883382639812937,MSW_URB_MET
non-ferrous metal,residual,Mo,mg/kgTS,2.996,3.698,0.2343124165554072,MSW_URB_MET
non-ferrous metal,residual,N,%TS,0.33,0.60333,0.8282727272727273,MSW_URB_MET
non-ferrous metal,residual,Na,mg/kgTS,568.0,4580.71,7.064630281690141,MSW_URB_MET
non-ferrous metal,residual,Nb,mg/kgTS,0.47247,1.07007,1.2648422122039498,MSW_URB_MET
non-ferrous metal,residual,Nd,mg/kgTS,0.31487,0.70407,1.2360656778988155,MSW_URB_MET
non-ferrous metal,residual,Ni,mg/kgTS,43.64,686.63,14.733959670027497,MSW_URB_MET
non-ferrous metal,residual,O,%TS,1.53225,3.695,1.4114863762440855,MSW_URB_MET
non-ferrous metal,residual,P,mg/kgTS,136.519,854.029,5.255751946615489,MSW_URB_MET
non-ferrous metal,residual,Pb,mg/kgTS,8.12,679.504,82.68275862068967,MSW_URB_MET
non-ferrous metal,residual,Pd,mg/kgTS,0.239467,0.2407,0.005148934926315459,MSW_URB_MET
non-ferrous metal,residual,Pr,mg/kgTS,0.074233,0.2105,1.8356660784287313,MSW_URB_MET
non-ferrous metal,residual,Pt,mg/kgTS,0.018733,0.0205,0.0943255218064379,MSW_URB_MET
non-ferrous metal,residual,Rb,mg/kgTS,2.61537,3.12713,0.19567403464901725,MSW_URB_MET
non-ferrous metal,residual,Re,mg/kgTS,0.033667,0.033833,0.004930644251047003,MSW_URB_MET
non-ferrous metal,residual,Rh,mg/kgTS,0.007467,0.0453,5.066693451185215,MSW_URB_MET
non-ferrous metal,residual,Ru,mg/kgTS,0.007467,0.007533,0.008838891120932113,MSW_URB_MET
non-ferrous metal,residual,S,mg/kgTS,236.93,1766.17,6.454395813109357,MSW_URB_MET
non-ferrous metal,residual,Sb,mg/kgTS,0.7579,23.61,30.151867000923605,MSW_URB_MET
non-ferrous metal,residual,Sc,mg/kgTS,0.147367,0.189633,0.28680776564631155,MSW_URB_MET
non-ferrous metal,residual,Se,mg/kgTS,64.5994,64.9376,0.005235342743121461,MSW_URB_MET
non-ferrous metal,residual,Si,mg/kgTS,6505.0,19916.3,2.0616910069177554,MSW_URB_MET
non-ferrous metal,residual,Sm,mg/kgTS,0.0544,0.076067,0.3982904411764706,MSW_URB_MET
non-ferrous metal,residual,Sn,mg/kgTS,15.34,76.42,3.981747066492829,MSW_URB_MET
non-ferrous metal,residual,Sr,mg/kgTS,2.985,23.127,6.747738693467337,MSW_URB_MET
non-ferrous metal,residual,Ta,mg/kgTS,0.1499,0.1932,0.28885923949299536,MSW_URB_MET
non-ferrous metal,residual,Tb,mg/kgTS,0.0097,0.0161,0.6597938144329896,MSW_URB_MET
non-ferrous metal,residual,Th,mg/kgTS,0.080433,0.1336,0.6610097845411708,MSW_URB_MET
non-ferrous metal,residual,Ti,mg/kgTS,425.77,1052.28,1.4714752096202175,MSW_URB_MET
non-ferrous metal,residual,Tl,mg/kgTS,0.513333,0.5166,0.006364289846941281,MSW_URB_MET
non-ferrous metal,residual,Tm,mg/kgTS,0.007733,0.007833,0.012931591878960222,MSW_URB_MET
non-ferrous metal,residual,U,mg/kgTS,0.161533,0.799167,3.9473915546668477,MSW_URB_MET
non-ferrous metal,residual,V,mg/kgTS,11.895,93.176,6.833207229928542,MSW_URB_MET
non-ferrous metal,residual,VS,%TS,10.6133,63.06,4.941601575381832,MSW_URB_MET
non-ferrous metal,residual,W,mg/kgTS,1.987,2.844,0.43130347257171603,MSW_URB_MET
non-ferrous metal,residual,Yb,mg/kgTS,0.015033,0.019067,0.2683429787800174,MSW_URB_MET
non-ferrous metal,residual,Zn,mg/kgTS,136.2,13631.1,99.08149779735683,MSW_URB_MET
non-ferrous metal,residual,Zr,mg/kgTS,5.2044,17.4718,2.357120897701945,MSW_URB_MET
non-ferrous metal,residual,ash,%TS,36.94,89.387,1.41978884677856,MSW_URB_MET
non-ferrous metal,source-segegated,Ag,mg/kgTS,1.22117,1.22117,0.0,MSW_URB_MET
non-ferrous metal,source-segegated,Al,mg/kgTS,322591.0,322591.0,0.0,MSW_URB_MET
non-ferrous metal,source-segegated,As,mg/kgTS,1.7316,1.7316,0.0,MSW_URB_MET
non-ferrous metal,source-segegated,Au,mg/kgTS,0.225533,0.225533,0.0,MSW_URB_MET
non-ferrous metal,source-segegated,Ba,mg/kgTS,15.71,15.71,0.0,MSW_URB_MET
non-ferrous metal,source-segegated,Be,mg/kgTS,1.36127,1.36127,0.0,MSW_URB_MET
non-ferrous metal,source-segegated,Br,%TS,0.001,0.001,0.0,MSW_URB_MET
non-ferrous metal,source-segegated,C,%TS,1.5433,1.5433,0.0,MSW_URB_MET
non-ferrous metal,source-segegated,Ca,mg/kgTS,757.9,757.9,0.0,MSW_URB_MET
non-ferrous metal,source-segegated,Cd,mg/kgTS,0.28213,0.28213,0.0,MSW_URB_MET
non-ferrous metal,source-segegated,Ce,mg/kgTS,0.4484,0.4484,0.0,MSW_URB_MET
non-ferrous metal,source-segegated,Cl,%TS,0.01503,0.01503,0.0,MSW_URB_MET
non-ferrous metal,source-segegated,Co,mg/kgTS,2.7905,2.7905,0.0,MSW_URB_MET
non-ferrous metal,source-segegated,Cr,mg/kgTS,128.89,128.89,0.0,MSW_URB_MET
non-ferrous metal,source-segegated,Cs,mg/kgTS,0.684233,0.684233,0.0,MSW_URB_MET
non-ferrous metal,source-segegated,Cu,mg/kgTS,1540.3,1540.3,0.0,MSW_URB_MET
non-ferrous metal,source-segegated,Dy,mg/kgTS,0.026533,0.026533,0.0,MSW_URB_MET
non-ferrous metal,source-segegated,Er,mg/kgTS,0.0382,0.0382,0.0,MSW_URB_MET
non-ferrous metal,source-segegated,Eu,mg/kgTS,0.006933,0.006933,0.0,MSW_URB_MET
non-ferrous metal,source-segegated,F,%TS,0.001,0.001,0.0,MSW_URB_MET
non-ferrous metal,source-segegated,Fe,mg/kgTS,4046.0,4046.0,0.0,MSW_URB_MET
non-ferrous metal,source-segegated,Ga,mg/kgTS,76.4238,76.4238,0.0,MSW_URB_MET
non-ferrous metal,source-segegated,Gd,mg/kgTS,0.0271,0.0271,0.0,MSW_URB_MET
non-ferrous metal,source-segegated,Ge,mg/kgTS,0.2298,0.2298,0.0,MSW_URB_MET
non-ferrous metal,source-segegated,H,%TS,0.11502,0.11502,0.0,MSW_URB_MET
non-ferrous metal,source-segegated,HHV,MJ/kgTS,0.6545993687999999,0.6545993687999999,0.0,MSW_URB_MET
non-ferrous metal,source-segegated,Hf,mg/kgTS,0.865433,0.865433,0.0,MSW_URB_MET
non-ferrous metal,source-segegated,Hg,μg/kgTS,2.4,2.4,0.0,MSW_URB_MET
non-ferrous metal,source-segegated,Ho,mg/kgTS,0.007467,0.007467,0.0,MSW_URB_MET
non-ferrous metal,source-segegated,In,mg/kgTS,0.0585,0.0585,0.0,MSW_URB_MET
non-ferrous metal,source-segegated,Ir,mg/kgTS,0.2867,0.2867,0.0,MSW_URB_MET
non-ferrous metal,source-segegated,K,mg/kgTS,393.55,393.55,0.0,MSW_URB_MET
non-ferrous metal,source-segegated,LHV,MJ/kgTS,0.6293306249999999,0.6293306249999999,0.0,MSW_URB_MET
non-ferrous metal,source-segegated,La,mg/kgTS,0.38187,0.38187,0.0,MSW_URB_MET
non-ferrous metal,source-segegated,Li,mg/kgTS,5.62537,5.62537,0.0,MSW_URB_MET
non-ferrous metal,source-segegated,Lu,mg/kgTS,0.014433,0.014433,0.0,MSW_URB_MET
non-ferrous metal,source-segegated,Mg,mg/kgTS,12626.9,12626.9,0.0,MSW_URB_MET
non-ferrous metal,source-segegated,Mn,mg/kgTS,7600.48,7600.48,0.0,MSW_URB_MET
non-ferrous metal,source-segegated,Mo,mg/kgTS,3.1,3.1,0.0,MSW_URB_MET
non-ferrous metal,source-segegated,N,%TS,0.09333,0.09333,0.0,MSW_URB_MET
non-ferrous metal,source-segegated,Na,mg/kgTS,1021.9,1021.9,0.0,MSW_URB_MET
non-ferrous metal,source-segegated,Nb,mg/kgTS,0.47283,0.47283,0.0,MSW_URB_MET
non-ferrous metal,source-segegated,Nd,mg/kgTS,0.141,0.141,0.0,MSW_URB_MET
non-ferrous metal,source-segegated,Ni,mg/kgTS,57.43,57.43,0.0,MSW_URB_MET
non-ferrous metal,source-segegated,O,%TS,0.21016,0.21016,0.0,MSW_URB_MET
non-ferrous metal,source-segegated,P,mg/kgTS,111.027,111.027,0.0,MSW_URB_MET
non-ferrous metal,source-segegated,Pb,mg/kgTS,30.047,30.047,0.0,MSW_URB_MET
non-ferrous metal,source-segegated,Pd,mg/kgTS,0.244667,0.244667,0.0,MSW_URB_MET
non-ferrous metal,source-segegated,Pr,mg/kgTS,0.031133,0.031133,0.0,MSW_URB_MET
non-ferrous metal,source-segegated,Pt,mg/kgTS,0.019133,0.019133,0.0,MSW_URB_MET
non-ferrous metal,source-segegated,Rb,mg/kgTS,2.67197,2.67197,0.0,MSW_URB_MET
non-ferrous metal,source-segegated,Re,mg/kgTS,0.0344,0.0344,0.0,MSW_URB_MET
non-ferrous metal,source-segegated,Rh,mg/kgTS,0.007667,0.007667,0.0,MSW_URB_MET
non-ferrous metal,source-segegated,Ru,mg/kgTS,0.009267,0.009267,0.0,MSW_URB_MET
non-ferrous metal,source-segegated,S,mg/kgTS,102.47,102.47,0.0,MSW_URB_MET
non-ferrous metal,source-segegated,Sb,mg/kgTS,0.9586,0.9586,0.0,MSW_URB_MET
non-ferrous metal,source-segegated,Sc,mg/kgTS,0.1937,0.1937,0.0,MSW_URB_MET
non-ferrous metal,source-segegated,Se,mg/kgTS,65.996,65.996,0.0,MSW_URB_MET
non-ferrous metal,source-segegated,Si,mg/kgTS,6025.6,6025.6,0.0,MSW_URB_MET
non-ferrous metal,source-segegated,Sm,mg/kgTS,0.045833,0.045833,0.0,MSW_URB_MET
non-ferrous metal,source-segegated,Sn,mg/kgTS,22.46,22.46,0.0,MSW_URB_MET
non-ferrous metal,source-segegated,Sr,mg/kgTS,1.88,1.88,0.0,MSW_URB_MET
non-ferrous metal,source-segegated,Ta,mg/kgTS,0.1529,0.1529,0.0,MSW_URB_MET
non-ferrous metal,source-segegated,Tb,mg/kgTS,0.005767,0.005767,0.0,MSW_URB_MET
non-ferrous metal,source-segegated,Th,mg/kgTS,0.027733,0.027733,0.0,MSW_URB_MET
non-ferrous metal,source-segegated,Ti,mg/kgTS,373.14,373.14,0.0,MSW_URB_MET
non-ferrous metal,source-segegated,Tl,mg/kgTS,0.5237,0.5237,0.0,MSW_URB_MET
non-ferrous metal,source-segegated,Tm,mg/kgTS,0.007967,0.007967,0.0,MSW_URB_MET
non-ferrous metal,source-segegated,U,mg/kgTS,0.483733,0.483733,0.0,MSW_URB_MET
non-ferrous metal,source-segegated,V,mg/kgTS,100.809,100.809,0.0,MSW_URB_MET
non-ferrous metal,source-segegated,VS,%TS,0.7267,0.7267,0.0,MSW_URB_MET
non-ferrous metal,source-segegated,W,mg/kgTS,0.947,0.947,0.0,MSW_URB_MET
non-ferrous metal,source-segegated,Yb,mg/kgTS,0.009933,0.009933,0.0,MSW_URB_MET
non-ferrous metal,source-segegated,Zn,mg/kgTS,387.2,387.2,0.0,MSW_URB_MET
non-ferrous metal,source-segegated,Zr,mg/kgTS,23.9972,23.9972,0.0,MSW_URB_MET
non-ferrous metal,source-segegated,ash,%TS,99.273,99.273,0.0,MSW_URB_MET
ferrous metal,residual,Ag,mg/kgTS,1.1585,1.41023,0.21728959861890373,MSW_URB_MET
ferrous metal,residual,Al,mg/kgTS,22941.0,59076.0,1.5751275009807768,MSW_URB_MET
ferrous metal,residual,As,mg/kgTS,20.2233,30.5984,0.5130270529537714,MSW_URB_MET
ferrous metal,residual,Au,mg/kgTS,0.2212,0.2235,0.010397830018083167,MSW_URB_MET
ferrous metal,residual,Ba,mg/kgTS,357.89,6117.26,16.092570342842773,MSW_URB_MET
ferrous metal,residual,Be,mg/kgTS,1.33513,1.34877,0.010216233625190129,MSW_URB_MET
ferrous metal,residual,Br,%TS,0.001,0.001,0.0,MSW_URB_MET
ferrous metal,residual,C,%TS,3.1984,18.5933,4.813312906453227,MSW_URB_MET
ferrous metal,residual,Ca,mg/kgTS,2566.1,4818.3,0.877674291726745,MSW_URB_MET
ferrous metal,residual,Cd,mg/kgTS,0.09373,2.41193,24.732742985170173,MSW_URB_MET
ferrous metal,residual,Ce,mg/kgTS,0.43,3.054,6.102325581395348,MSW_URB_MET
ferrous metal,residual,Cl,%TS,0.21173,0.21173,0.0,MSW_URB_MET
ferrous metal,residual,Co,mg/kgTS,24.1009,39.1493,0.6243916202299499,MSW_URB_MET
ferrous metal,residual,Cr,mg/kgTS,289.3,1398.79,3.8350846871759416,MSW_URB_MET
ferrous metal,residual,Cs,mg/kgTS,0.671133,0.677967,0.01018278046229288,MSW_URB_MET
ferrous metal,residual,Cu,mg/kgTS,249.9,2593.7,9.378951580632252,MSW_URB_MET
ferrous metal,residual,Dy,mg/kgTS,0.025833,0.070667,1.7355320713815663,MSW_URB_MET
ferrous metal,residual,Er,mg/kgTS,0.020433,0.129133,5.319825772035433,MSW_URB_MET
ferrous metal,residual,Eu,mg/kgTS,0.045933,0.7122,14.505192345372608,MSW_URB_MET
ferrous metal,residual,F,%TS,0.001033,0.001033,0.0,MSW_URB_MET
ferrous metal,residual,Fe,mg/kgTS,519246.0,822477.0,0.5839833142672259,MSW_URB_MET
ferrous metal,residual,Ga,mg/kgTS,16.3263,97.3585,4.963292356504536,MSW_URB_MET
ferrous metal,residual,Gd,mg/kgTS,0.0222,0.2128,8.585585585585585,MSW_URB_MET
ferrous metal,residual,Ge,mg/kgTS,2.25473,2.56713,0.13855317488124974,MSW_URB_MET
ferrous metal,residual,H,%TS,0.36439,2.88333,6.912758308405828,MSW_URB_MET
ferrous metal,residual,HHV,MJ/kgTS,1.2749136141,9.4324591527,6.398508454518826,MSW_URB_MET
ferrous metal,residual,Hf,mg/kgTS,0.1339,0.4127,2.0821508588498885,MSW_URB_MET
ferrous metal,residual,Hg,μg/kgTS,2.7667,2.7667,0.0,MSW_URB_MET
ferrous metal,residual,Ho,mg/kgTS,0.007333,0.0232,2.163780171825992,MSW_URB_MET
ferrous metal,residual,In,mg/kgTS,0.00753,2.8612,378.9734395750332,MSW_URB_MET
ferrous metal,residual,Ir,mg/kgTS,0.281167,0.284067,0.010314154932833561,MSW_URB_MET
ferrous metal,residual,K,mg/kgTS,536.22,1303.3,1.4305322442281152,MSW_URB_MET
ferrous metal,residual,LHV,MJ/kgTS,1.194860775,8.799020385,6.36405493351307,MSW_URB_MET
ferrous metal,residual,La,mg/kgTS,0.21523,0.9434,3.3832179528876085,MSW_URB_MET
ferrous metal,residual,Li,mg/kgTS,5.51747,5.57387,0.010222076422708235,MSW_URB_MET
ferrous metal,residual,Lu,mg/kgTS,0.014167,0.0216,0.5246700077645232,MSW_URB_MET
ferrous metal,residual,Mg,mg/kgTS,557.5,613.8,0.10098654708520172,MSW_URB_MET
ferrous metal,residual,Mn,mg/kgTS,2411.41,3893.39,0.6145698989387952,MSW_URB_MET
ferrous metal,residual,Mo,mg/kgTS,21.937,138.662,5.320918995304736,MSW_URB_MET
ferrous metal,residual,N,%TS,0.13335,1.29333,8.698762654668167,MSW_URB_MET
ferrous metal,residual,Na,mg/kgTS,711.95,2059.06,1.8921413020577285,MSW_URB_MET
ferrous metal,residual,Nb,mg/kgTS,1.5887,2.21347,0.3932586391389186,MSW_URB_MET
ferrous metal,residual,Nd,mg/kgTS,0.13453,1.71443,11.74384895562328,MSW_URB_MET
ferrous metal,residual,Ni,mg/kgTS,271.44,1808.09,5.661103743000294,MSW_URB_MET
ferrous metal,residual,O,%TS,2.516,4.49833,0.7878895071542131,MSW_URB_MET
ferrous metal,residual,P,mg/kgTS,232.985,349.596,0.5005086164345344,MSW_URB_MET
ferrous metal,residual,Pb,mg/kgTS,3.322,865.358,259.49307645996385,MSW_URB_MET
ferrous metal,residual,Pd,mg/kgTS,0.239933,0.2424,0.01028203706868166,MSW_URB_MET
ferrous metal,residual,Pr,mg/kgTS,0.0454,0.4557,9.037444933920705,MSW_URB_MET
ferrous metal,residual,Pt,mg/kgTS,0.018733,0.033367,0.7811882773714836,MSW_URB_MET
ferrous metal,residual,Rb,mg/kgTS,2.62067,2.64747,0.010226392487417399,MSW_URB_MET
ferrous metal,residual,Re,mg/kgTS,0.033733,0.0871,1.582041324519017,MSW_URB_MET
ferrous metal,residual,Rh,mg/kgTS,0.007533,0.060667,7.053497942386832,MSW_URB_MET
ferrous metal,residual,Ru,mg/kgTS,0.007533,0.008833,0.17257400769945583,MSW_URB_MET
ferrous metal,residual,S,mg/kgTS,284.03,2423.33,7.531950850262297,MSW_URB_MET
ferrous metal,residual,Sb,mg/kgTS,5.4243,28.3189,4.220747377541803,MSW_URB_MET
ferrous metal,residual,Sc,mg/kgTS,0.1555,0.155667,0.0010739549839228328,MSW_URB_MET
ferrous metal,residual,Se,mg/kgTS,64.73,65.3916,0.010220917657963739,MSW_URB_MET
ferrous metal,residual,Si,mg/kgTS,5573.6,13089.5,1.3484821300416248,MSW_URB_MET
ferrous metal,residual,Sm,mg/kgTS,0.045,0.126533,1.8118444444444446,MSW_URB_MET
ferrous metal,residual,Sn,mg/kgTS,769.82,2758.63,2.583474058870905,MSW_URB_MET
ferrous metal,residual,Sr,mg/kgTS,126.008,814.185,5.461375468224239,MSW_URB_MET
ferrous metal,residual,Ta,mg/kgTS,0.302333,0.3455,0.14277965025319747,MSW_URB_MET
ferrous metal,residual,Tb,mg/kgTS,0.004,0.018933,3.7332499999999995,MSW_URB_MET
ferrous metal,residual,Th,mg/kgTS,0.0532,0.2628,3.9398496240601504,MSW_URB_MET
ferrous metal,residual,Ti,mg/kgTS,713.17,991.15,0.38978083766843813,MSW_URB_MET
ferrous metal,residual,Tl,mg/kgTS,0.513633,0.518867,0.010190155227565131,MSW_URB_MET
ferrous metal,residual,Tm,mg/kgTS,0.007833,0.0202,1.5788331418358228,MSW_URB_MET
ferrous metal,residual,U,mg/kgTS,0.028933,0.134533,3.649811633774583,MSW_URB_MET
ferrous metal,residual,V,mg/kgTS,7.106,41.116,4.786096256684492,MSW_URB_MET
ferrous metal,residual,VS,%TS,0.053,0.053,0.0,MSW_URB_MET
ferrous metal,residual,W,mg/kgTS,6.437,129.24,19.07767593599503,MSW_URB_MET
ferrous metal,residual,Yb,mg/kgTS,0.008533,0.057033,5.683815774053674,MSW_URB_MET
ferrous metal,residual,Zn,mg/kgTS,178.0,23540.1,131.24775280898876,MSW_URB_MET
ferrous metal,residual,Zr,mg/kgTS,4.3692,8.8629,1.0284949189783026,MSW_URB_MET
ferrous metal,residual,ash,%TS,99.947,99.947,0.0,MSW_URB_MET
ferrous metal,source-segegated,Ag,mg/kgTS,1.17387,1.17387,0.0,MSW_URB_MET
ferrous metal,source-segegated,Al,mg/kgTS,60756.0,60756.0,0.0,MSW_URB_MET
ferrous metal,source-segegated,As,mg/kgTS,15.9432,15.9432,0.0,MSW_URB_MET
ferrous metal,source-segegated,Au,mg/kgTS,0.224167,0.224167,0.0,MSW_URB_MET
ferrous metal,source-segegated,Ba,mg/kgTS,310.25,310.25,0.0,MSW_URB_MET
ferrous metal,source-segegated,Be,mg/kgTS,1.35287,1.35287,0.0,MSW_URB_MET
ferrous metal,source-segegated,Br,%TS,0.001,0.001,0.0,MSW_URB_MET
ferrous metal,source-segegated,C,%TS,1.9867,1.9867,0.0,MSW_URB_MET
ferrous metal,source-segegated,Ca,mg/kgTS,1066.1,1066.1,0.0,MSW_URB_MET
ferrous metal,source-segegated,Cd,mg/kgTS,0.09497,0.09497,0.0,MSW_URB_MET
ferrous metal,source-segegated,Ce,mg/kgTS,0.2306,0.2306,0.0,MSW_URB_MET
ferrous metal,source-segegated,Cl,%TS,0.14873,0.14873,0.0,MSW_URB_MET
ferrous metal,source-segegated,Co,mg/kgTS,19.6316,19.6316,0.0,MSW_URB_MET
ferrous metal,source-segegated,Cr,mg/kgTS,228.66,228.66,0.0,MSW_URB_MET
ferrous metal,source-segegated,Cs,mg/kgTS,0.680033,0.680033,0.0,MSW_URB_MET
ferrous metal,source-segegated,Cu,mg/kgTS,162.5,162.5,0.0,MSW_URB_MET
ferrous metal,source-segegated,Dy,mg/kgTS,0.026133,0.026133,0.0,MSW_URB_MET
ferrous metal,source-segegated,Er,mg/kgTS,0.0207,0.0207,0.0,MSW_URB_MET
ferrous metal,source-segegated,Eu,mg/kgTS,0.030233,0.030233,0.0,MSW_URB_MET
ferrous metal,source-segegated,F,%TS,0.0011,0.0011,0.0,MSW_URB_MET
ferrous metal,source-segegated,Fe,mg/kgTS,840142.0,840142.0,0.0,MSW_URB_MET
ferrous metal,source-segegated,Ga,mg/kgTS,17.0722,17.0722,0.0,MSW_URB_MET
ferrous metal,source-segegated,Gd,mg/kgTS,0.023133,0.023133,0.0,MSW_URB_MET
ferrous metal,source-segegated,Ge,mg/kgTS,5.6029,5.6029,0.0,MSW_URB_MET
ferrous metal,source-segegated,H,%TS,0.11949,0.11949,0.0,MSW_URB_MET
ferrous metal,source-segegated,HHV,MJ/kgTS,0.7848374930999998,0.7848374930999998,0.0,MSW_URB_MET
ferrous metal,source-segegated,Hf,mg/kgTS,0.1329,0.1329,0.0,MSW_URB_MET
ferrous metal,source-segegated,Hg,μg/kgTS,2.4,2.4,0.0,MSW_URB_MET
ferrous metal,source-segegated,Ho,mg/kgTS,0.007433,0.007433,0.0,MSW_URB_MET
ferrous metal,source-segegated,In,mg/kgTS,0.0076,0.0076,0.0,MSW_URB_MET
ferrous metal,source-segegated,Ir,mg/kgTS,0.2849,0.2849,0.0,MSW_URB_MET
ferrous metal,source-segegated,K,mg/kgTS,391.12,391.12,0.0,MSW_URB_MET
ferrous metal,source-segegated,LHV,MJ/kgTS,0.7585867349999998,0.7585867349999998,0.0,MSW_URB_MET
ferrous metal,source-segegated,La,mg/kgTS,0.18357,0.18357,0.0,MSW_URB_MET
ferrous metal,source-segegated,Li,mg/kgTS,5.59073,5.59073,0.0,MSW_URB_MET
ferrous metal,source-segegated,Lu,mg/kgTS,0.0143,0.0143,0.0,MSW_URB_MET
ferrous metal,source-segegated,Mg,mg/kgTS,2772.3,2772.3,0.0,MSW_URB_MET
ferrous metal,source-segegated,Mn,mg/kgTS,2287.71,2287.71,0.0,MSW_URB_MET
ferrous metal,source-segegated,Mo,mg/kgTS,17.442,17.442,0.0,MSW_URB_MET
ferrous metal,source-segegated,N,%TS,0.08333,0.08333,0.0,MSW_URB_MET
ferrous metal,source-segegated,Na,mg/kgTS,466.9,466.9,0.0,MSW_URB_MET
ferrous metal,source-segegated,Nb,mg/kgTS,1.65193,1.65193,0.0,MSW_URB_MET
ferrous metal,source-segegated,Nd,mg/kgTS,0.11023,0.11023,0.0,MSW_URB_MET
ferrous metal,source-segegated,Ni,mg/kgTS,182.82,182.82,0.0,MSW_URB_MET
ferrous metal,source-segegated,O,%TS,0.4845,0.4845,0.0,MSW_URB_MET
ferrous metal,source-segegated,P,mg/kgTS,131.076,131.076,0.0,MSW_URB_MET
ferrous metal,source-segegated,Pb,mg/kgTS,3.879,3.879,0.0,MSW_URB_MET
ferrous metal,source-segegated,Pd,mg/kgTS,0.243167,0.243167,0.0,MSW_URB_MET
ferrous metal,source-segegated,Pr,mg/kgTS,0.022533,0.022533,0.0,MSW_URB_MET
ferrous metal,source-segegated,Pt,mg/kgTS,0.019,0.019,0.0,MSW_URB_MET
ferrous metal,source-segegated,Rb,mg/kgTS,2.65553,2.65553,0.0,MSW_URB_MET
ferrous metal,source-segegated,Re,mg/kgTS,0.0342,0.0342,0.0,MSW_URB_MET
ferrous metal,source-segegated,Rh,mg/kgTS,0.0076,0.0076,0.0,MSW_URB_MET
ferrous metal,source-segegated,Ru,mg/kgTS,0.0076,0.0076,0.0,MSW_URB_MET
ferrous metal,source-segegated,S,mg/kgTS,199.07,199.07,0.0,MSW_URB_MET
ferrous metal,source-segegated,Sb,mg/kgTS,4.8659,4.8659,0.0,MSW_URB_MET
ferrous metal,source-segegated,Sc,mg/kgTS,0.148167,0.148167,0.0,MSW_URB_MET
ferrous metal,source-segegated,Se,mg/kgTS,65.5897,65.5897,0.0,MSW_URB_MET
ferrous metal,source-segegated,Si,mg/kgTS,5647.6,5647.6,0.0,MSW_URB_MET
ferrous metal,source-segegated,Sm,mg/kgTS,0.0456,0.0456,0.0,MSW_URB_MET
ferrous metal,source-segegated,Sn,mg/kgTS,2138.29,2138.29,0.0,MSW_URB_MET
ferrous metal,source-segegated,Sr,mg/kgTS,9.045,9.045,0.0,MSW_URB_MET
ferrous metal,source-segegated,Ta,mg/kgTS,0.173167,0.173167,0.0,MSW_URB_MET
ferrous metal,source-segegated,Tb,mg/kgTS,0.0038,0.0038,0.0,MSW_URB_MET
ferrous metal,source-segegated,Th,mg/kgTS,0.027533,0.027533,0.0,MSW_URB_MET
ferrous metal,source-segegated,Ti,mg/kgTS,1000.2,1000.2,0.0,MSW_URB_MET
ferrous metal,source-segegated,Tl,mg/kgTS,0.520467,0.520467,0.0,MSW_URB_MET
ferrous metal,source-segegated,Tm,mg/kgTS,0.0079,0.0079,0.0,MSW_URB_MET
ferrous metal,source-segegated,U,mg/kgTS,0.046167,0.046167,0.0,MSW_URB_MET
ferrous metal,source-segegated,V,mg/kgTS,9.136,9.136,0.0,MSW_URB_MET
ferrous metal,source-segegated,VS,%TS,-3.927,-3.927,-0.0,MSW_URB_MET
ferrous metal,source-segegated,W,mg/kgTS,2.595,2.595,0.0,MSW_URB_MET
ferrous metal,source-segegated,Yb,mg/kgTS,0.0042,0.0042,0.0,MSW_URB_MET
ferrous metal,source-segegated,Zn,mg/kgTS,66.0,66.0,0.0,MSW_URB_MET
ferrous metal,source-segegated,Zr,mg/kgTS,3.5073,3.5073,0.0,MSW_URB_MET
ferrous metal,source-segegated,ash,%TS,103.927,103.927,0.0,MSW_URB_MET
