TIME_PERIOD,unit,DSP_I,DSP_I_RCV_E,DSP_L_OTH,GEN,PRP_REU,RCV_E,RCY,RCY_C_D,RCY_M,TRT,Country
1995,KG_HAB,0.0,54.0,205.0,437.0,0.0,54.0,221.0,118.0,103.0,482.0,AUT
1996,KG_HAB,0.0,54.0,185.0,516.0,0.0,54.0,321.0,210.0,110.0,563.0,AUT
1997,KG_HAB,0.0,56.0,189.0,532.0,0.0,56.0,338.0,220.0,118.0,586.0,AUT
1998,KG_HAB,0.0,55.0,186.0,532.0,0.0,55.0,342.0,219.0,124.0,586.0,AUT
1999,KG_HAB,0.0,57.0,194.0,563.0,0.0,57.0,357.0,224.0,133.0,611.0,AUT
2000,KG_HAB,0.0,65.0,196.0,580.0,0.0,65.0,368.0,227.0,141.0,633.0,AUT
2001,KG_HAB,0.0,65.0,192.0,576.0,0.0,65.0,371.0,231.0,140.0,631.0,AUT
2002,KG_HAB,0.0,66.0,187.0,608.0,0.0,66.0,380.0,242.0,138.0,637.0,AUT
2003,KG_HAB,0.0,73.0,183.0,607.0,0.0,73.0,390.0,253.0,137.0,650.0,AUT
2004,KG_HAB,0.0,169.0,68.0,574.0,0.0,169.0,329.0,192.0,137.0,566.0,AUT
2005,KG_HAB,0.0,159.0,65.0,575.0,0.0,159.0,335.0,192.0,143.0,559.0,AUT
2006,KG_HAB,0.0,173.0,59.0,597.0,0.0,173.0,353.0,201.0,152.0,585.0,AUT
2007,KG_HAB,0.0,175.0,51.0,597.0,0.0,175.0,359.0,200.0,159.0,586.0,AUT
2008,KG_HAB,0.0,163.0,45.0,600.0,0.0,163.0,380.0,202.0,177.0,587.0,AUT
2009,KG_HAB,0.0,173.0,36.0,590.0,0.0,173.0,365.0,186.0,179.0,574.0,AUT
2010,KG_HAB,0.0,196.0,18.0,562.0,0.0,196.0,334.0,182.0,152.0,548.0,AUT
2011,KG_HAB,0.0,200.0,27.0,573.0,0.0,200.0,325.0,188.0,137.0,552.0,AUT
2012,KG_HAB,0.0,201.0,25.0,579.0,0.0,201.0,334.0,196.0,139.0,560.0,AUT
2013,KG_HAB,0.0,202.0,23.0,578.0,0.0,202.0,334.0,192.0,142.0,559.0,AUT
2014,KG_HAB,0.0,205.0,23.0,565.0,0.0,205.0,319.0,175.0,144.0,547.0,AUT
2015,KG_HAB,0.0,212.0,17.0,560.0,0.0,212.0,318.0,175.0,144.0,547.0,AUT
2016,KG_HAB,0.0,212.0,15.0,564.0,0.0,212.0,325.0,181.0,144.0,552.0,AUT
2017,KG_HAB,0.0,221.0,12.0,570.0,0.0,221.0,329.0,182.0,147.0,562.0,AUT
2018,KG_HAB,0.0,224.0,13.0,579.0,0.0,224.0,334.0,187.0,147.0,570.0,AUT
2019,KG_HAB,0.0,226.0,12.0,588.0,0.0,226.0,342.0,189.0,154.0,580.0,AUT
2020,KG_HAB,1.0,299.0,15.0,834.0,4.0,298.0,519.0,179.0,337.0,834.0,AUT
2021,KG_HAB,1.0,296.0,17.0,835.0,5.0,296.0,521.0,174.0,343.0,835.0,AUT
1995,KG_HAB,92.0,161.0,198.0,455.0,0.0,69.0,87.0,36.0,51.0,446.0,BEL
1996,KG_HAB,83.0,153.0,169.0,450.0,0.0,70.0,113.0,49.0,65.0,435.0,BEL
1997,KG_HAB,81.0,175.0,123.0,457.0,0.0,94.0,157.0,75.0,83.0,455.0,BEL
1998,KG_HAB,71.0,162.0,101.0,451.0,0.0,91.0,189.0,83.0,106.0,452.0,BEL
1999,KG_HAB,13.0,147.0,91.0,460.0,0.0,134.0,212.0,93.0,119.0,451.0,BEL
2000,KG_HAB,14.0,158.0,91.0,471.0,0.0,144.0,234.0,106.0,128.0,484.0,BEL
2001,KG_HAB,16.0,151.0,74.0,467.0,0.0,135.0,235.0,100.0,135.0,460.0,BEL
2002,KG_HAB,19.0,170.0,56.0,482.0,0.0,151.0,248.0,106.0,142.0,474.0,BEL
2003,KG_HAB,16.0,174.0,52.0,465.0,0.0,158.0,246.0,108.0,138.0,472.0,BEL
2004,KG_HAB,12.0,173.0,57.0,485.0,0.0,161.0,260.0,116.0,144.0,489.0,BEL
2005,KG_HAB,11.0,180.0,56.0,482.0,0.0,169.0,268.0,112.0,156.0,504.0,BEL
2006,KG_HAB,2.0,169.0,47.0,485.0,0.0,167.0,272.0,113.0,160.0,488.0,BEL
2007,KG_HAB,5.0,186.0,47.0,493.0,0.0,182.0,280.0,116.0,164.0,513.0,BEL
2008,KG_HAB,10.0,184.0,19.0,480.0,0.0,174.0,253.0,98.0,155.0,456.0,BEL
2009,KG_HAB,9.0,176.0,15.0,467.0,0.0,167.0,252.0,95.0,157.0,443.0,BEL
2010,KG_HAB,8.0,178.0,7.0,456.0,0.0,170.0,250.0,97.0,153.0,436.0,BEL
2011,KG_HAB,13.0,182.0,4.0,455.0,0.0,169.0,247.0,93.0,154.0,433.0,BEL
2012,KG_HAB,12.0,184.0,3.0,445.0,0.0,172.0,237.0,93.0,144.0,425.0,BEL
2013,KG_HAB,9.0,191.0,4.0,436.0,0.0,182.0,230.0,92.0,138.0,425.0,BEL
2014,KG_HAB,3.0,185.0,4.0,425.0,0.0,182.0,228.0,87.0,142.0,418.0,BEL
2015,KG_HAB,3.0,182.0,4.0,412.0,0.0,179.0,220.0,80.0,140.0,406.0,BEL
2016,KG_HAB,4.0,186.0,3.0,419.0,0.0,182.0,224.0,85.0,139.0,419.0,BEL
2017,KG_HAB,3.0,176.0,4.0,411.0,0.0,173.0,221.0,81.0,140.0,407.0,BEL
2018,KG_HAB,3.0,177.0,4.0,409.0,0.0,174.0,222.0,82.0,141.0,409.0,BEL
2019,KG_HAB,2.0,178.0,4.0,416.0,0.0,176.0,227.0,86.0,142.0,416.0,BEL
2020,KG_HAB,0.0,356.0,4.0,729.0,2.0,356.0,374.0,137.0,235.0,729.0,BEL
2021,KG_HAB,0.0,332.0,3.0,755.0,7.0,332.0,420.0,152.0,260.0,755.0,BEL
1995,KG_HAB,0.0,0.0,531.0,694.0,0.0,0.0,0.0,0.0,0.0,531.0,BGR
1996,KG_HAB,0.0,0.0,478.0,618.0,0.0,0.0,0.0,0.0,0.0,478.0,BGR
1997,KG_HAB,0.0,0.0,435.0,579.0,0.0,0.0,0.0,0.0,0.0,435.0,BGR
1998,KG_HAB,0.0,0.0,384.0,591.0,0.0,0.0,94.0,0.0,94.0,478.0,BGR
1999,KG_HAB,0.0,0.0,389.0,598.0,0.0,0.0,94.0,0.0,94.0,483.0,BGR
2000,KG_HAB,0.0,0.0,400.0,612.0,0.0,0.0,95.0,0.0,95.0,495.0,BGR
2001,KG_HAB,0.0,0.0,399.0,596.0,0.0,0.0,96.0,0.0,96.0,495.0,BGR
2002,KG_HAB,0.0,0.0,407.0,602.0,0.0,0.0,98.0,0.0,98.0,505.0,BGR
2003,KG_HAB,0.0,0.0,411.0,603.0,0.0,0.0,100.0,0.0,100.0,510.0,BGR
2004,KG_HAB,0.0,0.0,401.0,599.0,0.0,0.0,103.0,0.0,103.0,503.0,BGR
2005,KG_HAB,0.0,0.0,411.0,588.0,0.0,0.0,107.0,0.0,107.0,518.0,BGR
2006,KG_HAB,0.0,0.0,362.0,577.0,0.0,0.0,110.0,0.0,110.0,472.0,BGR
2007,KG_HAB,0.0,0.0,395.0,553.0,0.0,0.0,114.0,0.0,114.0,509.0,BGR
2008,KG_HAB,0.0,0.0,448.0,599.0,0.0,0.0,116.0,0.0,116.0,564.0,BGR
2009,KG_HAB,0.0,0.0,460.0,598.0,0.0,0.0,119.0,0.0,119.0,579.0,BGR
2010,KG_HAB,0.0,0.0,411.0,554.0,0.0,0.0,136.0,0.0,136.0,547.0,BGR
2011,KG_HAB,0.0,0.0,349.0,508.0,0.0,0.0,133.0,11.0,122.0,483.0,BGR
2012,KG_HAB,0.0,0.0,318.0,460.0,0.0,0.0,115.0,13.0,103.0,433.0,BGR
2013,KG_HAB,0.0,7.0,298.0,432.0,0.0,7.0,123.0,15.0,108.0,428.0,BGR
2014,KG_HAB,0.0,7.0,307.0,442.0,0.0,7.0,102.0,8.0,94.0,416.0,BGR
2015,KG_HAB,0.0,11.0,278.0,419.0,0.0,11.0,123.0,43.0,80.0,412.0,BGR
2016,KG_HAB,0.0,15.0,260.0,404.0,0.0,15.0,129.0,37.0,92.0,404.0,BGR
2017,KG_HAB,0.0,15.0,269.0,435.0,0.0,15.0,151.0,34.0,117.0,434.0,BGR
2018,KG_HAB,0.0,30.0,249.0,407.0,0.0,30.0,128.0,7.0,121.0,407.0,BGR
2019,KG_HAB,0.0,15.0,273.0,442.0,0.0,15.0,153.0,34.0,119.0,440.0,BGR
2020,KG_HAB,0.0,19.0,205.0,408.0,0.0,19.0,144.0,13.0,131.0,386.0,BGR
2021,KG_HAB,0.0,12.0,130.0,445.0,0.0,12.0,125.0,10.0,116.0,442.0,BGR
1995,KG_HAB,0.0,293.0,77.0,602.0,0.0,293.0,233.0,57.0,176.0,602.0,CHE
1996,KG_HAB,0.0,286.0,69.0,605.0,0.0,286.0,250.0,64.0,186.0,605.0,CHE
1997,KG_HAB,0.0,285.0,68.0,606.0,0.0,285.0,257.0,67.0,190.0,610.0,CHE
1998,KG_HAB,0.0,280.0,66.0,614.0,0.0,280.0,268.0,71.0,198.0,614.0,CHE
1999,KG_HAB,0.0,298.0,66.0,638.0,0.0,298.0,274.0,71.0,202.0,638.0,CHE
2000,KG_HAB,0.0,306.0,54.0,659.0,0.0,306.0,298.0,89.0,209.0,659.0,CHE
2001,KG_HAB,0.0,326.0,28.0,663.0,0.0,326.0,309.0,90.0,219.0,663.0,CHE
2002,KG_HAB,0.0,350.0,11.0,678.0,0.0,350.0,317.0,100.0,217.0,678.0,CHE
2003,KG_HAB,0.0,342.0,10.0,670.0,0.0,342.0,318.0,101.0,217.0,670.0,CHE
2004,KG_HAB,0.0,340.0,0.0,663.0,0.0,340.0,323.0,101.0,222.0,663.0,CHE
2005,KG_HAB,0.0,328.0,0.0,664.0,0.0,328.0,336.0,104.0,233.0,664.0,CHE
2006,KG_HAB,0.0,355.0,0.0,712.0,0.0,355.0,357.0,118.0,239.0,712.0,CHE
2007,KG_HAB,0.0,355.0,0.0,724.0,0.0,355.0,369.0,123.0,246.0,724.0,CHE
2008,KG_HAB,0.0,370.0,0.0,739.0,0.0,370.0,369.0,122.0,248.0,739.0,CHE
2009,KG_HAB,0.0,343.0,0.0,705.0,0.0,343.0,362.0,120.0,242.0,705.0,CHE
2010,KG_HAB,0.0,352.0,0.0,711.0,0.0,352.0,359.0,119.0,240.0,711.0,CHE
2011,KG_HAB,0.0,345.0,0.0,692.0,0.0,345.0,347.0,108.0,239.0,692.0,CHE
2012,KG_HAB,0.0,348.0,0.0,697.0,0.0,348.0,349.0,106.0,242.0,697.0,CHE
2013,KG_HAB,0.0,346.0,0.0,706.0,0.0,346.0,360.0,123.0,237.0,706.0,CHE
2014,KG_HAB,0.0,341.0,0.0,733.0,0.0,341.0,393.0,153.0,239.0,733.0,CHE
2015,KG_HAB,0.0,344.0,0.0,728.0,0.0,344.0,384.0,152.0,232.0,728.0,CHE
2016,KG_HAB,0.0,343.0,0.0,723.0,0.0,343.0,379.0,155.0,224.0,723.0,CHE
2017,KG_HAB,0.0,337.0,0.0,709.0,0.0,337.0,372.0,154.0,218.0,709.0,CHE
2018,KG_HAB,0.0,335.0,0.0,706.0,0.0,335.0,371.0,153.0,218.0,706.0,CHE
2019,KG_HAB,0.0,333.0,0.0,709.0,0.0,333.0,376.0,164.0,212.0,709.0,CHE
2020,KG_HAB,0.0,333.0,0.0,706.0,0.0,333.0,373.0,163.0,210.0,706.0,CHE
2021,KG_HAB,0.0,336.0,0.0,704.0,0.0,336.0,375.0,161.0,214.0,704.0,CHE
1995,KG_HAB,0.0,0.0,595.0,595.0,0.0,0.0,0.0,0.0,0.0,595.0,CYP
1996,KG_HAB,0.0,0.0,588.0,605.0,0.0,0.0,17.0,0.0,17.0,605.0,CYP
1997,KG_HAB,0.0,0.0,593.0,612.0,0.0,0.0,19.0,0.0,19.0,612.0,CYP
1998,KG_HAB,0.0,0.0,598.0,616.0,0.0,0.0,18.0,0.0,18.0,616.0,CYP
1999,KG_HAB,0.0,0.0,601.0,620.0,0.0,0.0,19.0,0.0,19.0,620.0,CYP
2000,KG_HAB,0.0,0.0,609.0,628.0,0.0,0.0,19.0,0.0,19.0,628.0,CYP
2001,KG_HAB,0.0,0.0,630.0,650.0,0.0,0.0,20.0,0.0,20.0,650.0,CYP
2002,KG_HAB,0.0,0.0,634.0,655.0,0.0,0.0,21.0,0.0,21.0,655.0,CYP
2003,KG_HAB,0.0,0.0,650.0,670.0,0.0,0.0,21.0,0.0,21.0,670.0,CYP
2004,KG_HAB,0.0,0.0,662.0,684.0,0.0,0.0,23.0,0.0,23.0,684.0,CYP
2005,KG_HAB,0.0,0.0,663.0,688.0,0.0,0.0,25.0,0.0,25.0,688.0,CYP
2006,KG_HAB,0.0,0.0,665.0,695.0,0.0,0.0,30.0,0.0,30.0,695.0,CYP
2007,KG_HAB,0.0,0.0,668.0,704.0,0.0,0.0,36.0,0.0,36.0,704.0,CYP
2008,KG_HAB,0.0,0.0,675.0,729.0,0.0,0.0,54.0,0.0,54.0,729.0,CYP
2009,KG_HAB,0.0,0.0,668.0,729.0,0.0,0.0,61.0,0.0,61.0,729.0,CYP
2010,KG_HAB,0.0,0.0,600.0,695.0,0.0,0.0,76.0,0.0,76.0,676.0,CYP
2011,KG_HAB,0.0,0.0,559.0,676.0,0.0,0.0,74.0,0.0,74.0,633.0,CYP
2012,KG_HAB,0.0,0.0,541.0,664.0,0.0,0.0,84.0,8.0,76.0,625.0,CYP
2013,KG_HAB,0.0,0.0,504.0,618.0,0.0,0.0,86.0,9.0,76.0,590.0,CYP
2014,KG_HAB,0.0,5.0,468.0,602.0,0.0,5.0,89.0,19.0,70.0,562.0,CYP
2015,KG_HAB,0.0,0.0,484.0,620.0,0.0,0.0,102.0,21.0,81.0,586.0,CYP
2016,KG_HAB,0.0,2.0,481.0,633.0,0.0,2.0,102.0,19.0,83.0,603.0,CYP
2017,KG_HAB,0.0,2.0,492.0,625.0,0.0,2.0,101.0,9.0,92.0,595.0,CYP
2018,KG_HAB,0.0,5.0,452.0,646.0,0.0,5.0,108.0,11.0,97.0,564.0,CYP
2019,KG_HAB,0.0,6.0,430.0,648.0,2.0,6.0,108.0,9.0,97.0,544.0,CYP
2020,KG_HAB,0.0,9.0,408.0,609.0,2.0,9.0,101.0,6.0,93.0,518.0,CYP
2021,KG_HAB,0.0,15.0,394.0,633.0,2.0,15.0,97.0,8.0,87.0,506.0,CYP
1995,KG_HAB,0.0,0.0,302.0,302.0,0.0,0.0,0.0,0.0,0.0,302.0,CZE
1996,KG_HAB,0.0,0.0,310.0,310.0,0.0,0.0,0.0,0.0,0.0,310.0,CZE
1997,KG_HAB,0.0,0.0,318.0,318.0,0.0,0.0,0.0,0.0,0.0,318.0,CZE
1998,KG_HAB,0.0,17.0,272.0,293.0,0.0,17.0,2.0,0.0,2.0,291.0,CZE
1999,KG_HAB,0.0,30.0,277.0,327.0,0.0,29.0,3.0,1.0,2.0,310.0,CZE
2000,KG_HAB,0.0,31.0,283.0,335.0,0.0,31.0,3.0,1.0,2.0,317.0,CZE
2001,KG_HAB,0.0,35.0,215.0,274.0,0.0,35.0,2.0,1.0,1.0,253.0,CZE
2002,KG_HAB,0.0,39.0,206.0,279.0,0.0,39.0,3.0,1.0,2.0,247.0,CZE
2003,KG_HAB,0.0,39.0,201.0,280.0,0.0,39.0,3.0,1.0,2.0,243.0,CZE
2004,KG_HAB,0.0,40.0,180.0,279.0,0.0,40.0,15.0,2.0,14.0,235.0,CZE
2005,KG_HAB,0.0,37.0,189.0,289.0,0.0,37.0,18.0,2.0,16.0,244.0,CZE
2006,KG_HAB,0.0,38.0,200.0,297.0,0.0,38.0,22.0,2.0,20.0,260.0,CZE
2007,KG_HAB,0.0,38.0,206.0,294.0,0.0,38.0,30.0,3.0,27.0,274.0,CZE
2008,KG_HAB,0.0,36.0,198.0,306.0,0.0,35.0,32.0,5.0,27.0,265.0,CZE
2009,KG_HAB,0.0,36.0,202.0,317.0,0.0,35.0,39.0,5.0,34.0,277.0,CZE
2010,KG_HAB,0.0,47.0,206.0,318.0,0.0,47.0,50.0,7.0,43.0,304.0,CZE
2011,KG_HAB,0.0,58.0,206.0,320.0,0.0,58.0,54.0,7.0,47.0,319.0,CZE
2012,KG_HAB,0.0,62.0,174.0,308.0,0.0,62.0,71.0,8.0,63.0,308.0,CZE
2013,KG_HAB,0.0,60.0,173.0,307.0,0.0,60.0,74.0,9.0,65.0,307.0,CZE
2014,KG_HAB,0.0,57.0,174.0,310.0,0.0,57.0,79.0,9.0,70.0,310.0,CZE
2015,KG_HAB,0.0,56.0,166.0,316.0,0.0,56.0,94.0,13.0,81.0,316.0,CZE
2016,KG_HAB,0.0,56.0,169.0,339.0,0.0,55.0,114.0,23.0,91.0,339.0,CZE
2017,KG_HAB,0.0,85.0,222.0,489.0,0.0,85.0,157.0,50.0,107.0,467.0,CZE
2018,KG_HAB,0.0,83.0,229.0,494.0,0.0,82.0,159.0,50.0,109.0,473.0,CZE
2019,KG_HAB,0.0,82.0,231.0,500.0,0.0,81.0,167.0,56.0,110.0,482.0,CZE
2020,KG_HAB,0.0,69.0,259.0,543.0,0.0,68.0,220.0,70.0,150.0,550.0,CZE
2021,KG_HAB,0.0,69.0,263.0,570.0,0.0,69.0,247.0,73.0,175.0,581.0,CZE
1995,KG_HAB,110.0,110.0,267.0,623.0,0.0,1.0,246.0,82.0,164.0,623.0,DEU
1996,KG_HAB,120.0,120.0,250.0,641.0,0.0,1.0,271.0,87.0,184.0,641.0,DEU
1997,KG_HAB,125.0,126.0,242.0,658.0,0.0,1.0,290.0,90.0,200.0,658.0,DEU
1998,KG_HAB,126.0,127.0,225.0,647.0,0.0,1.0,295.0,93.0,201.0,647.0,DEU
1999,KG_HAB,129.0,130.0,181.0,638.0,0.0,1.0,326.0,84.0,242.0,638.0,DEU
2000,KG_HAB,137.0,138.0,167.0,642.0,0.0,1.0,337.0,92.0,245.0,642.0,DEU
2001,KG_HAB,139.0,140.0,161.0,632.0,0.0,1.0,331.0,92.0,238.0,632.0,DEU
2002,KG_HAB,143.0,144.0,137.0,640.0,0.0,2.0,359.0,92.0,267.0,640.0,DEU
2003,KG_HAB,136.0,138.0,115.0,601.0,0.0,2.0,347.0,88.0,260.0,601.0,DEU
2004,KG_HAB,147.0,152.0,104.0,587.0,0.0,4.0,331.0,94.0,237.0,587.0,DEU
2005,KG_HAB,167.0,172.0,48.0,565.0,0.0,5.0,344.0,93.0,251.0,565.0,DEU
2006,KG_HAB,163.0,210.0,4.0,564.0,0.0,47.0,350.0,93.0,257.0,564.0,DEU
2007,KG_HAB,143.0,211.0,4.0,582.0,0.0,67.0,368.0,94.0,274.0,582.0,DEU
2008,KG_HAB,134.0,210.0,3.0,589.0,0.0,76.0,376.0,98.0,277.0,589.0,DEU
2009,KG_HAB,133.0,216.0,2.0,592.0,0.0,83.0,374.0,102.0,271.0,592.0,DEU
2010,KG_HAB,129.0,223.0,3.0,602.0,0.0,94.0,376.0,101.0,275.0,602.0,DEU
2011,KG_HAB,128.0,229.0,3.0,626.0,0.0,101.0,394.0,106.0,288.0,626.0,DEU
2012,KG_HAB,104.0,214.0,1.0,619.0,0.0,110.0,404.0,110.0,293.0,619.0,DEU
2013,KG_HAB,65.0,207.0,8.0,615.0,0.0,142.0,392.0,106.0,286.0,608.0,DEU
2014,KG_HAB,66.0,208.0,8.0,631.0,0.0,143.0,414.0,114.0,300.0,631.0,DEU
2015,KG_HAB,55.0,202.0,8.0,632.0,0.0,148.0,422.0,114.0,308.0,632.0,DEU
2016,KG_HAB,29.0,202.0,6.0,633.0,0.0,173.0,425.0,116.0,309.0,633.0,DEU
2017,KG_HAB,7.0,200.0,5.0,627.0,0.0,193.0,421.0,114.0,307.0,627.0,DEU
2018,KG_HAB,6.0,195.0,5.0,606.0,0.0,189.0,407.0,109.0,298.0,606.0,DEU
2019,KG_HAB,6.0,198.0,5.0,609.0,0.0,192.0,406.0,114.0,292.0,609.0,DEU
2020,KG_HAB,7.0,194.0,5.0,641.0,8.0,187.0,451.0,143.0,300.0,641.0,DEU
2021,KG_HAB,7.0,191.0,9.0,620.0,0.0,184.0,420.0,118.0,302.0,620.0,DEU
1995,KG_HAB,0.0,293.0,96.0,521.0,0.0,293.0,131.0,57.0,75.0,521.0,DNK
1996,KG_HAB,0.0,307.0,82.0,618.0,0.0,307.0,229.0,77.0,152.0,618.0,DNK
1997,KG_HAB,0.0,314.0,65.0,587.0,0.0,314.0,208.0,82.0,125.0,587.0,DNK
1998,KG_HAB,0.0,312.0,67.0,592.0,0.0,312.0,213.0,79.0,134.0,592.0,DNK
1999,KG_HAB,0.0,314.0,68.0,626.0,0.0,314.0,244.0,89.0,154.0,626.0,DNK
2000,KG_HAB,0.0,351.0,66.0,664.0,0.0,351.0,246.0,105.0,141.0,664.0,DNK
2001,KG_HAB,0.0,373.0,47.0,657.0,0.0,373.0,237.0,90.0,147.0,657.0,DNK
2002,KG_HAB,0.0,374.0,41.0,664.0,0.0,374.0,250.0,102.0,148.0,664.0,DNK
2003,KG_HAB,0.0,363.0,34.0,671.0,0.0,363.0,274.0,103.0,172.0,671.0,DNK
2004,KG_HAB,0.0,379.0,31.0,695.0,0.0,379.0,285.0,112.0,173.0,695.0,DNK
2005,KG_HAB,0.0,396.0,38.0,736.0,0.0,396.0,302.0,122.0,180.0,736.0,DNK
2006,KG_HAB,0.0,393.0,37.0,740.0,0.0,393.0,309.0,129.0,180.0,740.0,DNK
2007,KG_HAB,0.0,403.0,37.0,790.0,0.0,403.0,349.0,139.0,210.0,790.0,DNK
2008,KG_HAB,0.0,400.0,32.0,830.0,0.0,400.0,398.0,114.0,284.0,830.0,DNK
2009,KG_HAB,0.0,367.0,24.0,762.0,0.0,367.0,371.0,134.0,237.0,762.0,DNK
2010,,0.0,420.5,23.0,812.0,0.0,420.5,368.0,127.5,241.0,812.0,DNK
2011,KG_HAB,0.0,474.0,22.0,862.0,0.0,474.0,365.0,121.0,245.0,862.0,DNK
2012,KG_HAB,0.0,446.0,18.0,806.0,0.0,446.0,342.0,125.0,217.0,806.0,DNK
2013,KG_HAB,0.0,447.0,14.0,813.0,0.0,447.0,352.0,130.0,222.0,813.0,DNK
2014,KG_HAB,0.0,430.0,12.0,808.0,0.0,430.0,367.0,141.0,226.0,808.0,DNK
2015,KG_HAB,0.0,422.0,11.0,822.0,0.0,422.0,390.0,151.0,239.0,822.0,DNK
2016,KG_HAB,0.0,419.0,10.0,830.0,0.0,419.0,402.0,153.0,248.0,830.0,DNK
2017,KG_HAB,0.0,421.0,8.0,820.0,0.0,421.0,390.0,154.0,236.0,820.0,DNK
2018,KG_HAB,0.0,397.0,9.0,814.0,0.0,397.0,406.0,143.0,263.0,812.0,DNK
2019,KG_HAB,0.0,401.0,8.0,844.0,0.0,401.0,435.0,152.0,283.0,844.0,DNK
2020,KG_HAB,0.0,435.0,7.0,814.0,0.0,435.0,366.0,158.0,208.0,813.0,DNK
2021,KG_HAB,0.0,318.0,8.0,769.0,0.0,318.0,443.0,202.0,240.0,769.0,DNK
1995,KG_HAB,0.0,24.0,305.0,505.0,0.0,24.0,36.0,0.0,36.0,365.0,ESP
1996,KG_HAB,0.0,24.0,295.0,530.0,0.0,24.0,41.0,0.0,41.0,360.0,ESP
1997,KG_HAB,0.0,35.0,315.0,554.0,0.0,35.0,46.0,0.0,46.0,396.0,ESP
1998,KG_HAB,0.0,37.0,313.0,557.0,0.0,37.0,51.0,0.0,51.0,401.0,ESP
1999,KG_HAB,0.0,35.0,326.0,606.0,0.0,35.0,86.0,39.0,48.0,447.0,ESP
2000,KG_HAB,0.0,36.0,334.0,653.0,0.0,36.0,120.0,77.0,44.0,491.0,ESP
2001,KG_HAB,0.0,36.0,360.0,652.0,0.0,36.0,140.0,67.0,72.0,536.0,ESP
2002,KG_HAB,0.0,38.0,355.0,637.0,0.0,38.0,186.0,94.0,92.0,580.0,ESP
2003,KG_HAB,0.0,42.0,360.0,646.0,0.0,42.0,186.0,96.0,89.0,587.0,ESP
2004,KG_HAB,0.0,31.0,304.0,600.0,0.0,31.0,185.0,98.0,87.0,521.0,ESP
2005,KG_HAB,0.0,44.0,288.0,588.0,0.0,44.0,185.0,100.0,84.0,517.0,ESP
2006,KG_HAB,8.0,54.0,353.0,590.0,0.0,46.0,184.0,102.0,82.0,590.0,ESP
2007,KG_HAB,9.0,57.0,344.0,578.0,0.0,49.0,177.0,99.0,77.0,578.0,ESP
2008,KG_HAB,0.0,47.0,285.0,551.0,0.0,47.0,219.0,134.0,85.0,551.0,ESP
2009,KG_HAB,0.0,48.0,314.0,542.0,0.0,48.0,180.0,97.0,82.0,542.0,ESP
2010,KG_HAB,0.0,44.0,318.0,510.0,0.0,44.0,149.0,59.0,90.0,510.0,ESP
2011,KG_HAB,0.0,50.0,305.0,485.0,0.0,50.0,130.0,49.0,81.0,485.0,ESP
2012,KG_HAB,0.0,45.0,284.0,468.0,0.0,45.0,139.0,48.0,91.0,468.0,ESP
2013,KG_HAB,0.0,53.0,253.0,454.0,0.0,53.0,148.0,77.0,70.0,454.0,ESP
2014,KG_HAB,0.0,52.0,259.0,448.0,0.0,52.0,138.0,62.0,76.0,448.0,ESP
2015,KG_HAB,0.0,58.0,261.0,456.0,0.0,58.0,137.0,53.0,84.0,456.0,ESP
2016,KG_HAB,0.0,56.0,251.0,463.0,0.0,56.0,157.0,72.0,85.0,463.0,ESP
2017,KG_HAB,0.0,60.0,242.0,473.0,0.0,60.0,171.0,84.0,87.0,473.0,ESP
2018,KG_HAB,0.0,55.0,255.0,475.0,0.0,55.0,165.0,80.0,86.0,475.0,ESP
2019,KG_HAB,0.0,52.0,241.0,472.0,0.0,52.0,179.0,86.0,93.0,472.0,ESP
2020,KG_HAB,0.0,47.0,229.0,464.0,0.0,47.0,188.0,93.0,95.0,464.0,ESP
2021,KG_HAB,0.0,54.0,245.0,472.0,0.0,54.0,173.0,83.0,90.0,472.0,ESP
1995,KG_HAB,0.0,0.0,368.0,371.0,0.0,0.0,2.0,2.0,0.0,370.0,EST
1996,KG_HAB,0.0,0.0,398.0,399.0,0.0,0.0,1.0,1.0,0.0,399.0,EST
1997,KG_HAB,0.0,0.0,423.0,424.0,0.0,0.0,1.0,1.0,0.0,424.0,EST
1998,KG_HAB,0.0,0.0,401.0,402.0,0.0,0.0,1.0,1.0,0.0,402.0,EST
1999,KG_HAB,0.0,0.0,409.0,409.0,0.0,0.0,0.0,0.0,0.0,409.0,EST
2000,KG_HAB,0.0,0.0,430.0,453.0,0.0,0.0,10.0,1.0,9.0,441.0,EST
2001,KG_HAB,0.0,0.0,290.0,366.0,0.0,0.0,19.0,8.0,11.0,310.0,EST
2002,KG_HAB,0.0,0.0,304.0,401.0,0.0,0.0,11.0,3.0,8.0,315.0,EST
2003,KG_HAB,0.0,0.0,271.0,414.0,0.0,0.0,62.0,6.0,56.0,333.0,EST
2004,KG_HAB,0.0,0.0,281.0,445.0,0.0,0.0,110.0,6.0,104.0,392.0,EST
2005,KG_HAB,0.0,0.0,273.0,433.0,0.0,0.0,98.0,8.0,90.0,371.0,EST
2006,KG_HAB,0.0,1.0,277.0,398.0,0.0,1.0,69.0,17.0,52.0,347.0,EST
2007,KG_HAB,0.0,1.0,291.0,449.0,0.0,1.0,104.0,13.0,91.0,396.0,EST
2008,KG_HAB,0.0,1.0,249.0,392.0,0.0,1.0,79.0,21.0,58.0,329.0,EST
2009,KG_HAB,0.0,0.0,215.0,339.0,0.0,0.0,71.0,32.0,39.0,287.0,EST
2010,KG_HAB,0.0,0.0,201.0,305.0,0.0,0.0,55.0,24.0,31.0,256.0,EST
2011,KG_HAB,0.0,0.0,180.0,301.0,0.0,0.0,70.0,27.0,44.0,250.0,EST
2012,KG_HAB,0.0,35.0,98.0,280.0,0.0,35.0,54.0,14.0,40.0,187.0,EST
2013,KG_HAB,0.0,163.0,40.0,293.0,0.0,163.0,52.0,15.0,37.0,255.0,EST
2014,KG_HAB,0.0,169.0,23.0,357.0,0.0,169.0,111.0,17.0,95.0,303.0,EST
2015,KG_HAB,0.0,185.0,26.0,359.0,0.0,185.0,102.0,13.0,89.0,313.0,EST
2016,KG_HAB,0.0,184.0,38.0,376.0,0.0,184.0,105.0,10.0,95.0,344.0,EST
2017,KG_HAB,0.0,165.0,75.0,390.0,0.0,165.0,110.0,14.0,96.0,373.0,EST
2018,KG_HAB,0.0,167.0,87.0,405.0,0.0,167.0,114.0,15.0,98.0,382.0,EST
2019,KG_HAB,0.0,167.0,64.0,369.0,0.0,167.0,114.0,9.0,104.0,345.0,EST
2020,KG_HAB,0.0,164.0,56.0,383.0,0.0,164.0,111.0,10.0,100.0,331.0,EST
2021,KG_HAB,0.0,192.0,78.0,395.0,0.0,192.0,120.0,13.0,107.0,389.0,EST
1995,KG_HAB,35.0,70.0,286.0,467.0,0.0,34.0,88.0,33.0,54.0,443.0,EU27_2020
1996,KG_HAB,37.0,71.0,276.0,478.0,0.0,34.0,100.0,38.0,62.0,447.0,EU27_2020
1997,KG_HAB,41.0,77.0,276.0,491.0,0.0,36.0,110.0,41.0,69.0,464.0,EU27_2020
1998,KG_HAB,38.0,78.0,266.0,487.0,0.0,40.0,117.0,42.0,75.0,461.0,EU27_2020
1999,KG_HAB,37.0,79.0,263.0,500.0,0.0,42.0,130.0,45.0,85.0,472.0,EU27_2020
2000,KG_HAB,37.0,84.0,262.0,513.0,0.0,47.0,140.0,53.0,87.0,486.0,EU27_2020
2001,KG_HAB,37.0,87.0,250.0,509.0,0.0,49.0,146.0,54.0,92.0,483.0,EU27_2020
2002,KG_HAB,38.0,90.0,241.0,515.0,0.0,52.0,157.0,57.0,100.0,488.0,EU27_2020
2003,KG_HAB,36.0,90.0,229.0,502.0,0.0,54.0,156.0,57.0,100.0,475.0,EU27_2020
2004,KG_HAB,38.0,95.0,215.0,500.0,0.0,58.0,159.0,59.0,100.0,469.0,EU27_2020
2005,KG_HAB,41.0,103.0,202.0,506.0,0.0,61.0,165.0,59.0,105.0,469.0,EU27_2020
2006,KG_HAB,41.0,111.0,202.0,513.0,0.0,70.0,170.0,61.0,109.0,483.0,EU27_2020
2007,KG_HAB,37.0,112.0,199.0,517.0,0.0,75.0,182.0,64.0,119.0,493.0,EU27_2020
2008,KG_HAB,36.0,116.0,190.0,518.0,0.0,80.0,189.0,69.0,120.0,495.0,EU27_2020
2009,KG_HAB,35.0,117.0,186.0,510.0,0.0,82.0,190.0,67.0,123.0,493.0,EU27_2020
2010,KG_HAB,30.0,121.0,178.0,503.0,0.0,91.0,191.0,66.0,125.0,490.0,EU27_2020
2011,KG_HAB,27.0,125.0,167.0,499.0,0.0,99.0,194.0,66.0,128.0,487.0,EU27_2020
2012,KG_HAB,20.0,122.0,153.0,488.0,0.0,102.0,199.0,69.0,130.0,474.0,EU27_2020
2013,KG_HAB,14.0,125.0,142.0,479.0,0.0,112.0,199.0,71.0,128.0,466.0,EU27_2020
2014,KG_HAB,14.0,128.0,134.0,478.0,0.0,114.0,207.0,73.0,134.0,469.0,EU27_2020
2015,KG_HAB,18.0,128.0,127.0,480.0,0.0,110.0,216.0,75.0,141.0,471.0,EU27_2020
2016,KG_HAB,11.0,129.0,121.0,493.0,0.0,119.0,226.0,81.0,145.0,484.0,EU27_2020
2017,KG_HAB,3.0,131.0,127.0,499.0,0.0,128.0,231.0,84.0,147.0,490.0,EU27_2020
2018,KG_HAB,2.0,131.0,125.0,500.0,0.0,128.0,232.0,84.0,147.0,488.0,EU27_2020
2019,KG_HAB,2.0,131.0,124.0,504.0,0.0,129.0,238.0,87.0,150.0,493.0,EU27_2020
2020,KG_HAB,2.0,138.0,121.0,521.0,0.0,135.0,255.0,97.0,156.0,512.0,EU27_2020
2021,KG_HAB,3.0,138.0,121.0,527.0,0.0,135.0,257.0,95.0,161.0,519.0,EU27_2020
1995,KG_HAB,0.0,0.0,267.0,413.0,0.0,0.0,139.0,31.0,107.0,406.0,FIN
1996,KG_HAB,0.0,0.0,274.0,410.0,0.0,0.0,138.0,31.0,107.0,412.0,FIN
1997,KG_HAB,0.0,22.0,281.0,447.0,0.0,22.0,150.0,34.0,116.0,453.0,FIN
1998,KG_HAB,0.0,28.0,294.0,466.0,0.0,28.0,157.0,35.0,121.0,478.0,FIN
1999,KG_HAB,0.0,38.0,280.0,484.0,0.0,38.0,163.0,37.0,126.0,481.0,FIN
2000,KG_HAB,0.0,52.0,305.0,502.0,0.0,52.0,169.0,38.0,131.0,526.0,FIN
2001,KG_HAB,0.0,41.0,284.0,465.0,0.0,41.0,156.0,35.0,121.0,482.0,FIN
2002,KG_HAB,10.0,42.0,286.0,458.0,0.0,32.0,154.0,35.0,119.0,481.0,FIN
2003,KG_HAB,10.0,49.0,277.0,466.0,0.0,39.0,157.0,35.0,121.0,483.0,FIN
2004,KG_HAB,10.0,54.0,272.0,469.0,0.0,45.0,158.0,36.0,122.0,484.0,FIN
2005,KG_HAB,10.0,43.0,282.0,478.0,0.0,34.0,160.0,36.0,124.0,485.0,FIN
2006,KG_HAB,10.0,42.0,286.0,494.0,0.0,32.0,166.0,37.0,129.0,494.0,FIN
2007,KG_HAB,14.0,59.0,267.0,506.0,0.0,45.0,180.0,49.0,131.0,506.0,FIN
2008,KG_HAB,25.0,90.0,265.0,521.0,0.0,65.0,179.0,44.0,134.0,533.0,FIN
2009,KG_HAB,21.0,87.0,221.0,480.0,0.0,65.0,172.0,57.0,115.0,480.0,FIN
2010,KG_HAB,21.0,104.0,212.0,470.0,0.0,82.0,154.0,62.0,92.0,470.0,FIN
2011,KG_HAB,0.0,126.0,203.0,505.0,0.0,126.0,176.0,66.0,110.0,504.0,FIN
2012,KG_HAB,0.0,171.0,166.0,506.0,0.0,171.0,168.0,60.0,109.0,506.0,FIN
2013,KG_HAB,0.0,209.0,124.0,493.0,0.0,209.0,160.0,67.0,94.0,493.0,FIN
2014,KG_HAB,0.0,241.0,84.0,482.0,0.0,241.0,157.0,70.0,87.0,482.0,FIN
2015,KG_HAB,0.0,239.0,57.0,500.0,0.0,239.0,203.0,62.0,141.0,500.0,FIN
2016,KG_HAB,0.0,276.0,16.0,504.0,0.0,276.0,212.0,65.0,147.0,504.0,FIN
2017,KG_HAB,0.0,299.0,5.0,510.0,0.0,299.0,207.0,67.0,140.0,510.0,FIN
2018,KG_HAB,0.0,314.0,4.0,551.0,0.0,314.0,233.0,72.0,161.0,551.0,FIN
2019,KG_HAB,0.0,314.0,5.0,566.0,0.0,314.0,246.0,80.0,166.0,566.0,FIN
2020,KG_HAB,0.0,350.0,3.0,609.0,0.0,349.0,257.0,80.0,177.0,609.0,FIN
2021,KG_HAB,1.0,382.0,3.0,630.0,0.0,381.0,246.0,77.0,168.0,630.0,FIN
1995,KG_HAB,47.0,178.0,213.0,475.0,0.0,131.0,84.0,43.0,42.0,475.0,FRA
1996,KG_HAB,44.0,170.0,225.0,486.0,0.0,126.0,91.0,46.0,44.0,486.0,FRA
1997,KG_HAB,41.0,170.0,227.0,496.0,0.0,129.0,99.0,48.0,51.0,496.0,FRA
1998,KG_HAB,33.0,167.0,230.0,507.0,0.0,134.0,110.0,52.0,59.0,507.0,FRA
1999,KG_HAB,25.0,168.0,223.0,507.0,0.0,143.0,116.0,53.0,63.0,507.0,FRA
2000,KG_HAB,24.0,169.0,219.0,514.0,0.0,145.0,126.0,60.0,67.0,514.0,FRA
2001,KG_HAB,19.0,174.0,214.0,526.0,0.0,156.0,137.0,65.0,72.0,526.0,FRA
2002,KG_HAB,14.0,180.0,205.0,530.0,0.0,166.0,145.0,68.0,76.0,530.0,FRA
2003,KG_HAB,11.0,172.0,192.0,506.0,0.0,161.0,142.0,66.0,76.0,506.0,FRA
2004,KG_HAB,10.0,180.0,188.0,519.0,0.0,170.0,150.0,71.0,79.0,519.0,FRA
2005,KG_HAB,8.0,183.0,193.0,529.0,0.0,176.0,154.0,66.0,88.0,529.0,FRA
2006,KG_HAB,8.0,182.0,189.0,535.0,0.0,174.0,164.0,73.0,92.0,535.0,FRA
2007,KG_HAB,8.0,181.0,186.0,542.0,0.0,173.0,175.0,80.0,95.0,542.0,FRA
2008,KG_HAB,7.0,182.0,174.0,538.0,0.0,175.0,182.0,82.0,99.0,538.0,FRA
2009,KG_HAB,6.0,184.0,162.0,534.0,0.0,177.0,188.0,85.0,104.0,534.0,FRA
2010,KG_HAB,7.0,186.0,155.0,534.0,0.0,179.0,192.0,85.0,107.0,534.0,FRA
2011,KG_HAB,7.0,188.0,149.0,534.0,0.0,182.0,196.0,86.0,110.0,534.0,FRA
2012,KG_HAB,6.0,186.0,142.0,527.0,0.0,180.0,199.0,87.0,111.0,527.0,FRA
2013,KG_HAB,6.0,184.0,134.0,520.0,0.0,179.0,201.0,89.0,113.0,520.0,FRA
2014,KG_HAB,5.0,183.0,128.0,517.0,0.0,179.0,205.0,91.0,115.0,517.0,FRA
2015,KG_HAB,4.0,183.0,122.0,516.0,0.0,180.0,210.0,93.0,117.0,516.0,FRA
2016,KG_HAB,1.0,175.0,119.0,553.0,2.0,174.0,220.0,98.0,120.0,553.0,FRA
2017,KG_HAB,1.0,174.0,160.0,558.0,2.0,172.0,224.0,100.0,122.0,558.0,FRA
2018,KG_HAB,1.0,173.0,145.0,557.0,3.0,173.0,227.0,106.0,119.0,545.0,FRA
2019,KG_HAB,1.0,171.0,144.0,555.0,3.0,170.0,228.0,104.0,121.0,543.0,FRA
2020,KG_HAB,1.0,173.0,138.0,538.0,2.0,172.0,225.0,97.0,126.0,535.0,FRA
2021,KG_HAB,1.0,181.0,131.0,565.0,3.0,181.0,247.0,104.0,140.0,560.0,FRA
1995,KG_HAB,0.9642857142857143,175.67857142857142,138.35714285714286,498.0629,2.892857142857143,175.67857142857142,238.42857142857142,100.35714285714286,135.21428571428572,553.4285714285714,GBR
1996,KG_HAB,0.9285714285714286,170.35714285714286,145.71428571428572,511.4815,2.7857142857142856,170.35714285714286,229.85714285714286,96.71428571428571,130.42857142857142,546.8571428571429,GBR
1997,KG_HAB,0.8928571428571429,165.03571428571428,153.07142857142856,532.3227,2.678571428571429,165.03571428571428,221.28571428571428,93.07142857142857,125.64285714285714,540.2857142857143,GBR
1998,KG_HAB,0.8571428571428572,159.71428571428572,160.42857142857142,542.0613,2.5714285714285716,159.71428571428572,212.71428571428572,89.42857142857143,120.85714285714286,533.7142857142857,GBR
1999,KG_HAB,0.8214285714285714,154.39285714285714,167.78571428571428,569.0096,2.4642857142857144,154.39285714285714,204.14285714285714,85.78571428571428,116.07142857142857,527.1428571428571,GBR
2000,KG_HAB,0.7857142857142857,149.07142857142858,175.14285714285714,576.605,2.357142857142857,149.07142857142858,195.57142857142856,82.14285714285714,111.28571428571428,520.5714285714286,GBR
2001,KG_HAB,0.75,143.75,182.5,591.1558,2.25,143.75,187.0,78.5,106.5,514.0,GBR
2002,KG_HAB,0.7142857142857143,138.42857142857144,189.85714285714286,598.5276,2.142857142857143,138.42857142857144,178.42857142857144,74.85714285714286,101.71428571428572,507.42857142857144,GBR
2003,KG_HAB,0.6785714285714286,133.10714285714286,197.21428571428572,591.5657,2.0357142857142856,133.10714285714286,169.85714285714286,71.21428571428572,96.92857142857143,500.8571428571429,GBR
2004,KG_HAB,0.6428571428571429,127.78571428571429,204.57142857142856,602.5151,1.9285714285714286,127.78571428571429,161.28571428571428,67.57142857142857,92.14285714285714,494.2857142857143,GBR
2005,KG_HAB,0.6071428571428572,122.46428571428572,211.92857142857144,581.3457,1.8214285714285714,122.46428571428572,152.71428571428572,63.92857142857143,87.35714285714286,487.7142857142857,GBR
2006,KG_HAB,0.5714285714285714,117.14285714285714,219.28571428571428,583.2766,1.7142857142857144,117.14285714285714,144.14285714285714,60.285714285714285,82.57142857142857,481.1428571428571,GBR
2007,KG_HAB,0.5357142857142858,111.82142857142857,226.64285714285714,567.1971,1.6071428571428572,111.82142857142857,135.57142857142856,56.642857142857146,77.78571428571428,474.57142857142856,GBR
2008,KG_HAB,0.5,106.5,234.0,540.6334,1.5,106.5,127.0,53.0,73.0,468.0,GBR
2009,KG_HAB,0.4642857142857143,101.17857142857143,241.35714285714283,522.1201,1.392857142857143,101.17857142857143,118.42857142857144,49.35714285714286,68.21428571428572,461.42857142857144,GBR
2010,KG_HAB,0.4285714285714286,95.85714285714286,248.71428571428572,509.1585,1.2857142857142858,95.85714285714286,109.85714285714286,45.714285714285715,63.42857142857143,454.8571428571429,GBR
2011,KG_HAB,0.3928571428571429,90.53571428571429,256.07142857142856,490.8902,1.1785714285714286,90.53571428571429,101.28571428571428,42.07142857142857,58.64285714285714,448.2857142857143,GBR
2012,KG_HAB,0.3571428571428572,85.21428571428572,263.42857142857144,477.4031,1.0714285714285716,85.21428571428572,92.71428571428572,38.42857142857143,53.85714285714286,441.7142857142857,GBR
2013,KG_HAB,0.3214285714285715,79.89285714285715,270.7857142857143,481.8608,0.9642857142857144,79.89285714285715,84.14285714285714,34.78571428571429,49.07142857142857,435.14285714285717,GBR
2014,KG_HAB,0.2857142857142858,74.57142857142858,278.1428571428571,481.9283,0.8571428571428572,74.57142857142858,75.57142857142858,31.14285714285714,44.28571428571429,428.57142857142856,GBR
2015,KG_HAB,0.25,69.25,285.5,483.4124,0.75,69.25,67.0,27.5,39.5,422.0,GBR
2016,KG_HAB,0.2142857142857143,63.92857142857143,292.8571428571429,483.0303,0.6428571428571428,63.92857142857143,58.428571428571445,23.85714285714286,34.71428571428572,415.42857142857144,GBR
2017,KG_HAB,0.1785714285714286,58.60714285714286,300.21428571428567,468.0783,0.535714285714286,58.60714285714286,49.85714285714286,20.214285714285722,29.92857142857143,408.8571428571429,GBR
2018,KG_HAB,0.1428571428571429,53.28571428571429,307.57142857142856,463.3965,0.4285714285714288,53.28571428571429,41.28571428571428,16.57142857142857,25.14285714285714,402.2857142857143,GBR
2019,KG_HAB,0.1071428571428572,47.96428571428572,314.92857142857144,459.2735,0.3214285714285716,47.96428571428572,32.71428571428572,12.92857142857143,20.35714285714286,395.7142857142857,GBR
2020,KG_HAB,0.07142857142857151,42.64285714285714,322.2857142857143,462.1561,0.2142857142857144,42.64285714285714,24.14285714285714,9.285714285714292,15.57142857142857,389.1428571428571,GBR
2021,KG_HAB,0.03571428571428581,37.321428571428584,329.6428571428571,463.7963,0.1071428571428572,37.321428571428584,15.571428571428584,5.642857142857139,10.785714285714278,382.57142857142856,GBR
1995,KG_HAB,,,312.0,303.0,0.0,,,,,330.0,GRC
1996,KG_HAB,,,324.0,339.0,0.0,,,,,346.0,GRC
1997,KG_HAB,0.0,0.0,332.0,366.0,0.0,0.0,34.0,3.0,31.0,366.0,GRC
1998,KG_HAB,0.0,0.0,347.0,381.0,0.0,0.0,34.0,3.0,31.0,381.0,GRC
1999,KG_HAB,0.0,0.0,361.0,396.0,0.0,0.0,35.0,3.0,32.0,396.0,GRC
2000,KG_HAB,0.0,0.0,375.0,412.0,0.0,0.0,36.0,3.0,33.0,412.0,GRC
2001,KG_HAB,0.0,0.0,383.0,420.0,0.0,0.0,37.0,3.0,34.0,420.0,GRC
2002,KG_HAB,0.0,0.0,388.0,426.0,0.0,0.0,37.0,3.0,34.0,426.0,GRC
2003,KG_HAB,0.0,0.0,396.0,431.0,0.0,0.0,35.0,0.0,35.0,431.0,GRC
2004,KG_HAB,0.0,0.0,392.0,436.0,0.0,0.0,44.0,0.0,44.0,436.0,GRC
2005,KG_HAB,0.0,0.0,391.0,442.0,0.0,0.0,52.0,3.0,49.0,443.0,GRC
2006,KG_HAB,0.0,0.0,390.0,447.0,0.0,0.0,57.0,7.0,50.0,447.0,GRC
2007,KG_HAB,0.0,0.0,362.0,453.0,0.0,0.0,91.0,9.0,82.0,453.0,GRC
2008,KG_HAB,0.0,0.0,377.0,458.0,0.0,0.0,81.0,9.0,72.0,458.0,GRC
2009,KG_HAB,0.0,0.0,376.0,464.0,0.0,0.0,88.0,3.0,84.0,464.0,GRC
2010,KG_HAB,0.0,0.0,441.0,532.0,0.0,0.0,91.0,13.0,78.0,532.0,GRC
2011,KG_HAB,0.0,1.0,412.0,503.0,0.0,1.0,89.0,14.0,75.0,503.0,GRC
2012,KG_HAB,0.0,3.0,408.0,495.0,0.0,3.0,84.0,16.0,68.0,495.0,GRC
2013,KG_HAB,0.0,3.0,403.0,482.0,0.0,3.0,76.0,17.0,59.0,482.0,GRC
2014,KG_HAB,0.0,2.0,410.0,488.0,0.0,2.0,75.0,15.0,60.0,488.0,GRC
2015,KG_HAB,0.0,2.0,409.0,488.0,0.0,2.0,77.0,12.0,65.0,488.0,GRC
2016,KG_HAB,0.0,3.0,410.0,498.0,0.0,3.0,86.0,17.0,69.0,498.0,GRC
2017,KG_HAB,0.0,5.0,403.0,504.0,0.0,5.0,95.0,21.0,74.0,504.0,GRC
2018,KG_HAB,0.0,8.0,403.0,515.0,0.0,8.0,103.0,26.0,77.0,515.0,GRC
2019,KG_HAB,0.0,7.0,407.0,524.0,0.0,7.0,110.0,26.0,84.0,524.0,GRC
1997,KG_HAB,,,,224.0,0.0,,,,,,HRV
2000,KG_HAB,,,,262.0,0.0,,,,,,HRV
2004,KG_HAB,,,,304.0,0.0,,,,,,HRV
2005,KG_HAB,,,,336.0,0.0,,,,,,HRV
2006,KG_HAB,0.0,0.0,283.0,384.0,0.0,0.0,0.0,0.0,0.0,283.0,HRV
2007,KG_HAB,0.0,0.0,382.0,399.0,0.0,0.0,13.0,4.0,9.0,395.0,HRV
2008,KG_HAB,0.0,0.0,401.0,415.0,0.0,0.0,11.0,3.0,8.0,413.0,HRV
2009,KG_HAB,0.0,0.0,393.0,405.0,0.0,0.0,9.0,3.0,7.0,402.0,HRV
2010,KG_HAB,0.0,0.0,358.0,379.0,0.0,0.0,16.0,3.0,12.0,373.0,HRV
2011,KG_HAB,0.0,0.0,349.0,384.0,0.0,0.0,32.0,3.0,29.0,381.0,HRV
2012,KG_HAB,0.0,0.0,323.0,391.0,0.0,0.0,57.0,6.0,51.0,381.0,HRV
2013,KG_HAB,0.0,0.0,332.0,404.0,0.0,0.0,60.0,7.0,54.0,393.0,HRV
2014,KG_HAB,0.0,1.0,309.0,387.0,0.0,1.0,64.0,8.0,56.0,374.0,HRV
2015,KG_HAB,0.0,0.0,313.0,393.0,0.0,0.0,71.0,7.0,64.0,384.0,HRV
2016,KG_HAB,0.0,0.0,309.0,403.0,0.0,0.0,85.0,7.0,77.0,394.0,HRV
2017,KG_HAB,0.0,0.0,301.0,416.0,0.0,0.0,98.0,9.0,89.0,399.0,HRV
2018,KG_HAB,0.0,0.0,286.0,432.0,0.0,0.0,109.0,12.0,97.0,396.0,HRV
2019,KG_HAB,0.0,0.0,264.0,445.0,0.0,0.0,135.0,15.0,119.0,398.0,HRV
2020,KG_HAB,0.0,1.0,253.0,418.0,0.0,1.0,123.0,21.0,102.0,377.0,HRV
2021,KG_HAB,0.0,1.0,261.0,447.0,0.0,1.0,141.0,22.0,118.0,403.0,HRV
1995,KG_HAB,0.0,32.0,337.0,460.0,0.0,32.0,7.0,2.0,6.0,376.0,HUN
1996,KG_HAB,0.0,32.0,358.0,469.0,0.0,32.0,8.0,2.0,6.0,398.0,HUN
1997,KG_HAB,0.0,32.0,382.0,487.0,0.0,32.0,8.0,2.0,6.0,422.0,HUN
1998,KG_HAB,0.0,35.0,383.0,485.0,0.0,35.0,8.0,2.0,6.0,426.0,HUN
1999,KG_HAB,0.0,34.0,393.0,483.0,0.0,34.0,8.0,2.0,6.0,435.0,HUN
2000,KG_HAB,0.0,34.0,366.0,446.0,0.0,34.0,7.0,2.0,6.0,407.0,HUN
2001,KG_HAB,0.0,35.0,363.0,452.0,0.0,35.0,7.0,2.0,6.0,405.0,HUN
2002,KG_HAB,0.0,28.0,378.0,457.0,0.0,28.0,11.0,5.0,7.0,418.0,HUN
2003,KG_HAB,0.0,24.0,392.0,464.0,0.0,24.0,16.0,5.0,12.0,432.0,HUN
2004,KG_HAB,0.0,15.0,382.0,454.0,0.0,15.0,53.0,4.0,50.0,450.0,HUN
2005,KG_HAB,0.0,30.0,383.0,461.0,0.0,30.0,44.0,4.0,40.0,457.0,HUN
2006,KG_HAB,0.0,39.0,377.0,468.0,0.0,39.0,49.0,6.0,43.0,464.0,HUN
2007,KG_HAB,0.0,38.0,341.0,457.0,0.0,38.0,55.0,6.0,49.0,434.0,HUN
2008,KG_HAB,0.0,39.0,333.0,454.0,0.0,39.0,69.0,8.0,60.0,441.0,HUN
2009,KG_HAB,0.0,41.0,320.0,430.0,0.0,41.0,66.0,9.0,57.0,427.0,HUN
2010,KG_HAB,0.0,41.0,284.0,403.0,0.0,41.0,79.0,15.0,64.0,403.0,HUN
2011,KG_HAB,0.0,41.0,257.0,382.0,0.0,41.0,84.0,18.0,66.0,382.0,HUN
2012,KG_HAB,0.0,37.0,263.0,402.0,0.0,37.0,102.0,18.0,84.0,402.0,HUN
2013,KG_HAB,0.0,34.0,244.0,378.0,0.0,34.0,100.0,19.0,81.0,378.0,HUN
2014,KG_HAB,0.0,38.0,221.0,385.0,0.0,38.0,117.0,24.0,94.0,376.0,HUN
2015,KG_HAB,0.0,53.0,202.0,377.0,0.0,53.0,121.0,23.0,98.0,377.0,HUN
2016,KG_HAB,0.0,56.0,192.0,379.0,0.0,56.0,132.0,30.0,102.0,380.0,HUN
2017,KG_HAB,0.0,62.0,186.0,385.0,0.0,62.0,135.0,32.0,103.0,383.0,HUN
2018,KG_HAB,0.0,51.0,189.0,381.0,0.0,51.0,143.0,32.0,111.0,383.0,HUN
2019,KG_HAB,0.0,53.0,196.0,387.0,0.0,53.0,139.0,36.0,103.0,388.0,HUN
2020,KG_HAB,0.0,48.0,218.0,403.0,0.0,48.0,129.0,39.0,90.0,403.0,HUN
2021,KG_HAB,0.0,52.0,212.0,416.0,0.0,51.0,145.0,39.0,106.0,416.0,HUN
1995,KG_HAB,0.0,0.0,395.0,512.0,0.0,0.0,34.0,0.0,34.0,430.0,IRL
1996,KG_HAB,0.0,0.0,417.0,522.0,0.0,0.0,36.0,0.0,36.0,453.0,IRL
1997,KG_HAB,0.0,0.0,437.0,544.0,0.0,0.0,41.0,0.0,41.0,477.0,IRL
1998,KG_HAB,0.0,0.0,476.0,554.0,0.0,0.0,45.0,2.0,43.0,521.0,IRL
1999,KG_HAB,0.0,0.0,514.0,577.0,0.0,0.0,55.0,0.0,55.0,569.0,IRL
2000,KG_HAB,0.0,0.0,550.0,599.0,0.0,0.0,71.0,4.0,67.0,621.0,IRL
2001,KG_HAB,0.0,0.0,536.0,699.0,0.0,0.0,79.0,6.0,73.0,615.0,IRL
2002,KG_HAB,0.0,0.0,500.0,692.0,0.0,0.0,126.0,9.0,118.0,627.0,IRL
2003,KG_HAB,0.0,0.0,476.0,730.0,0.0,0.0,173.0,10.0,163.0,649.0,IRL
2004,KG_HAB,0.0,0.0,447.0,737.0,0.0,0.0,217.0,12.0,205.0,664.0,IRL
2005,KG_HAB,0.0,0.0,441.0,731.0,0.0,0.0,227.0,12.0,216.0,668.0,IRL
2006,KG_HAB,0.0,0.0,463.0,792.0,0.0,0.0,262.0,13.0,249.0,725.0,IRL
2007,KG_HAB,0.0,0.0,458.0,772.0,0.0,0.0,264.0,18.0,246.0,722.0,IRL
2008,KG_HAB,0.0,18.0,432.0,718.0,0.0,18.0,241.0,24.0,218.0,691.0,IRL
2009,KG_HAB,0.0,24.0,380.0,651.0,0.0,24.0,218.0,19.0,199.0,623.0,IRL
2010,KG_HAB,0.0,24.0,328.0,624.0,0.0,24.0,223.0,23.0,200.0,575.0,IRL
2011,KG_HAB,0.0,43.0,293.0,616.0,0.0,43.0,222.0,34.0,188.0,559.0,IRL
2012,KG_HAB,0.0,93.0,223.0,585.0,0.0,93.0,214.0,34.0,180.0,530.0,IRL
2013,,0.0,142.5,169.0,573.5,0.0,142.5,219.0,36.5,182.5,530.5,IRL
2014,KG_HAB,0.0,192.0,115.0,562.0,0.0,192.0,224.0,39.0,185.0,531.0,IRL
2015,,0.0,181.0,132.0,571.5,0.0,181.0,230.5,39.5,191.0,551.5,IRL
2016,KG_HAB,0.0,170.0,149.0,581.0,0.0,170.0,237.0,40.0,197.0,572.0,IRL
2017,KG_HAB,0.0,183.0,130.0,576.0,0.0,183.0,233.0,51.0,181.0,567.0,IRL
2018,KG_HAB,0.0,255.0,86.0,598.0,0.0,255.0,225.0,50.0,175.0,589.0,IRL
2019,KG_HAB,0.0,286.0,96.0,625.0,0.0,286.0,234.0,60.0,174.0,615.0,IRL
2020,KG_HAB,0.0,271.0,104.0,644.0,2.0,271.0,263.0,70.0,190.0,638.0,IRL
1995,KG_HAB,49.0,56.0,322.0,426.0,0.0,7.0,34.0,7.0,26.0,449.0,ISL
1996,KG_HAB,48.0,56.0,327.0,435.0,0.0,7.0,41.0,7.0,33.0,443.0,ISL
1997,KG_HAB,48.0,55.0,332.0,443.0,0.0,7.0,37.0,7.0,30.0,435.0,ISL
1998,KG_HAB,40.0,55.0,336.0,449.0,0.0,15.0,47.0,7.0,40.0,445.0,ISL
1999,KG_HAB,40.0,54.0,342.0,454.0,0.0,14.0,58.0,7.0,50.0,458.0,ISL
2000,KG_HAB,39.0,60.0,349.0,462.0,0.0,21.0,71.0,11.0,60.0,480.0,ISL
2001,KG_HAB,18.0,39.0,351.0,467.0,0.0,21.0,74.0,11.0,63.0,463.0,ISL
2002,KG_HAB,10.0,35.0,358.0,476.0,0.0,24.0,77.0,10.0,66.0,470.0,ISL
2003,KG_HAB,7.0,45.0,363.0,484.0,0.0,38.0,79.0,10.0,69.0,487.0,ISL
2004,KG_HAB,7.0,51.0,363.0,503.0,0.0,45.0,79.0,0.0,79.0,493.0,ISL
2005,KG_HAB,7.0,44.0,364.0,516.0,0.0,37.0,0.0,0.0,0.0,408.0,ISL
2006,KG_HAB,7.0,43.0,385.0,563.0,0.0,36.0,0.0,0.0,0.0,428.0,ISL
2007,KG_HAB,6.0,55.0,376.0,558.0,0.0,48.0,63.0,6.5,56.5,430.0,ISL
2008,KG_HAB,0.0,41.0,488.0,655.0,0.0,41.0,126.0,13.0,113.0,655.0,ISL
2009,KG_HAB,6.0,35.0,295.0,414.0,0.0,28.0,85.0,19.0,66.0,414.0,ISL
2010,KG_HAB,6.0,38.0,346.0,484.0,0.0,31.0,101.0,25.0,75.0,484.0,ISL
2011,KG_HAB,6.0,31.0,339.0,495.0,0.0,25.0,125.0,25.0,100.0,495.0,ISL
2012,KG_HAB,6.0,28.0,343.0,511.0,0.0,22.0,143.0,22.0,122.0,514.0,ISL
2013,KG_HAB,3.0,19.0,340.0,516.0,0.0,15.0,154.0,25.0,130.0,513.0,ISL
2014,KG_HAB,21.0,21.0,354.0,535.0,0.0,0.0,159.0,46.0,113.0,535.0,ISL
2015,KG_HAB,19.0,20.0,342.0,588.0,0.0,1.0,166.0,44.0,122.0,528.0,ISL
2016,KG_HAB,23.0,25.0,375.0,655.0,0.0,2.0,217.0,50.0,167.0,655.0,ISL
2017,KG_HAB,24.0,24.0,416.0,656.0,0.0,0.0,168.0,44.0,124.0,656.0,ISL
2018,KG_HAB,30.0,33.0,418.0,702.0,0.0,3.0,193.0,49.0,144.0,701.0,ISL
2019,,23.0,48.5,355.5,658.0,0.0,25.5,177.5,51.5,126.0,657.5,ISL
2020,KG_HAB,16.0,64.0,293.0,614.0,0.0,48.0,162.0,54.0,108.0,614.0,ISL
2021,KG_HAB,16.0,55.0,263.0,659.0,0.0,39.0,175.0,30.0,145.0,659.0,ISL
1995,KG_HAB,3.0,24.0,422.0,454.0,0.0,21.0,22.0,6.0,16.0,468.0,ITA
1996,KG_HAB,0.0,21.0,380.0,457.0,0.0,21.0,29.0,8.0,21.0,431.0,ITA
1997,KG_HAB,9.0,31.0,374.0,468.0,0.0,21.0,44.0,11.0,33.0,448.0,ITA
1998,KG_HAB,0.0,34.0,365.0,472.0,0.0,34.0,52.0,13.0,39.0,451.0,ITA
1999,KG_HAB,7.0,37.0,382.0,498.0,0.0,31.0,60.0,15.0,46.0,480.0,ITA
2000,KG_HAB,3.0,39.0,385.0,509.0,0.0,36.0,72.0,22.0,51.0,497.0,ITA
2001,KG_HAB,2.0,44.0,349.0,516.0,0.0,43.0,92.0,30.0,62.0,486.0,ITA
2002,KG_HAB,3.0,47.0,329.0,523.0,0.0,44.0,78.0,30.0,48.0,453.0,ITA
2003,KG_HAB,1.0,55.0,312.0,524.0,0.0,54.0,86.0,31.0,54.0,453.0,ITA
2004,KG_HAB,1.0,61.0,306.0,540.0,0.0,60.0,95.0,34.0,61.0,462.0,ITA
2005,KG_HAB,1.0,66.0,295.0,546.0,0.0,65.0,101.0,38.0,64.0,462.0,ITA
2006,KG_HAB,1.0,71.0,300.0,559.0,0.0,70.0,107.0,42.0,66.0,479.0,ITA
2007,KG_HAB,0.0,69.0,289.0,557.0,0.0,68.0,139.0,44.0,95.0,498.0,ITA
2008,KG_HAB,1.0,74.0,273.0,552.0,0.0,74.0,132.0,53.0,79.0,479.0,ITA
2009,KG_HAB,0.0,81.0,263.0,543.0,0.0,80.0,161.0,59.0,102.0,505.0,ITA
2010,KG_HAB,1.0,92.0,253.0,547.0,0.0,91.0,170.0,67.0,103.0,515.0,ITA
2011,KG_HAB,1.0,94.0,222.0,529.0,0.0,94.0,187.0,67.0,120.0,504.0,ITA
2012,KG_HAB,0.0,93.0,197.0,504.0,0.0,93.0,193.0,73.0,121.0,483.0,ITA
2013,KG_HAB,0.0,99.0,181.0,491.0,0.0,99.0,193.0,72.0,122.0,474.0,ITA
2014,KG_HAB,0.0,97.0,154.0,488.0,0.0,97.0,203.0,80.0,123.0,453.0,ITA
2015,KG_HAB,51.0,99.0,129.0,486.0,0.0,49.0,215.0,86.0,129.0,443.0,ITA
2016,KG_HAB,33.0,97.0,123.0,497.0,0.0,64.0,228.0,94.0,133.0,452.0,ITA
2017,KG_HAB,4.0,93.0,114.0,488.0,0.0,89.0,233.0,98.0,136.0,445.0,ITA
2018,KG_HAB,3.0,95.0,107.0,499.0,0.0,92.0,248.0,105.0,144.0,455.0,ITA
2019,KG_HAB,3.0,99.0,105.0,503.0,0.0,96.0,258.0,107.0,151.0,462.0,ITA
2020,KG_HAB,3.0,94.0,98.0,487.0,0.0,92.0,250.0,116.0,135.0,443.0,ITA
2021,KG_HAB,4.0,95.0,95.0,495.0,0.0,91.0,257.0,119.0,137.0,452.0,ITA
1995,KG_HAB,0.0,0.0,426.0,426.0,0.0,0.0,0.0,0.0,0.0,426.0,LTU
1996,KG_HAB,0.0,0.0,401.0,401.0,0.0,0.0,0.0,0.0,0.0,401.0,LTU
1997,KG_HAB,0.0,0.0,422.0,422.0,0.0,0.0,0.0,0.0,0.0,422.0,LTU
1998,KG_HAB,0.0,0.0,445.0,445.0,0.0,0.0,0.0,0.0,0.0,445.0,LTU
1999,KG_HAB,0.0,0.0,351.0,351.0,0.0,0.0,0.0,0.0,0.0,351.0,LTU
2000,KG_HAB,0.0,0.0,345.0,365.0,0.0,0.0,0.0,0.0,0.0,346.0,LTU
2001,KG_HAB,0.0,0.0,337.0,378.0,0.0,0.0,0.0,0.0,0.0,337.0,LTU
2002,KG_HAB,0.0,0.0,325.0,405.0,0.0,0.0,0.0,0.0,0.0,325.0,LTU
2003,KG_HAB,0.0,0.0,333.0,389.0,0.0,0.0,0.0,0.0,0.0,333.0,LTU
2004,KG_HAB,0.0,0.0,341.0,373.0,0.0,0.0,7.0,3.0,4.0,348.0,LTU
2005,KG_HAB,0.0,0.0,353.0,387.0,0.0,0.0,7.0,3.0,4.0,361.0,LTU
2006,KG_HAB,0.0,0.0,370.0,405.0,0.0,0.0,8.0,3.0,4.0,378.0,LTU
2007,KG_HAB,0.0,0.0,385.0,419.0,0.0,0.0,31.0,7.0,25.0,417.0,LTU
2008,KG_HAB,0.0,0.0,387.0,428.0,0.0,0.0,36.0,5.0,31.0,423.0,LTU
2009,KG_HAB,0.0,0.0,345.0,381.0,0.0,0.0,32.0,5.0,27.0,378.0,LTU
2010,KG_HAB,0.0,0.0,348.0,404.0,0.0,0.0,20.0,6.0,14.0,369.0,LTU
2011,KG_HAB,1.0,2.0,341.0,442.0,0.0,2.0,88.0,8.0,81.0,432.0,LTU
2012,KG_HAB,0.0,0.0,325.0,445.0,0.0,0.0,105.0,17.0,87.0,429.0,LTU
2013,KG_HAB,0.0,31.0,270.0,433.0,0.0,31.0,120.0,32.0,88.0,421.0,LTU
2014,KG_HAB,0.0,38.0,255.0,433.0,0.0,38.0,132.0,41.0,91.0,425.0,LTU
2015,KG_HAB,0.0,52.0,242.0,448.0,0.0,52.0,148.0,46.0,103.0,442.0,LTU
2016,KG_HAB,0.0,77.0,132.0,444.0,0.0,77.0,213.0,104.0,109.0,422.0,LTU
2017,KG_HAB,0.0,83.0,149.0,455.0,0.0,83.0,219.0,109.0,110.0,451.0,LTU
2018,KG_HAB,0.0,58.0,114.0,464.0,0.0,58.0,244.0,131.0,113.0,417.0,LTU
2019,KG_HAB,0.0,70.0,102.0,472.0,0.0,70.0,235.0,105.0,130.0,415.0,LTU
2020,KG_HAB,0.0,125.0,79.0,483.0,0.0,125.0,219.0,100.0,118.0,428.0,LTU
2021,KG_HAB,0.0,169.0,74.0,480.0,1.0,169.0,213.0,86.0,126.0,460.0,LTU
1995,KG_HAB,0.0,310.0,159.0,587.0,0.0,310.0,118.0,41.0,77.0,587.0,LUX
1996,KG_HAB,0.0,304.0,162.0,585.0,0.0,304.0,118.0,28.0,90.0,585.0,LUX
1997,KG_HAB,0.0,298.0,144.0,604.0,0.0,298.0,162.0,53.0,109.0,604.0,LUX
1998,KG_HAB,0.0,287.0,145.0,625.0,0.0,287.0,194.0,70.0,124.0,625.0,LUX
1999,KG_HAB,0.0,309.0,139.0,646.0,0.0,309.0,198.0,77.0,121.0,646.0,LUX
2000,KG_HAB,0.0,282.0,137.0,654.0,0.0,282.0,234.0,93.0,141.0,654.0,LUX
2001,KG_HAB,0.0,274.0,131.0,646.0,0.0,274.0,241.0,91.0,150.0,646.0,LUX
2002,KG_HAB,0.0,274.0,129.0,653.0,0.0,274.0,250.0,101.0,149.0,653.0,LUX
2003,KG_HAB,0.0,266.0,126.0,678.0,0.0,266.0,286.0,130.0,156.0,678.0,LUX
2004,KG_HAB,0.0,284.0,113.0,679.0,0.0,284.0,281.0,123.0,158.0,679.0,LUX
2005,KG_HAB,0.0,254.0,126.0,672.0,0.0,254.0,293.0,121.0,172.0,672.0,LUX
2006,KG_HAB,0.0,265.0,119.0,683.0,0.0,265.0,299.0,121.0,178.0,683.0,LUX
2007,KG_HAB,0.0,266.0,116.0,695.0,0.0,266.0,313.0,134.0,179.0,695.0,LUX
2008,KG_HAB,0.0,269.0,108.0,697.0,0.0,269.0,320.0,138.0,182.0,697.0,LUX
2009,KG_HAB,0.0,262.0,102.0,679.0,0.0,262.0,315.0,135.0,179.0,679.0,LUX
2010,KG_HAB,0.0,256.0,108.0,679.0,0.0,256.0,315.0,133.0,183.0,679.0,LUX
2011,KG_HAB,0.0,261.0,97.0,666.0,0.0,261.0,308.0,120.0,188.0,666.0,LUX
2012,KG_HAB,0.0,249.0,93.0,652.0,0.0,249.0,310.0,128.0,182.0,652.0,LUX
2013,KG_HAB,0.0,243.0,88.0,616.0,0.0,243.0,285.0,111.0,174.0,616.0,LUX
2014,KG_HAB,0.0,237.0,89.0,626.0,0.0,237.0,299.0,121.0,178.0,626.0,LUX
2015,KG_HAB,0.0,274.0,45.0,607.0,0.0,274.0,288.0,111.0,177.0,607.0,LUX
2016,KG_HAB,0.0,379.0,38.0,815.0,0.0,379.0,401.0,167.0,233.0,815.0,LUX
2017,KG_HAB,0.0,372.0,36.0,798.0,0.0,372.0,390.0,153.0,237.0,798.0,LUX
2018,KG_HAB,0.0,375.0,35.0,803.0,0.0,375.0,393.0,154.0,239.0,803.0,LUX
2019,KG_HAB,0.0,369.0,35.0,791.0,0.0,369.0,387.0,152.0,235.0,791.0,LUX
2020,KG_HAB,0.0,341.0,31.0,790.0,0.0,341.0,418.0,186.0,232.0,790.0,LUX
2021,KG_HAB,0.0,323.0,32.0,793.0,0.0,323.0,438.0,200.0,238.0,793.0,LUX
1995,KG_HAB,0.0,0.0,184.0,264.0,0.0,0.0,0.0,0.0,0.0,184.0,LVA
1996,KG_HAB,0.0,0.0,194.0,265.0,0.0,0.0,0.0,0.0,0.0,194.0,LVA
1997,KG_HAB,0.0,0.0,208.0,255.0,0.0,0.0,0.0,0.0,0.0,208.0,LVA
1998,KG_HAB,0.0,0.0,223.0,248.0,0.0,0.0,0.0,0.0,0.0,223.0,LVA
1999,KG_HAB,0.0,0.0,237.0,256.0,0.0,0.0,0.0,0.0,0.0,237.0,LVA
2000,KG_HAB,0.0,0.0,252.0,271.0,0.0,0.0,0.0,0.0,0.0,252.0,LVA
2001,KG_HAB,0.0,4.0,269.0,305.0,0.0,4.0,1.0,1.0,0.0,274.0,LVA
2002,KG_HAB,0.0,5.0,285.0,343.0,0.0,5.0,1.0,0.0,1.0,291.0,LVA
2003,KG_HAB,0.0,5.0,253.0,304.0,0.0,5.0,7.0,1.0,6.0,265.0,LVA
2004,KG_HAB,0.0,6.0,265.0,318.0,0.0,6.0,14.0,3.0,11.0,286.0,LVA
2005,KG_HAB,0.0,3.0,251.0,320.0,0.0,3.0,12.0,1.0,12.0,266.0,LVA
2006,KG_HAB,0.0,2.0,302.0,343.0,0.0,2.0,15.0,2.0,13.0,320.0,LVA
2007,KG_HAB,0.0,2.0,334.0,391.0,0.0,2.0,20.0,2.0,17.0,355.0,LVA
2008,KG_HAB,0.0,1.0,324.0,345.0,0.0,1.0,22.0,3.0,20.0,347.0,LVA
2009,KG_HAB,0.0,0.0,324.0,352.0,0.0,0.0,27.0,1.0,26.0,352.0,LVA
2010,KG_HAB,0.0,0.0,294.0,324.0,0.0,0.0,30.0,2.0,28.0,324.0,LVA
2011,KG_HAB,0.0,0.0,258.0,350.0,0.0,0.0,34.0,4.0,30.0,292.0,LVA
2012,KG_HAB,0.0,1.0,254.0,323.0,0.0,1.0,47.0,6.0,41.0,302.0,LVA
2013,KG_HAB,0.0,6.0,259.0,350.0,0.0,6.0,90.0,20.0,71.0,355.0,LVA
2014,KG_HAB,0.0,5.0,258.0,364.0,0.0,5.0,98.0,13.0,85.0,362.0,LVA
2015,KG_HAB,0.0,8.0,250.0,404.0,0.0,8.0,116.0,24.0,92.0,373.0,LVA
2016,KG_HAB,0.0,10.0,263.0,410.0,0.0,10.0,103.0,42.0,62.0,376.0,LVA
2017,KG_HAB,0.0,11.0,267.0,411.0,0.0,11.0,102.0,29.0,73.0,380.0,LVA
2018,KG_HAB,0.0,8.0,240.0,407.0,0.0,8.0,103.0,25.0,78.0,351.0,LVA
2019,KG_HAB,0.0,15.0,252.0,439.0,0.0,15.0,180.0,22.0,158.0,446.0,LVA
2020,KG_HAB,0.0,13.0,253.0,478.0,1.0,13.0,190.0,35.0,155.0,455.0,LVA
2021,KG_HAB,0.0,16.0,242.0,461.0,0.0,16.0,203.0,37.0,167.0,461.0,LVA
1995,KG_HAB,0.0,0.0,335.0,387.0,0.0,0.0,52.0,52.0,0.0,387.0,MLT
1996,KG_HAB,0.0,0.0,362.0,412.0,0.0,0.0,50.0,50.0,0.0,412.0,MLT
1997,KG_HAB,0.0,0.0,387.0,436.0,0.0,0.0,48.0,48.0,1.0,436.0,MLT
1998,KG_HAB,0.0,0.0,413.0,459.0,0.0,0.0,46.0,45.0,1.0,459.0,MLT
1999,KG_HAB,0.0,0.0,431.0,466.0,0.0,0.0,35.0,35.0,1.0,466.0,MLT
2000,KG_HAB,0.0,0.0,481.0,533.0,0.0,0.0,52.0,50.0,2.0,533.0,MLT
2001,KG_HAB,0.0,0.0,492.0,540.0,0.0,0.0,48.0,46.0,2.0,540.0,MLT
2002,KG_HAB,0.0,0.0,515.0,541.0,0.0,0.0,26.0,24.0,2.0,541.0,MLT
2003,KG_HAB,0.0,0.0,541.0,580.0,0.0,0.0,39.0,36.0,3.0,579.0,MLT
2004,KG_HAB,0.0,0.0,593.0,633.0,0.0,0.0,40.0,32.0,8.0,633.0,MLT
2005,KG_HAB,0.0,0.0,568.0,625.0,0.0,0.0,57.0,45.0,12.0,625.0,MLT
2006,KG_HAB,0.0,0.0,577.0,667.0,0.0,0.0,90.0,70.0,20.0,667.0,MLT
2007,KG_HAB,0.0,0.0,646.0,677.0,0.0,0.0,31.0,15.0,16.0,677.0,MLT
2008,KG_HAB,0.0,0.0,650.0,688.0,0.0,0.0,34.0,0.0,34.0,684.0,MLT
2009,KG_HAB,0.0,0.0,626.0,671.0,0.0,0.0,46.0,0.0,46.0,671.0,MLT
2010,KG_HAB,0.0,0.0,545.0,623.0,0.0,0.0,55.0,0.0,55.0,600.0,MLT
2011,KG_HAB,0.0,6.0,512.0,622.0,0.0,6.0,96.0,7.0,89.0,615.0,MLT
2012,KG_HAB,0.0,3.0,503.0,612.0,0.0,2.0,89.0,12.0,77.0,595.0,MLT
2013,KG_HAB,0.0,2.0,494.0,602.0,0.0,1.0,75.0,0.0,75.0,571.0,MLT
2014,KG_HAB,0.0,2.0,505.0,628.0,0.0,2.0,73.0,0.0,73.0,580.0,MLT
2015,KG_HAB,0.0,2.0,675.0,641.0,0.0,2.0,70.0,0.0,70.0,746.0,MLT
2016,KG_HAB,0.0,2.0,487.0,642.0,0.0,2.0,81.0,0.0,81.0,570.0,MLT
2017,KG_HAB,0.0,0.0,530.0,666.0,0.0,0.0,77.0,0.0,77.0,607.0,MLT
2018,KG_HAB,0.0,0.0,561.0,672.0,0.0,0.0,70.0,0.0,70.0,632.0,MLT
2019,KG_HAB,0.0,0.0,636.0,697.0,0.0,0.0,63.0,0.0,63.0,700.0,MLT
2020,KG_HAB,0.0,0.0,531.0,643.0,0.0,0.0,70.0,0.0,70.0,601.0,MLT
2021,KG_HAB,0.0,25.0,519.0,611.0,0.0,25.0,82.0,0.0,82.0,626.0,MLT
1995,KG_HAB,138.0,138.0,157.0,539.0,0.0,0.0,214.0,130.0,84.0,509.0,NLD
1996,KG_HAB,171.0,171.0,114.0,551.0,0.0,0.0,229.0,137.0,93.0,514.0,NLD
1997,KG_HAB,218.0,218.0,69.0,576.0,0.0,0.0,251.0,148.0,103.0,538.0,NLD
1998,KG_HAB,198.0,198.0,53.0,577.0,0.0,0.0,253.0,144.0,109.0,504.0,NLD
1999,KG_HAB,202.0,202.0,39.0,582.0,0.0,0.0,255.0,140.0,115.0,496.0,NLD
2000,KG_HAB,190.0,190.0,57.0,598.0,0.0,0.0,264.0,145.0,119.0,510.0,NLD
2001,KG_HAB,198.0,198.0,49.0,595.0,0.0,0.0,260.0,141.0,119.0,507.0,NLD
2002,KG_HAB,194.0,194.0,50.0,600.0,0.0,0.0,272.0,147.0,125.0,515.0,NLD
2003,KG_HAB,197.0,197.0,16.0,586.0,0.0,0.0,267.0,141.0,126.0,479.0,NLD
2004,KG_HAB,202.0,202.0,10.0,599.0,0.0,0.0,281.0,147.0,134.0,492.0,NLD
2005,KG_HAB,202.0,202.0,10.0,599.0,0.0,0.0,280.0,149.0,131.0,492.0,NLD
2006,KG_HAB,199.0,199.0,14.0,597.0,0.0,0.0,279.0,142.0,137.0,492.0,NLD
2007,KG_HAB,199.0,199.0,12.0,606.0,0.0,0.0,292.0,147.0,146.0,504.0,NLD
2008,KG_HAB,247.0,300.0,9.0,600.0,0.0,53.0,291.0,142.0,149.0,600.0,NLD
2009,KG_HAB,239.0,291.0,9.0,589.0,0.0,51.0,289.0,145.0,144.0,589.0,NLD
2010,KG_HAB,110.0,281.0,9.0,571.0,0.0,171.0,281.0,139.0,142.0,571.0,NLD
2011,KG_HAB,43.0,280.0,9.0,568.0,0.0,237.0,279.0,141.0,137.0,568.0,NLD
2012,KG_HAB,7.0,269.0,8.0,549.0,0.0,263.0,272.0,140.0,131.0,549.0,NLD
2013,KG_HAB,6.0,256.0,8.0,526.0,0.0,250.0,262.0,137.0,126.0,526.0,NLD
2014,KG_HAB,6.0,251.0,8.0,527.0,0.0,246.0,268.0,143.0,125.0,527.0,NLD
2015,KG_HAB,6.0,245.0,7.0,523.0,0.0,239.0,271.0,143.0,128.0,523.0,NLD
2016,KG_HAB,6.0,235.0,7.0,520.0,0.0,229.0,278.0,144.0,135.0,520.0,NLD
2017,KG_HAB,5.0,226.0,7.0,513.0,0.0,220.0,280.0,144.0,136.0,513.0,NLD
2018,KG_HAB,5.0,218.0,7.0,511.0,0.0,213.0,286.0,147.0,139.0,511.0,NLD
2019,KG_HAB,5.0,212.0,7.0,508.0,0.0,206.0,289.0,148.0,141.0,508.0,NLD
2020,KG_HAB,5.0,222.0,7.0,533.0,0.0,218.0,304.0,156.0,148.0,533.0,NLD
2021,KG_HAB,5.0,210.0,7.0,515.0,0.0,205.0,297.0,154.0,144.0,515.0,NLD
1995,KG_HAB,12.0,84.0,455.0,624.0,0.0,72.0,85.0,12.0,74.0,624.0,NOR
1996,KG_HAB,0.0,81.0,424.0,630.0,0.0,81.0,125.0,19.0,107.0,630.0,NOR
1997,KG_HAB,0.0,83.0,382.0,618.0,0.0,83.0,152.0,28.0,124.0,618.0,NOR
1998,KG_HAB,0.0,84.0,416.0,645.0,0.0,84.0,144.0,36.0,109.0,645.0,NOR
1999,KG_HAB,0.0,92.0,327.0,594.0,0.0,92.0,175.0,45.0,130.0,594.0,NOR
2000,KG_HAB,0.0,90.0,336.0,613.0,0.0,90.0,188.0,53.0,135.0,613.0,NOR
2001,KG_HAB,0.0,107.0,92.0,361.0,0.0,107.0,160.0,50.0,110.0,361.0,NOR
2002,KG_HAB,0.0,120.0,93.0,392.0,0.0,120.0,178.0,55.0,123.0,392.0,NOR
2003,KG_HAB,0.0,131.0,86.0,402.0,0.0,131.0,184.0,58.0,126.0,402.0,NOR
2004,KG_HAB,0.0,128.0,82.0,414.0,0.0,128.0,151.0,48.0,103.0,414.0,NOR
2005,KG_HAB,0.0,142.0,77.0,426.0,0.0,142.0,167.0,55.0,112.0,426.0,NOR
2006,KG_HAB,0.0,145.0,84.0,459.0,0.0,145.0,185.0,62.0,123.0,459.0,NOR
2007,KG_HAB,0.0,184.0,92.0,491.0,0.0,184.0,209.0,73.0,136.0,485.0,NOR
2008,KG_HAB,0.0,183.0,87.0,487.0,0.0,183.0,212.0,72.0,140.0,482.0,NOR
2009,KG_HAB,0.0,195.0,67.0,470.0,0.0,195.0,202.0,74.0,128.0,464.0,NOR
2010,KG_HAB,0.0,236.0,28.0,469.0,0.0,236.0,198.0,73.0,125.0,462.0,NOR
2011,KG_HAB,0.0,271.0,11.0,485.0,0.0,271.0,194.0,73.0,121.0,476.0,NOR
2012,KG_HAB,0.0,268.0,9.0,477.0,0.0,268.0,190.0,66.0,124.0,467.0,NOR
2013,KG_HAB,0.0,285.0,10.0,496.0,0.0,285.0,194.0,78.0,116.0,489.0,NOR
2014,KG_HAB,0.0,224.0,12.0,423.0,0.0,224.0,179.0,68.0,110.0,414.0,NOR
2015,KG_HAB,0.0,221.0,14.0,422.0,0.0,221.0,180.0,70.0,110.0,415.0,NOR
2016,KG_HAB,0.0,404.0,32.0,754.0,0.0,404.0,288.0,77.0,211.0,754.0,NOR
2017,KG_HAB,0.0,396.0,26.0,748.0,0.0,396.0,290.0,75.0,216.0,748.0,NOR
2018,KG_HAB,0.0,378.0,23.0,739.0,0.0,378.0,301.0,72.0,229.0,739.0,NOR
2019,KG_HAB,0.0,384.0,29.0,776.0,0.0,384.0,317.0,85.0,232.0,776.0,NOR
2020,KG_HAB,2.0,292.0,24.0,604.0,1.0,290.0,247.0,58.0,189.0,604.0,NOR
2021,KG_HAB,0.0,399.0,25.0,799.0,0.0,399.0,305.0,77.0,228.0,799.0,NOR
1995,KG_HAB,0.0,0.0,279.0,285.0,0.0,0.0,5.0,5.0,0.0,285.0,POL
1996,KG_HAB,0.0,0.0,295.0,301.0,0.0,0.0,6.0,6.0,0.0,301.0,POL
1997,KG_HAB,0.0,0.0,306.0,315.0,0.0,0.0,10.0,10.0,0.0,315.0,POL
1998,KG_HAB,0.0,0.0,300.0,306.0,0.0,0.0,6.0,6.0,0.0,306.0,POL
1999,KG_HAB,0.0,0.0,312.0,319.0,0.0,0.0,6.0,6.0,0.0,319.0,POL
2000,KG_HAB,0.0,0.0,313.0,320.0,0.0,0.0,7.0,6.0,0.0,320.0,POL
2001,KG_HAB,0.0,0.0,278.0,290.0,0.0,0.0,12.0,8.0,4.0,290.0,POL
2002,KG_HAB,1.0,1.0,265.0,275.0,0.0,0.0,9.0,6.0,3.0,275.0,POL
2003,KG_HAB,1.0,1.0,252.0,260.0,0.0,0.0,7.0,3.0,4.0,260.0,POL
2004,KG_HAB,1.0,1.0,241.0,256.0,0.0,0.0,12.0,6.0,6.0,254.0,POL
2005,KG_HAB,1.0,1.0,226.0,319.0,0.0,0.0,18.0,8.0,10.0,245.0,POL
2006,KG_HAB,1.0,1.0,236.0,321.0,0.0,0.0,22.0,9.0,13.0,259.0,POL
2007,KG_HAB,1.0,1.0,239.0,322.0,0.0,0.0,25.0,10.0,15.0,264.0,POL
2008,KG_HAB,1.0,1.0,229.0,320.0,0.0,0.0,34.0,10.0,23.0,263.0,POL
2009,KG_HAB,1.0,1.0,221.0,316.0,0.0,0.0,42.0,4.0,37.0,264.0,POL
2010,KG_HAB,1.0,1.0,211.0,316.0,0.0,0.0,52.0,5.0,47.0,264.0,POL
2011,KG_HAB,1.0,1.0,221.0,319.0,0.0,0.0,36.0,6.0,31.0,258.0,POL
2012,KG_HAB,1.0,1.0,212.0,317.0,0.0,0.0,38.0,5.0,33.0,252.0,POL
2013,KG_HAB,5.0,20.0,184.0,297.0,0.0,15.0,45.0,6.0,39.0,249.0,POL
2014,KG_HAB,10.0,41.0,159.0,272.0,0.0,31.0,72.0,15.0,57.0,272.0,POL
2015,KG_HAB,3.0,38.0,155.0,286.0,0.0,35.0,93.0,17.0,75.0,286.0,POL
2016,KG_HAB,4.0,60.0,140.0,307.0,0.0,56.0,107.0,21.0,85.0,307.0,POL
2017,KG_HAB,5.0,77.0,132.0,315.0,0.0,72.0,107.0,22.0,84.0,315.0,POL
2018,KG_HAB,5.0,79.0,137.0,329.0,0.0,74.0,113.0,27.0,86.0,329.0,POL
2019,KG_HAB,5.0,77.0,145.0,336.0,0.0,72.0,114.0,30.0,84.0,336.0,POL
2020,KG_HAB,4.0,74.0,138.0,346.0,0.0,70.0,134.0,42.0,92.0,346.0,POL
2021,KG_HAB,5.0,76.0,140.0,362.0,0.0,72.0,146.0,48.0,98.0,362.0,POL
1995,KG_HAB,0.0,0.0,317.0,352.0,0.0,0.0,34.0,30.0,4.0,352.0,PRT
1996,KG_HAB,0.0,1.0,335.0,372.0,0.0,1.0,36.0,31.0,5.0,372.0,PRT
1997,KG_HAB,0.0,1.0,357.0,397.0,0.0,1.0,40.0,33.0,7.0,397.0,PRT
1998,KG_HAB,0.0,0.0,370.0,413.0,0.0,0.0,43.0,35.0,8.0,413.0,PRT
1999,KG_HAB,0.0,0.0,387.0,433.0,0.0,0.0,46.0,36.0,11.0,433.0,PRT
2000,KG_HAB,0.0,96.0,313.0,457.0,0.0,96.0,48.0,33.0,15.0,457.0,PRT
2001,KG_HAB,0.0,94.0,307.0,454.0,0.0,94.0,54.0,36.0,18.0,454.0,PRT
2002,KG_HAB,0.0,91.0,316.0,441.0,0.0,91.0,33.0,13.0,20.0,441.0,PRT
2003,KG_HAB,0.0,96.0,304.0,449.0,0.0,96.0,49.0,27.0,22.0,449.0,PRT
2004,KG_HAB,0.0,95.0,290.0,445.0,0.0,95.0,60.0,29.0,30.0,445.0,PRT
2005,KG_HAB,0.0,101.0,283.0,452.0,0.0,101.0,68.0,30.0,39.0,452.0,PRT
2006,KG_HAB,0.0,93.0,299.0,465.0,0.0,93.0,74.0,29.0,45.0,465.0,PRT
2007,KG_HAB,0.0,90.0,301.0,471.0,0.0,90.0,81.0,30.0,50.0,471.0,PRT
2008,KG_HAB,0.0,94.0,334.0,518.0,0.0,94.0,90.0,36.0,54.0,518.0,PRT
2009,KG_HAB,0.0,102.0,316.0,520.0,0.0,102.0,101.0,40.0,61.0,520.0,PRT
2010,KG_HAB,0.0,100.0,320.0,516.0,0.0,100.0,96.0,38.0,59.0,516.0,PRT
2011,KG_HAB,0.0,103.0,289.0,490.0,0.0,103.0,99.0,42.0,56.0,490.0,PRT
2012,KG_HAB,0.0,88.0,247.0,453.0,0.0,88.0,118.0,66.0,52.0,453.0,PRT
2013,KG_HAB,0.0,104.0,222.0,440.0,0.0,104.0,114.0,57.0,57.0,440.0,PRT
2014,KG_HAB,0.0,94.0,222.0,453.0,0.0,94.0,137.0,64.0,74.0,453.0,PRT
2015,KG_HAB,0.0,91.0,214.0,460.0,0.0,91.0,137.0,72.0,65.0,443.0,PRT
2016,KG_HAB,0.0,92.0,212.0,474.0,0.0,92.0,146.0,79.0,68.0,446.0,PRT
2017,KG_HAB,0.0,96.0,227.0,486.0,0.0,96.0,142.0,83.0,59.0,464.0,PRT
2018,KG_HAB,0.0,92.0,245.0,507.0,0.0,92.0,148.0,86.0,62.0,485.0,PRT
2019,KG_HAB,0.0,97.0,244.0,513.0,0.0,97.0,148.0,86.0,62.0,489.0,PRT
2020,KG_HAB,0.0,110.0,292.0,513.0,0.0,110.0,137.0,72.0,65.0,539.0,PRT
2021,KG_HAB,0.0,120.0,271.0,513.0,0.0,120.0,156.0,86.0,70.0,548.0,PRT
1995,KG_HAB,0.0,0.0,254.0,342.0,0.0,0.0,0.0,0.0,0.0,254.0,ROU
1996,KG_HAB,0.0,0.0,230.0,326.0,0.0,0.0,0.0,0.0,0.0,230.0,ROU
1997,KG_HAB,0.0,0.0,257.0,326.0,0.0,0.0,0.0,0.0,0.0,257.0,ROU
1998,KG_HAB,0.0,0.0,224.0,278.0,0.0,0.0,0.0,0.0,0.0,224.0,ROU
1999,KG_HAB,0.0,0.0,255.0,314.0,0.0,0.0,0.0,0.0,0.0,255.0,ROU
2000,KG_HAB,0.0,0.0,295.0,355.0,0.0,0.0,0.0,0.0,0.0,295.0,ROU
2001,KG_HAB,0.0,0.0,269.0,341.0,0.0,0.0,6.0,0.0,6.0,275.0,ROU
2002,KG_HAB,0.0,0.0,308.0,385.0,0.0,0.0,8.0,0.0,8.0,316.0,ROU
2003,KG_HAB,0.0,0.0,279.0,353.0,0.0,0.0,1.0,0.0,1.0,280.0,ROU
2004,KG_HAB,0.0,0.0,276.0,349.0,0.0,0.0,4.0,0.0,4.0,280.0,ROU
2005,KG_HAB,0.0,0.0,301.0,383.0,0.0,0.0,7.0,0.0,7.0,308.0,ROU
2006,KG_HAB,0.0,0.0,297.0,396.0,0.0,0.0,2.0,0.0,2.0,299.0,ROU
2007,KG_HAB,0.0,0.0,293.0,391.0,0.0,0.0,2.0,0.0,2.0,295.0,ROU
2008,KG_HAB,0.0,0.0,316.0,411.0,0.0,0.0,4.0,0.0,4.0,319.0,ROU
2009,KG_HAB,0.0,0.0,303.0,381.0,0.0,0.0,4.0,0.0,4.0,307.0,ROU
2010,KG_HAB,0.0,1.0,238.0,313.0,0.0,1.0,40.0,32.0,8.0,279.0,ROU
2011,KG_HAB,0.0,2.0,201.0,259.0,0.0,2.0,30.0,22.0,9.0,234.0,ROU
2012,KG_HAB,0.0,4.0,171.0,251.0,0.0,4.0,37.0,29.0,8.0,212.0,ROU
2013,KG_HAB,0.0,5.0,175.0,254.0,0.0,5.0,34.0,23.0,11.0,214.0,ROU
2014,KG_HAB,0.0,7.0,179.0,249.0,0.0,7.0,33.0,20.0,13.0,218.0,ROU
2015,KG_HAB,0.0,6.0,178.0,247.0,0.0,6.0,33.0,18.0,14.0,216.0,ROU
2016,KG_HAB,0.0,11.0,181.0,261.0,0.0,11.0,35.0,18.0,17.0,242.0,ROU
2017,KG_HAB,0.0,12.0,207.0,272.0,0.0,12.0,38.0,18.0,20.0,259.0,ROU
2018,KG_HAB,0.0,12.0,210.0,272.0,0.0,12.0,30.0,9.0,21.0,255.0,ROU
2019,KG_HAB,0.0,13.0,213.0,280.0,0.0,13.0,32.0,12.0,20.0,258.0,ROU
2020,KG_HAB,0.0,15.0,214.0,290.0,0.0,15.0,34.0,18.0,16.0,264.0,ROU
2021,KG_HAB,0.0,18.0,228.0,302.0,0.0,18.0,34.0,14.0,20.0,280.0,ROU
1995,KG_HAB,1.0,28.0,258.0,295.0,0.0,27.0,8.0,4.0,4.0,294.0,SVK
1996,KG_HAB,1.0,28.0,247.0,275.0,0.0,27.0,8.0,4.0,4.0,282.0,SVK
1997,KG_HAB,1.0,30.0,224.0,274.0,0.0,29.0,14.0,7.0,6.0,270.0,SVK
1998,KG_HAB,1.0,33.0,206.0,259.0,0.0,32.0,12.0,7.0,5.0,253.0,SVK
1999,KG_HAB,1.0,32.0,210.0,261.0,0.0,31.0,12.0,7.0,5.0,256.0,SVK
2000,KG_HAB,1.0,39.0,196.0,254.0,0.0,38.0,13.0,7.0,6.0,249.0,SVK
2001,KG_HAB,1.0,25.0,195.0,239.0,0.0,24.0,13.0,6.0,7.0,234.0,SVK
2002,KG_HAB,12.0,29.0,209.0,270.0,0.0,17.0,13.0,6.0,6.0,256.0,SVK
2003,KG_HAB,12.0,30.0,218.0,281.0,0.0,18.0,16.0,7.0,9.0,266.0,SVK
2004,KG_HAB,13.0,34.0,209.0,261.0,0.0,22.0,16.0,8.0,8.0,261.0,SVK
2005,KG_HAB,34.0,34.0,213.0,273.0,0.0,0.0,6.0,3.0,3.0,257.0,SVK
2006,KG_HAB,35.0,35.0,218.0,284.0,0.0,0.0,11.0,9.0,3.0,268.0,SVK
2007,KG_HAB,12.0,34.0,225.0,294.0,0.0,22.0,19.0,12.0,7.0,278.0,SVK
2008,KG_HAB,0.0,29.0,237.0,313.0,0.0,29.0,23.0,12.0,11.0,290.0,SVK
2009,KG_HAB,0.0,34.0,235.0,307.0,0.0,33.0,25.0,12.0,13.0,294.0,SVK
2010,KG_HAB,2.0,34.0,246.0,319.0,0.0,32.0,29.0,11.0,18.0,309.0,SVK
2011,KG_HAB,1.0,34.0,230.0,311.0,0.0,34.0,34.0,13.0,21.0,298.0,SVK
2012,KG_HAB,1.0,31.0,224.0,306.0,0.0,30.0,41.0,15.0,26.0,296.0,SVK
2013,KG_HAB,0.0,32.0,213.0,304.0,0.0,32.0,33.0,13.0,20.0,278.0,SVK
2014,KG_HAB,1.0,35.0,214.0,320.0,0.0,34.0,33.0,17.0,16.0,282.0,SVK
2015,KG_HAB,0.0,35.0,226.0,329.0,0.0,35.0,49.0,24.0,25.0,310.0,SVK
2016,KG_HAB,0.0,36.0,228.0,348.0,0.0,36.0,80.0,26.0,54.0,345.0,SVK
2017,KG_HAB,0.0,36.0,229.0,378.0,0.0,36.0,113.0,33.0,80.0,378.0,SVK
2018,KG_HAB,6.0,34.0,229.0,414.0,0.0,29.0,150.0,39.0,111.0,414.0,SVK
2019,KG_HAB,16.0,39.0,219.0,421.0,0.0,23.0,162.0,49.0,113.0,421.0,SVK
2020,KG_HAB,0.0,35.0,218.0,478.0,3.0,35.0,217.0,65.0,148.0,470.0,SVK
2021,KG_HAB,0.0,40.0,202.0,497.0,0.0,40.0,243.0,77.0,166.0,488.0,SVK
1995,KG_HAB,0.0,0.0,456.0,596.0,0.0,0.0,12.0,2.0,11.0,469.0,SVN
1996,KG_HAB,0.0,0.0,465.0,591.0,0.0,0.0,31.0,4.0,27.0,496.0,SVN
1997,KG_HAB,0.0,0.0,491.0,589.0,0.0,0.0,35.0,8.0,27.0,526.0,SVN
1998,KG_HAB,0.0,0.0,513.0,585.0,0.0,0.0,56.0,10.0,45.0,569.0,SVN
1999,KG_HAB,0.0,0.0,454.0,550.0,0.0,0.0,35.0,10.0,25.0,489.0,SVN
2000,KG_HAB,0.0,0.0,402.0,513.0,0.0,0.0,31.0,7.0,24.0,433.0,SVN
2001,KG_HAB,0.0,0.0,358.0,478.0,0.0,0.0,13.0,6.0,7.0,370.0,SVN
2002,KG_HAB,0.0,2.0,357.0,407.0,0.0,2.0,37.0,6.0,31.0,397.0,SVN
2003,KG_HAB,0.0,3.0,348.0,418.0,0.0,3.0,53.0,7.0,46.0,403.0,SVN
2004,KG_HAB,0.0,8.0,313.0,485.0,0.0,8.0,99.0,8.0,91.0,420.0,SVN
2005,KG_HAB,0.0,1.0,329.0,494.0,0.0,1.0,92.0,8.0,84.0,422.0,SVN
2006,KG_HAB,0.0,0.0,361.0,516.0,0.0,0.0,80.0,7.0,72.0,442.0,SVN
2007,KG_HAB,0.0,0.0,341.0,525.0,0.0,0.0,115.0,7.0,107.0,456.0,SVN
2008,KG_HAB,0.0,7.0,339.0,542.0,0.0,6.0,102.0,8.0,94.0,448.0,SVN
2009,KG_HAB,0.0,7.0,308.0,524.0,0.0,7.0,102.0,10.0,93.0,417.0,SVN
2010,KG_HAB,0.0,4.0,279.0,490.0,0.0,4.0,110.0,11.0,99.0,393.0,SVN
2011,KG_HAB,0.0,6.0,234.0,415.0,0.0,5.0,148.0,22.0,126.0,388.0,SVN
2012,KG_HAB,1.0,5.0,154.0,362.0,0.0,4.0,152.0,21.0,131.0,311.0,SVN
2013,KG_HAB,0.0,2.0,109.0,414.0,0.0,2.0,144.0,28.0,116.0,255.0,SVN
2014,KG_HAB,0.0,1.0,101.0,432.0,0.0,1.0,156.0,30.0,126.0,257.0,SVN
2015,KG_HAB,0.0,77.0,102.0,449.0,0.0,76.0,243.0,34.0,208.0,421.0,SVN
2016,KG_HAB,9.0,91.0,38.0,457.0,0.0,82.0,253.0,69.0,184.0,382.0,SVN
2017,KG_HAB,18.0,54.0,48.0,471.0,0.0,36.0,272.0,73.0,199.0,374.0,SVN
2018,KG_HAB,3.0,50.0,47.0,486.0,1.0,47.0,287.0,79.0,207.0,384.0,SVN
2019,KG_HAB,0.0,66.0,52.0,504.0,0.0,65.0,299.0,84.0,214.0,416.0,SVN
2020,KG_HAB,10.0,64.0,33.0,487.0,0.0,54.0,289.0,70.0,219.0,385.0,SVN
2021,KG_HAB,10.0,56.0,31.0,511.0,1.0,46.0,311.0,72.0,238.0,405.0,SVN
1995,KG_HAB,0.0,148.0,136.0,386.0,0.0,148.0,101.0,24.0,78.0,386.0,SWE
1996,KG_HAB,0.0,147.0,126.0,391.0,0.0,147.0,119.0,27.0,92.0,391.0,SWE
1997,KG_HAB,0.0,150.0,130.0,416.0,0.0,150.0,135.0,31.0,104.0,416.0,SWE
1998,KG_HAB,0.0,165.0,115.0,434.0,0.0,165.0,153.0,35.0,118.0,434.0,SWE
1999,KG_HAB,0.0,163.0,104.0,426.0,0.0,163.0,160.0,36.0,124.0,426.0,SWE
2000,KG_HAB,0.0,164.0,97.0,425.0,0.0,164.0,164.0,41.0,123.0,425.0,SWE
2001,KG_HAB,0.0,169.0,99.0,439.0,0.0,169.0,171.0,44.0,128.0,439.0,SWE
2002,KG_HAB,0.0,188.0,92.0,465.0,0.0,188.0,185.0,40.0,145.0,465.0,SWE
2003,KG_HAB,0.0,208.0,64.0,464.0,0.0,208.0,192.0,45.0,147.0,464.0,SWE
2004,KG_HAB,0.0,216.0,42.0,461.0,0.0,216.0,202.0,48.0,154.0,461.0,SWE
2005,KG_HAB,0.0,242.0,23.0,479.0,0.0,242.0,214.0,50.0,163.0,479.0,SWE
2006,KG_HAB,0.0,232.0,25.0,491.0,0.0,232.0,234.0,52.0,183.0,491.0,SWE
2007,KG_HAB,0.0,240.0,20.0,488.0,0.0,240.0,228.0,54.0,174.0,488.0,SWE
2008,KG_HAB,0.0,249.0,15.0,485.0,0.0,249.0,222.0,57.0,165.0,485.0,SWE
2009,KG_HAB,0.0,234.0,6.0,472.0,0.0,234.0,232.0,60.0,173.0,472.0,SWE
2010,KG_HAB,0.0,226.0,4.0,441.0,0.0,226.0,211.0,60.0,151.0,441.0,SWE
2011,KG_HAB,0.0,237.0,3.0,453.0,0.0,237.0,213.0,64.0,149.0,453.0,SWE
2012,KG_HAB,0.0,239.0,3.0,454.0,0.0,239.0,213.0,65.0,148.0,454.0,SWE
2013,KG_HAB,0.0,233.0,3.0,455.0,0.0,233.0,220.0,69.0,150.0,455.0,SWE
2014,KG_HAB,0.0,222.0,3.0,443.0,0.0,222.0,219.0,72.0,146.0,443.0,SWE
2015,KG_HAB,0.0,233.0,4.0,451.0,0.0,233.0,215.0,70.0,145.0,451.0,SWE
2016,KG_HAB,0.0,228.0,3.0,447.0,0.0,228.0,217.0,72.0,145.0,447.0,SWE
2017,KG_HAB,0.0,239.0,2.0,452.0,0.0,239.0,212.0,70.0,142.0,452.0,SWE
2018,KG_HAB,0.0,232.0,3.0,434.0,0.0,232.0,199.0,69.0,130.0,434.0,SWE
2019,KG_HAB,0.0,236.0,3.0,449.0,0.0,236.0,209.0,64.0,146.0,449.0,SWE
2020,KG_HAB,0.0,259.0,2.0,431.0,0.0,259.0,165.0,78.0,87.0,427.0,SWE
2021,KG_HAB,0.0,249.0,2.0,418.0,0.0,249.0,165.0,82.0,83.0,418.0,SWE
