,LOCATION,VARIABLE,TIME,Value
0,AUT,GDPVD_CAP,2022,52668.491305956
1,AUT,GDPVD_CAP,2023,52274.8493575466
2,AUT,GDPVD_CAP,2024,52491.3730964136
3,AUT,GDPVD_CAP,2025,53137.3945548799
4,AUT,GDPVD_CAP,2026,54248.82
5,AUT,GDPVD_CAP,2027,55256.41
6,AUT,GDPVD_CAP,2028,56104.87
7,AUT,GDPVD_CAP,2029,56848.52
8,AUT,GDPVD_CAP,2030,57557.78
9,AUT,GDPVD_CAP,2031,58275.59
10,AUT,GDPVD_CAP,2032,59024.22
11,AUT,GDPVD_CAP,2033,59814.07
12,AUT,GDPVD_CAP,2034,60630.69
13,AUT,GDPVD_CAP,2035,61497.51
14,AUT,GDPVD_CAP,2036,62409.88
15,AUT,GDPVD_CAP,2037,63362.3
16,AUT,GDPVD_CAP,2038,64349.73
17,AUT,GDPVD_CAP,2039,65359.59
18,AUT,GDPVD_CAP,2040,66385.98
19,AUT,GDPVD_CAP,2041,67426.26
20,AUT,GDPVD_CAP,2042,68475.97
21,AUT,GDPVD_CAP,2043,69535.13
22,AUT,GDPVD_CAP,2044,70601.79
23,AUT,GDPVD_CAP,2045,71668.3
24,AUT,GDPVD_CAP,2046,72737.65
25,AUT,GDPVD_CAP,2047,73809.48
26,AUT,GDPVD_CAP,2048,74888.91
27,AUT,GDPVD_CAP,2049,75973.85
28,AUT,GDPVD_CAP,2050,77064.78
29,BEL,GDPVD_CAP,2022,49747.706992388
30,BEL,GDPVD_CAP,2023,50183.5731967317
31,BEL,GDPVD_CAP,2024,50531.7185395328
32,BEL,GDPVD_CAP,2025,51108.7735831789
33,BEL,GDPVD_CAP,2026,51800.92
34,BEL,GDPVD_CAP,2027,52499.64
35,BEL,GDPVD_CAP,2028,53176.44
36,BEL,GDPVD_CAP,2029,53834.79
37,BEL,GDPVD_CAP,2030,54495.98
38,BEL,GDPVD_CAP,2031,55179.2
39,BEL,GDPVD_CAP,2032,55887.78
40,BEL,GDPVD_CAP,2033,56624.93
41,BEL,GDPVD_CAP,2034,57374.26
42,BEL,GDPVD_CAP,2035,58144.56
43,BEL,GDPVD_CAP,2036,58935.57
44,BEL,GDPVD_CAP,2037,59740.22
45,BEL,GDPVD_CAP,2038,60551.82
46,BEL,GDPVD_CAP,2039,61366.66
47,BEL,GDPVD_CAP,2040,62186.57
48,BEL,GDPVD_CAP,2041,63010.6
49,BEL,GDPVD_CAP,2042,63839.15
50,BEL,GDPVD_CAP,2043,64671.79
51,BEL,GDPVD_CAP,2044,65508.62
52,BEL,GDPVD_CAP,2045,66349.95
53,BEL,GDPVD_CAP,2046,67194.68
54,BEL,GDPVD_CAP,2047,68048.67
55,BEL,GDPVD_CAP,2048,68913.4
56,BEL,GDPVD_CAP,2049,69787.61
57,BEL,GDPVD_CAP,2050,70668.74
58,CZE,GDPVD_CAP,2022,38411.5550567844
59,CZE,GDPVD_CAP,2023,38037.4102652476
60,CZE,GDPVD_CAP,2024,38744.1608147716
61,CZE,GDPVD_CAP,2025,39681.701777983
62,CZE,GDPVD_CAP,2026,40522.99
63,CZE,GDPVD_CAP,2027,41332.31
64,CZE,GDPVD_CAP,2028,42135.28
65,CZE,GDPVD_CAP,2029,42952.85
66,CZE,GDPVD_CAP,2030,43791.07
67,CZE,GDPVD_CAP,2031,44650.29
68,CZE,GDPVD_CAP,2032,45526.52
69,CZE,GDPVD_CAP,2033,46416.19
70,CZE,GDPVD_CAP,2034,47234.59
71,CZE,GDPVD_CAP,2035,48056.04
72,CZE,GDPVD_CAP,2036,48876.97
73,CZE,GDPVD_CAP,2037,49681.35
74,CZE,GDPVD_CAP,2038,50469.8
75,CZE,GDPVD_CAP,2039,51241.32
76,CZE,GDPVD_CAP,2040,52003.01
77,CZE,GDPVD_CAP,2041,52765.68
78,CZE,GDPVD_CAP,2042,53539.85
79,CZE,GDPVD_CAP,2043,54330.31
80,CZE,GDPVD_CAP,2044,55146.03
81,CZE,GDPVD_CAP,2045,55993.61
82,CZE,GDPVD_CAP,2046,56873.36
83,CZE,GDPVD_CAP,2047,57782.59
84,CZE,GDPVD_CAP,2048,58717.08
85,CZE,GDPVD_CAP,2049,59675.51
86,CZE,GDPVD_CAP,2050,60649.58
87,DNK,GDPVD_CAP,2022,55547.7138286475
88,DNK,GDPVD_CAP,2023,55943.094926866
89,DNK,GDPVD_CAP,2024,56357.6674625378
90,DNK,GDPVD_CAP,2025,56983.5814355802
91,DNK,GDPVD_CAP,2026,57626.6
92,DNK,GDPVD_CAP,2027,58249.33
93,DNK,GDPVD_CAP,2028,58820.85
94,DNK,GDPVD_CAP,2029,59359.15
95,DNK,GDPVD_CAP,2030,59890.66
96,DNK,GDPVD_CAP,2031,60440.52
97,DNK,GDPVD_CAP,2032,61022.49
98,DNK,GDPVD_CAP,2033,61647.3
99,DNK,GDPVD_CAP,2034,62302.18
100,DNK,GDPVD_CAP,2035,62998.51
101,DNK,GDPVD_CAP,2036,63732.55
102,DNK,GDPVD_CAP,2037,64491.84
103,DNK,GDPVD_CAP,2038,65293.2
104,DNK,GDPVD_CAP,2039,66126.04
105,DNK,GDPVD_CAP,2040,66993.32
106,DNK,GDPVD_CAP,2041,67903.46
107,DNK,GDPVD_CAP,2042,68853.93
108,DNK,GDPVD_CAP,2043,69848.18
109,DNK,GDPVD_CAP,2044,70880.68
110,DNK,GDPVD_CAP,2045,71947.48
111,DNK,GDPVD_CAP,2046,73045.2
112,DNK,GDPVD_CAP,2047,74166.82
113,DNK,GDPVD_CAP,2048,75306.26
114,DNK,GDPVD_CAP,2049,76454.28
115,DNK,GDPVD_CAP,2050,77599.79
116,FIN,GDPVD_CAP,2022,46586.8342397819
117,FIN,GDPVD_CAP,2023,46346.9836326809
118,FIN,GDPVD_CAP,2024,46682.5782086424
119,FIN,GDPVD_CAP,2025,47460.9135132061
120,FIN,GDPVD_CAP,2026,48269.84
121,FIN,GDPVD_CAP,2027,49038.93
122,FIN,GDPVD_CAP,2028,49747.7
123,FIN,GDPVD_CAP,2029,50420.26
124,FIN,GDPVD_CAP,2030,51082.86
125,FIN,GDPVD_CAP,2031,51761.66
126,FIN,GDPVD_CAP,2032,52465.03
127,FIN,GDPVD_CAP,2033,53201.99
128,FIN,GDPVD_CAP,2034,53961.26
129,FIN,GDPVD_CAP,2035,54762.06
130,FIN,GDPVD_CAP,2036,55606.8
131,FIN,GDPVD_CAP,2037,56483.9
132,FIN,GDPVD_CAP,2038,57394.41
133,FIN,GDPVD_CAP,2039,58327.38
134,FIN,GDPVD_CAP,2040,59278.3
135,FIN,GDPVD_CAP,2041,60247.57
136,FIN,GDPVD_CAP,2042,61235.68
137,FIN,GDPVD_CAP,2043,62243.65
138,FIN,GDPVD_CAP,2044,63272.12
139,FIN,GDPVD_CAP,2045,64319.76
140,FIN,GDPVD_CAP,2046,65387.43
141,FIN,GDPVD_CAP,2047,66467.25
142,FIN,GDPVD_CAP,2048,67563.64
143,FIN,GDPVD_CAP,2049,68675.75
144,FIN,GDPVD_CAP,2050,69801.84
145,FRA,GDPVD_CAP,2022,42932.2490381587
146,FRA,GDPVD_CAP,2023,43177.9105604648
147,FRA,GDPVD_CAP,2024,43388.3727217096
148,FRA,GDPVD_CAP,2025,43784.6068161537
149,FRA,GDPVD_CAP,2026,44435.48
150,FRA,GDPVD_CAP,2027,45097.37
151,FRA,GDPVD_CAP,2028,45714.79
152,FRA,GDPVD_CAP,2029,46296.56
153,FRA,GDPVD_CAP,2030,46863.26
154,FRA,GDPVD_CAP,2031,47430.2
155,FRA,GDPVD_CAP,2032,48001.34
156,FRA,GDPVD_CAP,2033,48583.55
157,FRA,GDPVD_CAP,2034,49175.04
158,FRA,GDPVD_CAP,2035,49783.39
159,FRA,GDPVD_CAP,2036,50406.74
160,FRA,GDPVD_CAP,2037,51048.83
161,FRA,GDPVD_CAP,2038,51703.59
162,FRA,GDPVD_CAP,2039,52373.05
163,FRA,GDPVD_CAP,2040,53058.64
164,FRA,GDPVD_CAP,2041,53759.52
165,FRA,GDPVD_CAP,2042,54476.54
166,FRA,GDPVD_CAP,2043,55209.74
167,FRA,GDPVD_CAP,2044,55959.05
168,FRA,GDPVD_CAP,2045,56722.09
169,FRA,GDPVD_CAP,2046,57502.91
170,FRA,GDPVD_CAP,2047,58300.57
171,FRA,GDPVD_CAP,2048,59120.54
172,FRA,GDPVD_CAP,2049,59962.54
173,FRA,GDPVD_CAP,2050,60825.57
174,DEU,GDPVD_CAP,2022,50135.6470868177
175,DEU,GDPVD_CAP,2023,49808.8151133743
176,DEU,GDPVD_CAP,2024,49987.0227892742
177,DEU,GDPVD_CAP,2025,50504.5745596267
178,DEU,GDPVD_CAP,2026,51071.91
179,DEU,GDPVD_CAP,2027,51624.97
180,DEU,GDPVD_CAP,2028,52111.52
181,DEU,GDPVD_CAP,2029,52558.59
182,DEU,GDPVD_CAP,2030,53011.25
183,DEU,GDPVD_CAP,2031,53498.48
184,DEU,GDPVD_CAP,2032,54032.3
185,DEU,GDPVD_CAP,2033,54623.34
186,DEU,GDPVD_CAP,2034,55252.69
187,DEU,GDPVD_CAP,2035,55950.46
188,DEU,GDPVD_CAP,2036,56717.69
189,DEU,GDPVD_CAP,2037,57546.74
190,DEU,GDPVD_CAP,2038,58433.01
191,DEU,GDPVD_CAP,2039,59365.71
192,DEU,GDPVD_CAP,2040,60336.26
193,DEU,GDPVD_CAP,2041,61334.52
194,DEU,GDPVD_CAP,2042,62349.24
195,DEU,GDPVD_CAP,2043,63374.42
196,DEU,GDPVD_CAP,2044,64404.39
197,DEU,GDPVD_CAP,2045,65432.91
198,DEU,GDPVD_CAP,2046,66460.74
199,DEU,GDPVD_CAP,2047,67489.58
200,DEU,GDPVD_CAP,2048,68520.54
201,DEU,GDPVD_CAP,2049,69557.36
202,DEU,GDPVD_CAP,2050,70598.88
203,GRC,GDPVD_CAP,2022,29784.4712799396
204,GRC,GDPVD_CAP,2023,30631.3393013115
205,GRC,GDPVD_CAP,2024,31392.6796643604
206,GRC,GDPVD_CAP,2025,32285.0693822977
207,GRC,GDPVD_CAP,2026,33265.74
208,GRC,GDPVD_CAP,2027,34248.0
209,GRC,GDPVD_CAP,2028,35194.55
210,GRC,GDPVD_CAP,2029,36102.68
211,GRC,GDPVD_CAP,2030,36984.34
212,GRC,GDPVD_CAP,2031,37851.26
213,GRC,GDPVD_CAP,2032,38701.95
214,GRC,GDPVD_CAP,2033,39541.13
215,GRC,GDPVD_CAP,2034,40367.33
216,GRC,GDPVD_CAP,2035,41185.99
217,GRC,GDPVD_CAP,2036,41998.08
218,GRC,GDPVD_CAP,2037,42801.29
219,GRC,GDPVD_CAP,2038,43600.26
220,GRC,GDPVD_CAP,2039,44392.09
221,GRC,GDPVD_CAP,2040,45177.31
222,GRC,GDPVD_CAP,2041,45960.29
223,GRC,GDPVD_CAP,2042,46743.73
224,GRC,GDPVD_CAP,2043,47530.48
225,GRC,GDPVD_CAP,2044,48320.39
226,GRC,GDPVD_CAP,2045,49117.84
227,GRC,GDPVD_CAP,2046,49935.92
228,GRC,GDPVD_CAP,2047,50781.23
229,GRC,GDPVD_CAP,2048,51663.57
230,GRC,GDPVD_CAP,2049,52592.23
231,GRC,GDPVD_CAP,2050,53570.31
232,HUN,GDPVD_CAP,2022,34278.112155071
233,HUN,GDPVD_CAP,2023,34187.1326687191
234,HUN,GDPVD_CAP,2024,35068.9905536902
235,HUN,GDPVD_CAP,2025,36094.4518154197
236,HUN,GDPVD_CAP,2026,37170.61
237,HUN,GDPVD_CAP,2027,38270.98
238,HUN,GDPVD_CAP,2028,39378.97
239,HUN,GDPVD_CAP,2029,40468.97
240,HUN,GDPVD_CAP,2030,41527.94
241,HUN,GDPVD_CAP,2031,42572.32
242,HUN,GDPVD_CAP,2032,43598.97
243,HUN,GDPVD_CAP,2033,44610.77
244,HUN,GDPVD_CAP,2034,45604.44
245,HUN,GDPVD_CAP,2035,46587.47
246,HUN,GDPVD_CAP,2036,47559.45
247,HUN,GDPVD_CAP,2037,48518.1
248,HUN,GDPVD_CAP,2038,49468.71
249,HUN,GDPVD_CAP,2039,50394.35
250,HUN,GDPVD_CAP,2040,51303.66
251,HUN,GDPVD_CAP,2041,52208.17
252,HUN,GDPVD_CAP,2042,53116.34
253,HUN,GDPVD_CAP,2043,54039.75
254,HUN,GDPVD_CAP,2044,54981.72
255,HUN,GDPVD_CAP,2045,55949.02
256,HUN,GDPVD_CAP,2046,56939.36
257,HUN,GDPVD_CAP,2047,57956.15
258,HUN,GDPVD_CAP,2048,58990.47
259,HUN,GDPVD_CAP,2049,60037.19
260,HUN,GDPVD_CAP,2050,61086.09
261,ISL,GDPVD_CAP,2022,52687.2868650913
262,ISL,GDPVD_CAP,2023,54149.196584968
263,ISL,GDPVD_CAP,2024,54220.0237855519
264,ISL,GDPVD_CAP,2025,54524.505417684
265,ISL,GDPVD_CAP,2026,55086.96
266,ISL,GDPVD_CAP,2027,55783.21
267,ISL,GDPVD_CAP,2028,56511.82
268,ISL,GDPVD_CAP,2029,57247.12
269,ISL,GDPVD_CAP,2030,57987.89
270,ISL,GDPVD_CAP,2031,58751.32
271,ISL,GDPVD_CAP,2032,59535.4
272,ISL,GDPVD_CAP,2033,60345.33
273,ISL,GDPVD_CAP,2034,61172.61
274,ISL,GDPVD_CAP,2035,62028.0
275,ISL,GDPVD_CAP,2036,62911.94
276,ISL,GDPVD_CAP,2037,63816.58
277,ISL,GDPVD_CAP,2038,64743.66
278,ISL,GDPVD_CAP,2039,65697.17
279,ISL,GDPVD_CAP,2040,66674.2
280,ISL,GDPVD_CAP,2041,67674.6
281,ISL,GDPVD_CAP,2042,68697.2
282,ISL,GDPVD_CAP,2043,69737.23
283,ISL,GDPVD_CAP,2044,70792.39
284,ISL,GDPVD_CAP,2045,71860.22
285,ISL,GDPVD_CAP,2046,72937.35
286,ISL,GDPVD_CAP,2047,74027.89
287,ISL,GDPVD_CAP,2048,75130.85
288,ISL,GDPVD_CAP,2049,76239.45
289,ISL,GDPVD_CAP,2050,77359.23
290,IRL,GDPVD_CAP,2022,109183.148626456
291,IRL,GDPVD_CAP,2023,107256.525227925
292,IRL,GDPVD_CAP,2024,108976.427403684
293,IRL,GDPVD_CAP,2025,111274.777695898
294,IRL,GDPVD_CAP,2026,113339.7
295,IRL,GDPVD_CAP,2027,115502.0
296,IRL,GDPVD_CAP,2028,117613.4
297,IRL,GDPVD_CAP,2029,119623.9
298,IRL,GDPVD_CAP,2030,121538.5
299,IRL,GDPVD_CAP,2031,123390.7
300,IRL,GDPVD_CAP,2032,125178.2
301,IRL,GDPVD_CAP,2033,126902.9
302,IRL,GDPVD_CAP,2034,128492.5
303,IRL,GDPVD_CAP,2035,130015.2
304,IRL,GDPVD_CAP,2036,131475.6
305,IRL,GDPVD_CAP,2037,132869.8
306,IRL,GDPVD_CAP,2038,134190.5
307,IRL,GDPVD_CAP,2039,135454.7
308,IRL,GDPVD_CAP,2040,136661.4
309,IRL,GDPVD_CAP,2041,137824.9
310,IRL,GDPVD_CAP,2042,138949.5
311,IRL,GDPVD_CAP,2043,140043.2
312,IRL,GDPVD_CAP,2044,141104.5
313,IRL,GDPVD_CAP,2045,142151.3
314,IRL,GDPVD_CAP,2046,143215.6
315,IRL,GDPVD_CAP,2047,144311.6
316,IRL,GDPVD_CAP,2048,145461.3
317,IRL,GDPVD_CAP,2049,146684.3
318,IRL,GDPVD_CAP,2050,147991.4
319,ITA,GDPVD_CAP,2022,40627.2898170579
320,ITA,GDPVD_CAP,2023,40880.0182508859
321,ITA,GDPVD_CAP,2024,41151.3747727352
322,ITA,GDPVD_CAP,2025,41649.9628928032
323,ITA,GDPVD_CAP,2026,41981.89
324,ITA,GDPVD_CAP,2027,42315.79
325,ITA,GDPVD_CAP,2028,42688.5
326,ITA,GDPVD_CAP,2029,43097.5
327,ITA,GDPVD_CAP,2030,43538.01
328,ITA,GDPVD_CAP,2031,44005.92
329,ITA,GDPVD_CAP,2032,44500.15
330,ITA,GDPVD_CAP,2033,45014.52
331,ITA,GDPVD_CAP,2034,45544.22
332,ITA,GDPVD_CAP,2035,46095.26
333,ITA,GDPVD_CAP,2036,46667.9
334,ITA,GDPVD_CAP,2037,47262.47
335,ITA,GDPVD_CAP,2038,47875.0
336,ITA,GDPVD_CAP,2039,48505.09
337,ITA,GDPVD_CAP,2040,49160.29
338,ITA,GDPVD_CAP,2041,49842.32
339,ITA,GDPVD_CAP,2042,50555.99
340,ITA,GDPVD_CAP,2043,51300.67
341,ITA,GDPVD_CAP,2044,52077.69
342,ITA,GDPVD_CAP,2045,52889.68
343,ITA,GDPVD_CAP,2046,53733.39
344,ITA,GDPVD_CAP,2047,54606.57
345,ITA,GDPVD_CAP,2048,55508.73
346,ITA,GDPVD_CAP,2049,56439.61
347,ITA,GDPVD_CAP,2050,57398.47
348,LUX,GDPVD_CAP,2022,112181.179741755
349,LUX,GDPVD_CAP,2023,108837.488584893
350,LUX,GDPVD_CAP,2024,108518.20777363
351,LUX,GDPVD_CAP,2025,110111.116905434
352,LUX,GDPVD_CAP,2026,112116.1
353,LUX,GDPVD_CAP,2027,114027.8
354,LUX,GDPVD_CAP,2028,115699.3
355,LUX,GDPVD_CAP,2029,117130.3
356,LUX,GDPVD_CAP,2030,118385.7
357,LUX,GDPVD_CAP,2031,119560.7
358,LUX,GDPVD_CAP,2032,120693.0
359,LUX,GDPVD_CAP,2033,121811.8
360,LUX,GDPVD_CAP,2034,122894.0
361,LUX,GDPVD_CAP,2035,123975.8
362,LUX,GDPVD_CAP,2036,125057.1
363,LUX,GDPVD_CAP,2037,126138.4
364,LUX,GDPVD_CAP,2038,127219.3
365,LUX,GDPVD_CAP,2039,128296.3
366,LUX,GDPVD_CAP,2040,129363.6
367,LUX,GDPVD_CAP,2041,130422.8
368,LUX,GDPVD_CAP,2042,131473.2
369,LUX,GDPVD_CAP,2043,132507.9
370,LUX,GDPVD_CAP,2044,133532.2
371,LUX,GDPVD_CAP,2045,134547.3
372,LUX,GDPVD_CAP,2046,135549.0
373,LUX,GDPVD_CAP,2047,136535.9
374,LUX,GDPVD_CAP,2048,137508.8
375,LUX,GDPVD_CAP,2049,138471.1
376,LUX,GDPVD_CAP,2050,139424.2
377,NLD,GDPVD_CAP,2022,56248.1667370583
378,NLD,GDPVD_CAP,2023,55865.6891419809
379,NLD,GDPVD_CAP,2024,55818.0800334688
380,NLD,GDPVD_CAP,2025,56152.4430986986
381,NLD,GDPVD_CAP,2026,56997.81
382,NLD,GDPVD_CAP,2027,57908.92
383,NLD,GDPVD_CAP,2028,58718.9
384,NLD,GDPVD_CAP,2029,59427.83
385,NLD,GDPVD_CAP,2030,60079.01
386,NLD,GDPVD_CAP,2031,60718.38
387,NLD,GDPVD_CAP,2032,61365.33
388,NLD,GDPVD_CAP,2033,62030.57
389,NLD,GDPVD_CAP,2034,62708.42
390,NLD,GDPVD_CAP,2035,63423.65
391,NLD,GDPVD_CAP,2036,64195.26
392,NLD,GDPVD_CAP,2037,65019.57
393,NLD,GDPVD_CAP,2038,65911.57
394,NLD,GDPVD_CAP,2039,66865.53
395,NLD,GDPVD_CAP,2040,67874.68
396,NLD,GDPVD_CAP,2041,68938.46
397,NLD,GDPVD_CAP,2042,70048.94
398,NLD,GDPVD_CAP,2043,71195.14
399,NLD,GDPVD_CAP,2044,72375.48
400,NLD,GDPVD_CAP,2045,73583.51
401,NLD,GDPVD_CAP,2046,74809.52
402,NLD,GDPVD_CAP,2047,76053.95
403,NLD,GDPVD_CAP,2048,77314.04
404,NLD,GDPVD_CAP,2049,78583.42
405,NLD,GDPVD_CAP,2050,79855.3
406,NOR,GDPVD_CAP,2022,64659.6728388908
407,NOR,GDPVD_CAP,2023,65173.163073683
408,NOR,GDPVD_CAP,2024,65407.4010587873
409,NOR,GDPVD_CAP,2025,66081.5688963123
410,NOR,GDPVD_CAP,2026,66853.4
411,NOR,GDPVD_CAP,2027,67616.12
412,NOR,GDPVD_CAP,2028,68393.23
413,NOR,GDPVD_CAP,2029,69174.12
414,NOR,GDPVD_CAP,2030,69950.19
415,NOR,GDPVD_CAP,2031,70720.4
416,NOR,GDPVD_CAP,2032,71487.06
417,NOR,GDPVD_CAP,2033,72253.58
418,NOR,GDPVD_CAP,2034,73002.63
419,NOR,GDPVD_CAP,2035,73767.71
420,NOR,GDPVD_CAP,2036,74548.17
421,NOR,GDPVD_CAP,2037,75342.35
422,NOR,GDPVD_CAP,2038,76147.34
423,NOR,GDPVD_CAP,2039,76971.19
424,NOR,GDPVD_CAP,2040,77818.55
425,NOR,GDPVD_CAP,2041,78683.05
426,NOR,GDPVD_CAP,2042,79573.47
427,NOR,GDPVD_CAP,2043,80477.91
428,NOR,GDPVD_CAP,2044,81390.08
429,NOR,GDPVD_CAP,2045,82311.08
430,NOR,GDPVD_CAP,2046,83240.66
431,NOR,GDPVD_CAP,2047,84175.36
432,NOR,GDPVD_CAP,2048,85110.53
433,NOR,GDPVD_CAP,2049,86048.56
434,NOR,GDPVD_CAP,2050,86990.05
435,POL,GDPVD_CAP,2022,35605.5684078415
436,POL,GDPVD_CAP,2023,35697.169098807
437,POL,GDPVD_CAP,2024,36742.5716843367
438,POL,GDPVD_CAP,2025,37953.9068637178
439,POL,GDPVD_CAP,2026,39570.86
440,POL,GDPVD_CAP,2027,41198.23
441,POL,GDPVD_CAP,2028,42743.67
442,POL,GDPVD_CAP,2029,44208.29
443,POL,GDPVD_CAP,2030,45603.92
444,POL,GDPVD_CAP,2031,46949.24
445,POL,GDPVD_CAP,2032,48255.62
446,POL,GDPVD_CAP,2033,49526.2
447,POL,GDPVD_CAP,2034,50711.29
448,POL,GDPVD_CAP,2035,51862.26
449,POL,GDPVD_CAP,2036,52975.85
450,POL,GDPVD_CAP,2037,54050.59
451,POL,GDPVD_CAP,2038,55088.18
452,POL,GDPVD_CAP,2039,56082.0
453,POL,GDPVD_CAP,2040,57031.84
454,POL,GDPVD_CAP,2041,57938.61
455,POL,GDPVD_CAP,2042,58805.85
456,POL,GDPVD_CAP,2043,59637.25
457,POL,GDPVD_CAP,2044,60431.75
458,POL,GDPVD_CAP,2045,61192.64
459,POL,GDPVD_CAP,2046,61930.11
460,POL,GDPVD_CAP,2047,62638.79
461,POL,GDPVD_CAP,2048,63323.04
462,POL,GDPVD_CAP,2049,63994.84
463,POL,GDPVD_CAP,2050,64657.57
464,PRT,GDPVD_CAP,2022,34458.3523043565
465,PRT,GDPVD_CAP,2023,35193.7027060962
466,PRT,GDPVD_CAP,2024,35670.6600669966
467,PRT,GDPVD_CAP,2025,36459.0982328114
468,PRT,GDPVD_CAP,2026,37281.43
469,PRT,GDPVD_CAP,2027,38126.28
470,PRT,GDPVD_CAP,2028,38975.62
471,PRT,GDPVD_CAP,2029,39810.38
472,PRT,GDPVD_CAP,2030,40630.26
473,PRT,GDPVD_CAP,2031,41445.16
474,PRT,GDPVD_CAP,2032,42258.0
475,PRT,GDPVD_CAP,2033,43072.81
476,PRT,GDPVD_CAP,2034,43876.05
477,PRT,GDPVD_CAP,2035,44677.09
478,PRT,GDPVD_CAP,2036,45474.66
479,PRT,GDPVD_CAP,2037,46270.14
480,PRT,GDPVD_CAP,2038,47061.7
481,PRT,GDPVD_CAP,2039,47845.84
482,PRT,GDPVD_CAP,2040,48627.06
483,PRT,GDPVD_CAP,2041,49410.72
484,PRT,GDPVD_CAP,2042,50205.97
485,PRT,GDPVD_CAP,2043,51020.78
486,PRT,GDPVD_CAP,2044,51861.36
487,PRT,GDPVD_CAP,2045,52728.75
488,PRT,GDPVD_CAP,2046,53624.11
489,PRT,GDPVD_CAP,2047,54544.29
490,PRT,GDPVD_CAP,2048,55494.06
491,PRT,GDPVD_CAP,2049,56471.51
492,PRT,GDPVD_CAP,2050,57482.3
493,SVK,GDPVD_CAP,2022,34254.4301652992
494,SVK,GDPVD_CAP,2023,34630.6388350612
495,SVK,GDPVD_CAP,2024,35293.5891602311
496,SVK,GDPVD_CAP,2025,36199.0484928533
497,SVK,GDPVD_CAP,2026,37054.8
498,SVK,GDPVD_CAP,2027,37910.68
499,SVK,GDPVD_CAP,2028,38774.66
500,SVK,GDPVD_CAP,2029,39639.75
501,SVK,GDPVD_CAP,2030,40506.44
502,SVK,GDPVD_CAP,2031,41383.66
503,SVK,GDPVD_CAP,2032,42270.9
504,SVK,GDPVD_CAP,2033,43164.86
505,SVK,GDPVD_CAP,2034,44027.03
506,SVK,GDPVD_CAP,2035,44886.35
507,SVK,GDPVD_CAP,2036,45738.81
508,SVK,GDPVD_CAP,2037,46571.5
509,SVK,GDPVD_CAP,2038,47381.97
510,SVK,GDPVD_CAP,2039,48167.95
511,SVK,GDPVD_CAP,2040,48932.39
512,SVK,GDPVD_CAP,2041,49675.92
513,SVK,GDPVD_CAP,2042,50404.28
514,SVK,GDPVD_CAP,2043,51117.48
515,SVK,GDPVD_CAP,2044,51816.23
516,SVK,GDPVD_CAP,2045,52510.11
517,SVK,GDPVD_CAP,2046,53196.13
518,SVK,GDPVD_CAP,2047,53876.53
519,SVK,GDPVD_CAP,2048,54548.97
520,SVK,GDPVD_CAP,2049,55215.61
521,SVK,GDPVD_CAP,2050,55876.18
522,ESP,GDPVD_CAP,2022,37690.411269666
523,ESP,GDPVD_CAP,2023,38270.8619271783
524,ESP,GDPVD_CAP,2024,38565.2902406851
525,ESP,GDPVD_CAP,2025,39130.1823481542
526,ESP,GDPVD_CAP,2026,39478.2
527,ESP,GDPVD_CAP,2027,39842.91
528,ESP,GDPVD_CAP,2028,40225.8
529,ESP,GDPVD_CAP,2029,40621.41
530,ESP,GDPVD_CAP,2030,41028.07
531,ESP,GDPVD_CAP,2031,41454.65
532,ESP,GDPVD_CAP,2032,41892.3
533,ESP,GDPVD_CAP,2033,42339.26
534,ESP,GDPVD_CAP,2034,42787.17
535,ESP,GDPVD_CAP,2035,43238.92
536,ESP,GDPVD_CAP,2036,43689.52
537,ESP,GDPVD_CAP,2037,44136.78
538,ESP,GDPVD_CAP,2038,44578.91
539,ESP,GDPVD_CAP,2039,45014.29
540,ESP,GDPVD_CAP,2040,45448.16
541,ESP,GDPVD_CAP,2041,45883.0
542,ESP,GDPVD_CAP,2042,46328.84
543,ESP,GDPVD_CAP,2043,46789.17
544,ESP,GDPVD_CAP,2044,47271.74
545,ESP,GDPVD_CAP,2045,47782.13
546,ESP,GDPVD_CAP,2046,48328.06
547,ESP,GDPVD_CAP,2047,48915.2
548,ESP,GDPVD_CAP,2048,49546.8
549,ESP,GDPVD_CAP,2049,50221.46
550,ESP,GDPVD_CAP,2050,50939.74
551,SWE,GDPVD_CAP,2022,53240.8279123358
552,SWE,GDPVD_CAP,2023,52575.0236169486
553,SWE,GDPVD_CAP,2024,52674.0836244805
554,SWE,GDPVD_CAP,2025,53700.8174277225
555,SWE,GDPVD_CAP,2026,54974.39
556,SWE,GDPVD_CAP,2027,56146.02
557,SWE,GDPVD_CAP,2028,57180.32
558,SWE,GDPVD_CAP,2029,58125.33
559,SWE,GDPVD_CAP,2030,59033.99
560,SWE,GDPVD_CAP,2031,59939.24
561,SWE,GDPVD_CAP,2032,60859.42
562,SWE,GDPVD_CAP,2033,61800.64
563,SWE,GDPVD_CAP,2034,62764.78
564,SWE,GDPVD_CAP,2035,63759.96
565,SWE,GDPVD_CAP,2036,64783.91
566,SWE,GDPVD_CAP,2037,65832.77
567,SWE,GDPVD_CAP,2038,66904.57
568,SWE,GDPVD_CAP,2039,67999.64
569,SWE,GDPVD_CAP,2040,69113.89
570,SWE,GDPVD_CAP,2041,70246.07
571,SWE,GDPVD_CAP,2042,71395.63
572,SWE,GDPVD_CAP,2043,72561.98
573,SWE,GDPVD_CAP,2044,73739.67
574,SWE,GDPVD_CAP,2045,74924.0
575,SWE,GDPVD_CAP,2046,76112.02
576,SWE,GDPVD_CAP,2047,77305.54
577,SWE,GDPVD_CAP,2048,78502.87
578,SWE,GDPVD_CAP,2049,79702.34
579,SWE,GDPVD_CAP,2050,80900.91
580,CHE,GDPVD_CAP,2022,70103.4488490808
581,CHE,GDPVD_CAP,2023,70235.9374423414
582,CHE,GDPVD_CAP,2024,70516.6702781501
583,CHE,GDPVD_CAP,2025,71119.0862529723
584,CHE,GDPVD_CAP,2026,71543.33
585,CHE,GDPVD_CAP,2027,71906.13
586,CHE,GDPVD_CAP,2028,72282.11
587,CHE,GDPVD_CAP,2029,72701.95
588,CHE,GDPVD_CAP,2030,73177.02
589,CHE,GDPVD_CAP,2031,73707.48
590,CHE,GDPVD_CAP,2032,74289.11
591,CHE,GDPVD_CAP,2033,74918.51
592,CHE,GDPVD_CAP,2034,75575.7
593,CHE,GDPVD_CAP,2035,76280.0
594,CHE,GDPVD_CAP,2036,77031.5
595,CHE,GDPVD_CAP,2037,77820.88
596,CHE,GDPVD_CAP,2038,78648.14
597,CHE,GDPVD_CAP,2039,79508.67
598,CHE,GDPVD_CAP,2040,80392.55
599,CHE,GDPVD_CAP,2041,81293.91
600,CHE,GDPVD_CAP,2042,82203.31
601,CHE,GDPVD_CAP,2043,83117.07
602,CHE,GDPVD_CAP,2044,84029.6
603,CHE,GDPVD_CAP,2045,84931.89
604,CHE,GDPVD_CAP,2046,85825.38
605,CHE,GDPVD_CAP,2047,86708.86
606,CHE,GDPVD_CAP,2048,87586.73
607,CHE,GDPVD_CAP,2049,88462.0
608,CHE,GDPVD_CAP,2050,89336.25
609,GBR,GDPVD_CAP,2022,44745.330750814
610,GBR,GDPVD_CAP,2023,44677.5793329891
611,GBR,GDPVD_CAP,2024,44744.1317118076
612,GBR,GDPVD_CAP,2025,45036.3668177327
613,GBR,GDPVD_CAP,2026,45568.43
614,GBR,GDPVD_CAP,2027,46174.56
615,GBR,GDPVD_CAP,2028,46809.21
616,GBR,GDPVD_CAP,2029,47458.79
617,GBR,GDPVD_CAP,2030,48124.29
618,GBR,GDPVD_CAP,2031,48821.05
619,GBR,GDPVD_CAP,2032,49538.36
620,GBR,GDPVD_CAP,2033,50278.98
621,GBR,GDPVD_CAP,2034,51043.4
622,GBR,GDPVD_CAP,2035,51831.58
623,GBR,GDPVD_CAP,2036,52642.1
624,GBR,GDPVD_CAP,2037,53476.35
625,GBR,GDPVD_CAP,2038,54329.87
626,GBR,GDPVD_CAP,2039,55204.4
627,GBR,GDPVD_CAP,2040,56094.03
628,GBR,GDPVD_CAP,2041,56996.92
629,GBR,GDPVD_CAP,2042,57912.57
630,GBR,GDPVD_CAP,2043,58838.3
631,GBR,GDPVD_CAP,2044,59772.42
632,GBR,GDPVD_CAP,2045,60714.94
633,GBR,GDPVD_CAP,2046,61664.44
634,GBR,GDPVD_CAP,2047,62626.07
635,GBR,GDPVD_CAP,2048,63598.68
636,GBR,GDPVD_CAP,2049,64580.56
637,GBR,GDPVD_CAP,2050,65573.81
638,BGR,GDPVD_CAP,2022,23517.3359202348
639,BGR,GDPVD_CAP,2023,24147.3738815354
640,BGR,GDPVD_CAP,2024,25127.1597337685
641,BGR,GDPVD_CAP,2025,26072.7616660128
642,BGR,GDPVD_CAP,2026,27285.44
643,BGR,GDPVD_CAP,2027,28483.95
644,BGR,GDPVD_CAP,2028,29599.74
645,BGR,GDPVD_CAP,2029,30634.65
646,BGR,GDPVD_CAP,2030,31609.61
647,BGR,GDPVD_CAP,2031,32549.86
648,BGR,GDPVD_CAP,2032,33466.43
649,BGR,GDPVD_CAP,2033,34359.16
650,BGR,GDPVD_CAP,2034,35200.16
651,BGR,GDPVD_CAP,2035,36029.67
652,BGR,GDPVD_CAP,2036,36853.26
653,BGR,GDPVD_CAP,2037,37672.44
654,BGR,GDPVD_CAP,2038,38479.17
655,BGR,GDPVD_CAP,2039,39271.58
656,BGR,GDPVD_CAP,2040,40054.43
657,BGR,GDPVD_CAP,2041,40829.42
658,BGR,GDPVD_CAP,2042,41601.31
659,BGR,GDPVD_CAP,2043,42374.12
660,BGR,GDPVD_CAP,2044,43147.73
661,BGR,GDPVD_CAP,2045,43925.74
662,BGR,GDPVD_CAP,2046,44705.99
663,BGR,GDPVD_CAP,2047,45487.45
664,BGR,GDPVD_CAP,2048,46264.63
665,BGR,GDPVD_CAP,2049,47035.34
666,BGR,GDPVD_CAP,2050,47800.4
667,HRV,GDPVD_CAP,2022,30640.8048495318
668,HRV,GDPVD_CAP,2023,31582.3830448113
669,HRV,GDPVD_CAP,2024,32578.9537672909
670,HRV,GDPVD_CAP,2025,33635.5918463734
671,HRV,GDPVD_CAP,2026,34471.76
672,HRV,GDPVD_CAP,2027,35353.97
673,HRV,GDPVD_CAP,2028,36325.26
674,HRV,GDPVD_CAP,2029,37364.15
675,HRV,GDPVD_CAP,2030,38445.39
676,HRV,GDPVD_CAP,2031,39554.69
677,HRV,GDPVD_CAP,2032,40679.02
678,HRV,GDPVD_CAP,2033,41810.95
679,HRV,GDPVD_CAP,2034,42946.72
680,HRV,GDPVD_CAP,2035,44080.08
681,HRV,GDPVD_CAP,2036,45208.55
682,HRV,GDPVD_CAP,2037,46327.38
683,HRV,GDPVD_CAP,2038,47431.88
684,HRV,GDPVD_CAP,2039,48520.91
685,HRV,GDPVD_CAP,2040,49591.97
686,HRV,GDPVD_CAP,2041,50641.96
687,HRV,GDPVD_CAP,2042,51672.93
688,HRV,GDPVD_CAP,2043,52680.56
689,HRV,GDPVD_CAP,2044,53666.74
690,HRV,GDPVD_CAP,2045,54633.38
691,HRV,GDPVD_CAP,2046,55581.31
692,HRV,GDPVD_CAP,2047,56514.85
693,HRV,GDPVD_CAP,2048,57438.65
694,HRV,GDPVD_CAP,2049,58356.65
695,HRV,GDPVD_CAP,2050,59269.06
696,EST,GDPVD_CAP,2022,35867.6684717919
697,EST,GDPVD_CAP,2023,34077.4527432709
698,EST,GDPVD_CAP,2024,34307.5707202372
699,EST,GDPVD_CAP,2025,35203.9039879971
700,EST,GDPVD_CAP,2026,36780.05
701,EST,GDPVD_CAP,2027,38358.96
702,EST,GDPVD_CAP,2028,39783.33
703,EST,GDPVD_CAP,2029,41066.49
704,EST,GDPVD_CAP,2030,42263.19
705,EST,GDPVD_CAP,2031,43413.53
706,EST,GDPVD_CAP,2032,44540.11
707,EST,GDPVD_CAP,2033,45655.68
708,EST,GDPVD_CAP,2034,46712.73
709,EST,GDPVD_CAP,2035,47764.84
710,EST,GDPVD_CAP,2036,48817.97
711,EST,GDPVD_CAP,2037,49867.19
712,EST,GDPVD_CAP,2038,50924.01
713,EST,GDPVD_CAP,2039,51983.4
714,EST,GDPVD_CAP,2040,53047.78
715,EST,GDPVD_CAP,2041,54114.14
716,EST,GDPVD_CAP,2042,55180.67
717,EST,GDPVD_CAP,2043,56251.1
718,EST,GDPVD_CAP,2044,57319.45
719,EST,GDPVD_CAP,2045,58381.58
720,EST,GDPVD_CAP,2046,59432.69
721,EST,GDPVD_CAP,2047,60468.96
722,EST,GDPVD_CAP,2048,61484.64
723,EST,GDPVD_CAP,2049,62484.19
724,EST,GDPVD_CAP,2050,63470.91
725,LVA,GDPVD_CAP,2022,30828.4876218788
726,LVA,GDPVD_CAP,2023,30951.733251141
727,LVA,GDPVD_CAP,2024,31884.4756879543
728,LVA,GDPVD_CAP,2025,33100.46733194
729,LVA,GDPVD_CAP,2026,34261.53
730,LVA,GDPVD_CAP,2027,35368.99
731,LVA,GDPVD_CAP,2028,36411.82
732,LVA,GDPVD_CAP,2029,37413.63
733,LVA,GDPVD_CAP,2030,38400.08
734,LVA,GDPVD_CAP,2031,39385.83
735,LVA,GDPVD_CAP,2032,40375.92
736,LVA,GDPVD_CAP,2033,41373.79
737,LVA,GDPVD_CAP,2034,42347.14
738,LVA,GDPVD_CAP,2035,43329.23
739,LVA,GDPVD_CAP,2036,44319.52
740,LVA,GDPVD_CAP,2037,45311.47
741,LVA,GDPVD_CAP,2038,46306.61
742,LVA,GDPVD_CAP,2039,47303.09
743,LVA,GDPVD_CAP,2040,48298.2
744,LVA,GDPVD_CAP,2041,49293.78
745,LVA,GDPVD_CAP,2042,50290.95
746,LVA,GDPVD_CAP,2043,51287.05
747,LVA,GDPVD_CAP,2044,52277.95
748,LVA,GDPVD_CAP,2045,53255.35
749,LVA,GDPVD_CAP,2046,54213.47
750,LVA,GDPVD_CAP,2047,55147.57
751,LVA,GDPVD_CAP,2048,56047.35
752,LVA,GDPVD_CAP,2049,56916.19
753,LVA,GDPVD_CAP,2050,57757.91
754,LTU,GDPVD_CAP,2022,37449.8038786008
755,LTU,GDPVD_CAP,2023,37294.7373401674
756,LTU,GDPVD_CAP,2024,38087.7051523138
757,LTU,GDPVD_CAP,2025,39477.8919523278
758,LTU,GDPVD_CAP,2026,41227.57
759,LTU,GDPVD_CAP,2027,42884.94
760,LTU,GDPVD_CAP,2028,44297.86
761,LTU,GDPVD_CAP,2029,45523.25
762,LTU,GDPVD_CAP,2030,46653.41
763,LTU,GDPVD_CAP,2031,47747.03
764,LTU,GDPVD_CAP,2032,48830.02
765,LTU,GDPVD_CAP,2033,49921.51
766,LTU,GDPVD_CAP,2034,50950.94
767,LTU,GDPVD_CAP,2035,51978.35
768,LTU,GDPVD_CAP,2036,53009.39
769,LTU,GDPVD_CAP,2037,54043.22
770,LTU,GDPVD_CAP,2038,55090.2
771,LTU,GDPVD_CAP,2039,56144.04
772,LTU,GDPVD_CAP,2040,57203.39
773,LTU,GDPVD_CAP,2041,58267.85
774,LTU,GDPVD_CAP,2042,59337.43
775,LTU,GDPVD_CAP,2043,60410.22
776,LTU,GDPVD_CAP,2044,61480.01
777,LTU,GDPVD_CAP,2045,62542.66
778,LTU,GDPVD_CAP,2046,63589.78
779,LTU,GDPVD_CAP,2047,64612.56
780,LTU,GDPVD_CAP,2048,65597.97
781,LTU,GDPVD_CAP,2049,66543.0
782,LTU,GDPVD_CAP,2050,67442.5
783,ROU,GDPVD_CAP,2022,29366.6867931237
784,ROU,GDPVD_CAP,2023,30110.2446895918
785,ROU,GDPVD_CAP,2024,31206.8299101579
786,ROU,GDPVD_CAP,2025,32370.0822831054
787,ROU,GDPVD_CAP,2026,33508.18
788,ROU,GDPVD_CAP,2027,34595.17
789,ROU,GDPVD_CAP,2028,35622.46
790,ROU,GDPVD_CAP,2029,36607.14
791,ROU,GDPVD_CAP,2030,37559.71
792,ROU,GDPVD_CAP,2031,38484.46
793,ROU,GDPVD_CAP,2032,39341.45
794,ROU,GDPVD_CAP,2033,40148.21
795,ROU,GDPVD_CAP,2034,40908.62
796,ROU,GDPVD_CAP,2035,41638.74
797,ROU,GDPVD_CAP,2036,42344.79
798,ROU,GDPVD_CAP,2037,43036.82
799,ROU,GDPVD_CAP,2038,43719.48
800,ROU,GDPVD_CAP,2039,44384.16
801,ROU,GDPVD_CAP,2040,45039.99
802,ROU,GDPVD_CAP,2041,45687.96
803,ROU,GDPVD_CAP,2042,46331.13
804,ROU,GDPVD_CAP,2043,46972.61
805,ROU,GDPVD_CAP,2044,47610.29
806,ROU,GDPVD_CAP,2045,48242.34
807,ROU,GDPVD_CAP,2046,48870.29
808,ROU,GDPVD_CAP,2047,49500.39
809,ROU,GDPVD_CAP,2048,50133.6
810,ROU,GDPVD_CAP,2049,50763.35
811,ROU,GDPVD_CAP,2050,51392.25
812,SVN,GDPVD_CAP,2022,38427.0530193335
813,SVN,GDPVD_CAP,2023,38833.1715663498
814,SVN,GDPVD_CAP,2024,39464.3106181736
815,SVN,GDPVD_CAP,2025,40454.8411302519
816,SVN,GDPVD_CAP,2026,41546.38
817,SVN,GDPVD_CAP,2027,42591.82
818,SVN,GDPVD_CAP,2028,43563.89
819,SVN,GDPVD_CAP,2029,44486.6
820,SVN,GDPVD_CAP,2030,45385.81
821,SVN,GDPVD_CAP,2031,46275.92
822,SVN,GDPVD_CAP,2032,47161.81
823,SVN,GDPVD_CAP,2033,48042.69
824,SVN,GDPVD_CAP,2034,48911.97
825,SVN,GDPVD_CAP,2035,49774.79
826,SVN,GDPVD_CAP,2036,50623.97
827,SVN,GDPVD_CAP,2037,51453.0
828,SVN,GDPVD_CAP,2038,52263.73
829,SVN,GDPVD_CAP,2039,53055.78
830,SVN,GDPVD_CAP,2040,53827.86
831,SVN,GDPVD_CAP,2041,54581.06
832,SVN,GDPVD_CAP,2042,55323.76
833,SVN,GDPVD_CAP,2043,56059.47
834,SVN,GDPVD_CAP,2044,56790.6
835,SVN,GDPVD_CAP,2045,57525.6
836,SVN,GDPVD_CAP,2046,58268.31
837,SVN,GDPVD_CAP,2047,59019.7
838,SVN,GDPVD_CAP,2048,59785.35
839,SVN,GDPVD_CAP,2049,60566.01
840,SVN,GDPVD_CAP,2050,61370.59
841,CYP,GDPVD_CAP,2022,52152.03198741479
842,CYP,GDPVD_CAP,2023,53196.76433042064
843,CYP,GDPVD_CAP,2024,54488.68096842486
844,CYP,GDPVD_CAP,2025,55848.38782932909
845,CYP,GDPVD_CAP,2026,57219.903059999175
846,CYP,GDPVD_CAP,2027,58626.0035593108
847,CYP,GDPVD_CAP,2028,60051.13576496135
848,CYP,GDPVD_CAP,2029,61470.55872896936
849,CYP,GDPVD_CAP,2030,62885.35940212656
850,CYP,GDPVD_CAP,2031,64295.431853859525
851,CYP,GDPVD_CAP,2032,65698.2790419729
852,CYP,GDPVD_CAP,2033,67094.06621692341
853,CYP,GDPVD_CAP,2034,68464.0347468624
854,CYP,GDPVD_CAP,2035,69807.08900613313
855,CYP,GDPVD_CAP,2036,71140.13433411451
856,CYP,GDPVD_CAP,2037,72463.96621812583
857,CYP,GDPVD_CAP,2038,73774.30095575721
858,CYP,GDPVD_CAP,2039,75073.22908237646
859,CYP,GDPVD_CAP,2040,76360.92941822244
860,CYP,GDPVD_CAP,2041,77634.97620709715
861,CYP,GDPVD_CAP,2042,78896.12681227512
862,CYP,GDPVD_CAP,2043,80149.07353394304
863,CYP,GDPVD_CAP,2044,81390.6707667467
864,CYP,GDPVD_CAP,2045,82622.98350320633
865,CYP,GDPVD_CAP,2046,83850.4069696315
866,CYP,GDPVD_CAP,2047,85074.07879045098
867,CYP,GDPVD_CAP,2048,86297.09273070972
868,CYP,GDPVD_CAP,2049,87522.39123982965
869,CYP,GDPVD_CAP,2050,88751.2583478452
870,MLT,GDPVD_CAP,2022,58031.635994343254
871,MLT,GDPVD_CAP,2023,58959.73498027379
872,MLT,GDPVD_CAP,2024,59736.83270697728
873,MLT,GDPVD_CAP,2025,60425.36164818654
874,MLT,GDPVD_CAP,2026,61049.47820431531
875,MLT,GDPVD_CAP,2027,61633.82819298851
876,MLT,GDPVD_CAP,2028,62204.059774824804
877,MLT,GDPVD_CAP,2029,62777.95462178711
878,MLT,GDPVD_CAP,2030,63355.83358569016
879,MLT,GDPVD_CAP,2031,63938.58970496594
880,MLT,GDPVD_CAP,2032,64523.75593310567
881,MLT,GDPVD_CAP,2033,65110.98324205419
882,MLT,GDPVD_CAP,2034,65695.09360474691
883,MLT,GDPVD_CAP,2035,66272.82097486476
884,MLT,GDPVD_CAP,2036,66850.19913102474
885,MLT,GDPVD_CAP,2037,67423.00262897249
886,MLT,GDPVD_CAP,2038,67992.97448386038
887,MLT,GDPVD_CAP,2039,68558.14352691382
888,MLT,GDPVD_CAP,2040,69119.91210508834
889,MLT,GDPVD_CAP,2041,69678.85095142598
890,MLT,GDPVD_CAP,2042,70235.20440217917
891,MLT,GDPVD_CAP,2043,70790.86667669762
892,MLT,GDPVD_CAP,2044,71346.2807662072
893,MLT,GDPVD_CAP,2045,71902.5073064345
894,MLT,GDPVD_CAP,2046,72462.79270941712
895,MLT,GDPVD_CAP,2047,73029.21473662682
896,MLT,GDPVD_CAP,2048,73605.64914487563
897,MLT,GDPVD_CAP,2049,74195.05481315561
898,MLT,GDPVD_CAP,2050,74800.29911012667
