,LOCATION,TIME,MSW_GEN_T,INC_T,INC%,DIS%,RCY%,Scenario
0,AUT,2022,5306121.781441144,2069326.8037353142,0.38998856207429233,0.0013275813554807,0.6086838565702269,CIR
1,AUT,2023,5292795.730628316,2049163.0136731763,0.3871607970462742,0.0009771722059157,0.6118620307478101,CIR
2,AUT,2024,5293181.32945556,2033855.7624777814,0.3842407119438278,0.0007190880355785,0.6150402000205937,CIR
3,AUT,2025,5312763.027209376,2025504.4781249345,0.3812525549796387,0.0005290785028371,0.6182183665175242,CIR
4,AUT,2026,5352791.503999287,2024501.9714898735,0.37821424017305477,0.0003892283834304,0.6213965314435148,CIR
5,AUT,2027,5390617.1607648665,2022230.6557664154,0.3751389860302163,0.0002863184892968,0.6245746954804869,CIR
6,AUT,2028,5421669.588507561,2017059.1820450546,0.3720365376600341,0.0002106033256021,0.6277528590143638,CIR
7,AUT,2029,5447849.74518528,2009788.4483455692,0.3689140747910287,0.0001549029454245,0.6309310222635468,CIR
8,AUT,2030,5471607.6533696,2001387.6010343973,0.36577688456917695,0.0001139300791925,0.6341091853516305,CIR
9,AUT,2031,5494472.330575727,1992454.232445522,0.36262885907312353,8.379257832119151e-05,0.6372873483485553,CIR
10,AUT,2032,5517434.294262026,1983367.9003789756,0.3594728626748888,6.162603121236696e-05,0.6404655112938988,CIR
11,AUT,2033,5540991.620417909,1974316.2819142202,0.35631100300514706,4.532278479672172e-05,0.6436436742100562,CIR
12,AUT,2034,5566296.970029976,1965709.0008858226,0.35314483066023633,3.3332230063792444e-05,0.6468218371096999,CIR
13,AUT,2035,5591808.021939723,1956995.7318053383,0.3499754863054978,2.4513694502165637e-05,0.65,CIR
14,AUT,2036,5617463.56455245,1966010.975230556,0.3499819718701087,1.8028129891244856e-05,0.65,CIR
15,AUT,2037,5643094.296239842,1975008.1853447114,0.3499867416110195,1.325838898045055e-05,0.65,CIR
16,AUT,2038,5668344.637624102,1983865.3536430318,0.34999024944160295,9.750558397004408e-06,0.65,CIR
17,AUT,2039,5693234.990078616,1992591.4215138832,0.3499928292062942,7.170793705743528e-06,0.65,CIR
18,AUT,2040,5717468.911677777,2001083.9676475949,0.3499947264357546,5.273564245418473e-06,0.65,CIR
19,AUT,2041,5740799.206744871,2009257.4578541096,0.3499961217060912,3.8782939088121065e-06,0.65,CIR
20,AUT,2042,5763309.488220366,2017141.882885956,0.34999714782084745,2.8521791525068397e-06,0.65,CIR
21,AUT,2043,5784914.747978061,2024708.02763678,0.3499979024486842,2.097551315809312e-06,0.65,CIR
22,AUT,2044,5805617.460637619,2031957.1555839179,0.34999845741830055,1.5425816994059686e-06,0.65,CIR
23,AUT,2045,5825643.029432014,2038968.4514272697,0.3499988655546003,1.134445399700897e-06,0.65,CIR
24,AUT,2046,5844666.558458291,2045628.419292558,0.34999916570641026,8.342935897256616e-07,0.65,CIR
25,AUT,2047,5862616.289393495,2051912.1042449619,0.34999938644410894,6.13555891033937e-07,0.65,CIR
26,AUT,2048,5879224.806476823,2057726.0294372654,0.3499995487790125,4.512209874782198e-07,0.65,CIR
27,AUT,2049,5894646.828314333,2063124.4338499045,0.34999966816330663,3.3183669333141785e-07,0.65,CIR
28,AUT,2050,5908931.886266004,2068124.7181824357,0.3499997559608583,2.440391416865074e-07,0.65,CIR
29,BEL,2022,4893926.779460897,2144364.5161069967,0.43816849183493806,0.0044826292440963,0.5573488789209656,CIR
30,BEL,2023,4921475.415843495,2124799.543877254,0.4317403551457308,0.003783479390052,0.5644761654642172,CIR
31,BEL,2024,4937814.155426162,2099575.0320223956,0.42520333206853755,0.0031933518760465,0.5716033160554159,CIR
32,BEL,2025,4962280.950097489,2077083.5862923753,0.41857436271349546,0.0026952528997499,0.5787303843867546,CIR
33,BEL,2026,4990022.251896482,2055229.294236816,0.4118677614024098,0.0022748356434817,0.5858574029541085,CIR
34,BEL,2027,5016917.331092243,2032331.2369902348,0.40509562005235833,0.0019199885263781,0.5929843914212636,CIR
35,BEL,2028,5042622.078855768,2008315.771377476,0.3982681509682334,0.0016204873467478,0.6001113616850188,CIR
36,BEL,2029,5067348.793495583,1983329.8002314135,0.3913939776115674,0.0013677014465943,0.6072383209418383,CIR
37,BEL,2030,5091560.466706338,1957605.1076888195,0.38448038091457015,0.0011543455412326,0.6143652735441972,CIR
38,BEL,2031,5115873.501869413,1931413.6682922035,0.377533507735568,0.0009742701403515,0.6214922221240805,CIR
39,BEL,2032,5140591.9542477215,1904890.2860634828,0.3705585471512582,0.0008222845759173,0.6286191682728245,CIR
40,BEL,2033,5165610.175915543,1878008.6129549518,0.3635598794719536,0.0006940075756186,0.6357461129524278,CIR
41,BEL,2034,5191643.846181526,1851034.9380670309,0.35654120215285456,0.0005857411027932,0.6428730567443522,CIR
42,BEL,2035,5217772.240531143,1823640.8062330377,0.3495056361539078,0.0004943638460922,0.65,CIR
43,BEL,2036,5243538.05588653,1833050.4989114313,0.349582758697365,0.000417241302635,0.65,CIR
44,BEL,2037,5268930.2625829615,1842270.1387836114,0.3496478501274535,0.0003521498725465,0.65,CIR
45,BEL,2038,5293389.348341384,1851113.008936094,0.34970278721630715,0.0002972127836928,0.65,CIR
46,BEL,2039,5317060.464961971,1859637.3993640917,0.3497491539956359,0.0002508460043641,0.65,CIR
47,BEL,2040,5339803.530628808,1867800.7320947018,0.3497882874119064,0.0002117125880936,0.65,CIR
48,BEL,2041,5361615.705280484,1875607.4611738431,0.3498213158631674,0.0001786841368326,0.65,CIR
49,BEL,2042,5382413.385858932,1883032.972582384,0.34984919172682377,0.0001508082731762,0.65,CIR
50,BEL,2043,5402161.997879509,1890069.1056769588,0.3498727188149598,0.0001272811850402,0.65,CIR
51,BEL,2044,5420816.533823992,1896703.4585925112,0.3498925755479359,0.0001074244520641,0.65,CIR
52,BEL,2045,5438330.973780824,1902922.7719014664,0.34990933451380596,9.066548619403092e-05,0.65,CIR
53,BEL,2046,5454786.795304573,1908757.9724912324,0.3499234789770835,7.652102291650396e-05,0.65,CIR
54,BEL,2047,5469973.448117469,1914137.4385206162,0.3499354168125588,6.45831874411968e-05,0.65,CIR
55,BEL,2048,5483934.706871644,1919078.2305492824,0.3499454922657233,5.4507734276699175e-05,0.65,CIR
56,BEL,2049,5496816.7087344,1923632.9718346996,0.34995399587875314,4.600412124682293e-05,0.65,CIR
57,BEL,2050,5508765.957879929,1927854.1956758522,0.3499611728681599,3.882713184005772e-05,0.65,CIR
58,CZE,2022,5323526.1798484605,881847.6556179423,0.16565104140110476,0.41142368333690604,0.42292527526198925,CIR
59,CZE,2023,5318394.64475782,939973.5087124184,0.17674008258091972,0.3781349766600706,0.4451249407590097,CIR
60,CZE,2024,5326184.1196045475,997166.2997287136,0.18721964493460846,0.3466121205452188,0.4661682345201727,CIR
61,CZE,2025,5345194.589456952,1053273.523654809,0.1970505481189258,0.31679868106471804,0.4861507708163561,CIR
62,CZE,2026,5357103.890786229,1104532.749885096,0.2061809463476712,0.2886374174928242,0.5051816361595046,CIR
63,CZE,2027,5365253.758632092,1151146.941493677,0.21455591725584472,0.2620705432829931,0.5233735394611622,CIR
64,CZE,2028,5373028.436915695,1193478.1780147336,0.2221239273209266,0.23703997272367713,0.5408360999553963,CIR
65,CZE,2029,5380798.421453404,1231346.058906726,0.22884077091557872,0.21348755241529352,0.5576716766691278,CIR
66,CZE,2030,5388335.456196901,1264489.376495502,0.2346716136689792,0.19135527694740756,0.5739731093836132,CIR
67,CZE,2031,5395629.982938856,1292748.177566083,0.2395917032216426,0.17058548837608842,0.589822808402269,CIR
68,CZE,2032,5402886.894004568,1316068.7033433449,0.2435862029249121,0.15112105930497086,0.605292737770117,CIR
69,CZE,2033,5410119.378021117,1334403.1985850197,0.24664949243192302,0.1329055595584273,0.6204449480096497,CIR
70,CZE,2034,5422758.014817059,1349096.4110674658,0.24878418092439603,0.11588340660064834,0.6353324124749556,CIR
71,CZE,2035,5434769.504225046,1358692.3760562614,0.24999999999999994,0.10000000000000002,0.65,CIR
72,CZE,2036,5445685.476274919,1361421.3690687295,0.24999999999999994,0.10000000000000002,0.65,CIR
73,CZE,2037,5456078.641069695,1364019.6602674236,0.24999999999999994,0.10000000000000002,0.65,CIR
74,CZE,2038,5465630.208476916,1366407.5521192288,0.24999999999999994,0.10000000000000002,0.65,CIR
75,CZE,2039,5474470.66725639,1368617.6668140972,0.24999999999999994,0.10000000000000002,0.65,CIR
76,CZE,2040,5482718.990191727,1370679.7475479315,0.24999999999999994,0.10000000000000002,0.65,CIR
77,CZE,2041,5490657.785146059,1372664.4462865144,0.24999999999999994,0.10000000000000002,0.65,CIR
78,CZE,2042,5498607.085741392,1374651.7714353479,0.24999999999999994,0.10000000000000002,0.65,CIR
79,CZE,2043,5507015.431659839,1376753.8579149595,0.24999999999999994,0.10000000000000002,0.65,CIR
80,CZE,2044,5515822.428160782,1378955.6070401953,0.24999999999999994,0.10000000000000002,0.65,CIR
81,CZE,2045,5524925.343019598,1381231.3357548993,0.24999999999999994,0.10000000000000002,0.65,CIR
82,CZE,2046,5534455.11457566,1383613.7786439147,0.24999999999999994,0.10000000000000002,0.65,CIR
83,CZE,2047,5544441.025045003,1386110.2562612505,0.24999999999999994,0.10000000000000002,0.65,CIR
84,CZE,2048,5554719.0267743645,1388679.756693591,0.24999999999999994,0.10000000000000002,0.65,CIR
85,CZE,2049,5564878.209652462,1391219.5524131153,0.24999999999999994,0.10000000000000002,0.65,CIR
86,CZE,2050,5574947.818275583,1393736.9545688955,0.24999999999999994,0.10000000000000002,0.65,CIR
87,DNK,2022,5070493.318053893,2394366.813504366,0.4722157516664175,0.0045327050052105,0.523251543328372,CIR
88,DNK,2023,5096137.848830488,2357397.6790773505,0.4625851476169055,0.0038987147742795,0.533516137608815,CIR
89,DNK,2024,5113427.6842402695,2316111.056972019,0.4529468685184186,0.0033524571271084,0.543700674354473,CIR
90,DNK,2025,5136556.7178943725,2277114.365251671,0.44331533560581965,0.0028820380151537,0.5538026263790267,CIR
91,DNK,2026,5158696.509149691,2237342.1240489203,0.43370299456086864,0.00247711129844,0.5638198941406913,CIR
92,DNK,2027,5178248.263736694,2196201.3582167253,0.4241205223003187,0.0021286943854787,0.5737507833142026,CIR
93,DNK,2028,5195614.095010575,2153982.194306098,0.41457701725280155,0.0018290011895982,0.5835939815576002,CIR
94,DNK,2029,5210909.149514614,2110835.9802968986,0.40508017310060357,0.0015712921278635,0.5933485347715329,CIR
95,DNK,2030,5224967.7487755995,2067187.620830846,0.39563643647662006,0.0013497404024513,0.6030138231209287,CIR
96,DNK,2031,5238268.716480433,2023287.3127720994,0.38625114943158856,0.0011593135080087,0.6125895370604028,CIR
97,DNK,2032,5250783.92924099,1979171.0432020132,0.37692867767425076,0.0009956687493795,0.6220756535763697,CIR
98,DNK,2033,5262664.075989572,1934936.9926111167,0.36767252567745895,0.0008550614915736,0.6314724128309674,CIR
99,DNK,2034,5274994.709480058,1891008.7981945325,0.3584854397666162,0.0007342648673315,0.6407802953660523,CIR
100,DNK,2035,5287089.409921255,1847147.785109639,0.3493695002856307,0.0006304997143693,0.65,CIR
101,DNK,2036,5298797.781446391,1851710.5943402022,0.3494586264121875,0.0005413735878125,0.65,CIR
102,DNK,2037,5310435.666998599,1856184.045419289,0.34953517221843766,0.0004648277815623,0.65,CIR
103,DNK,2038,5321064.325528371,1860248.922992339,0.3496009086128873,0.0003990913871127,0.65,CIR
104,DNK,2039,5331394.20004266,1864161.2130346068,0.3496573584860205,0.0003426415139795,0.65,CIR
105,DNK,2040,5341515.610745943,1867959.1560497729,0.34970583111127745,0.0002941688887225,0.65,CIR
106,DNK,2041,5351294.804446573,1871601.7220217006,0.3497474518627759,0.0002525481372241,0.65,CIR
107,DNK,2042,5361132.069993361,1875233.866001485,0.3497831878638661,0.0002168121361339,0.65,CIR
108,DNK,2043,5370879.825539842,1878808.2576486187,0.34981387010642606,0.0001861298935739,0.65,CIR
109,DNK,2044,5380650.371336202,1882367.8693707534,0.34984021251380737,0.0001597874861926,0.65,CIR
110,DNK,2045,5390415.704389339,1885906.0843758874,0.3498628283603843,0.0001371716396157,0.65,CIR
111,DNK,2046,5400054.333814648,1889383.130236777,0.3498822444073631,0.0001177555926369,0.65,CIR
112,DNK,2047,5409523.283332078,1892786.3170507634,0.34989891306741416,0.0001010869325858,0.65,CIR
113,DNK,2048,5418590.5255985055,1896036.4742210088,0.3499132228692597,8.677713074027441e-05,0.65,CIR
114,DNK,2049,5427117.776700384,1899086.9420410625,0.3499255074570507,7.449254294925126e-05,0.65,CIR
115,DNK,2050,5435049.312077553,1901919.7059096205,0.3499360533276578,6.394667234217606e-05,0.65,CIR
116,FIN,2022,3155488.388260388,1848971.7538674509,0.5859542252623481,0.0066458036025242,0.40739997113512766,CIR
117,FIN,2023,3152801.462211893,1799224.031614627,0.5706747009538481,0.0042820312787326,0.4250432677674193,CIR
118,FIN,2024,3156618.527291695,1749963.4489724573,0.5543791350910827,0.0027551499145997,0.44286571499431754,CIR
119,FIN,2025,3170312.3600405753,1703611.9100540536,0.5373640564654802,0.0017711242761493,0.46086481925837036,CIR
120,FIN,2026,3182416.3996429653,1654296.6110642892,0.5198240592431225,0.0011378909702482,0.4790380497866294,CIR
121,FIN,2027,3190932.137438619,1601485.3575443567,0.5018863731868265,0.0007307857311562,0.4973828410820174,CIR
122,FIN,2028,3197519.33689104,1546429.66169428,0.48363418599303276,0.0004692185962839,0.5158965954106833,CIR
123,FIN,2029,3202627.1493898863,1489612.62700222,0.4651220880601094,0.000301226658554,0.5345766852813366,CIR
124,FIN,2030,3206882.4975552196,1431508.0381159629,0.4463861832191479,0.0001933608681901,0.553420455912662,CIR
125,FIN,2031,3210856.6192122456,1372482.7798700435,0.42745065963324447,0.0001241126817082,0.5724252276850473,CIR
126,FIN,2032,3214891.0601936714,1312743.0262103446,0.408332040380635,7.966104639111633e-05,0.5915882985729739,CIR
127,FIN,2033,3219036.368690448,1252340.1048047077,0.3890419247776869,5.112866774917729e-05,0.6109069465545639,CIR
128,FIN,2034,3223884.451867352,1191511.4336101331,0.36958875276065833,3.2815244426594264e-05,0.6303784319949151,CIR
129,FIN,2035,3228721.171918584,1129984.4095840235,0.3499789388479648,2.1061152035156614e-05,0.65,CIR
130,FIN,2036,3233336.2799815712,1131623.992455622,0.34998648283563993,1.3517164360022037e-05,0.65,CIR
131,FIN,2037,3237960.263114285,1133258.00164302,0.3499913246474023,8.675352597694976e-06,0.65,CIR
132,FIN,2038,3242312.545105624,1134791.338080815,0.3499944321511569,5.5678488430831885e-06,0.65,CIR
133,FIN,2039,3246508.646006382,1136266.42488641,0.34999642655631363,3.573443686330755e-06,0.65,CIR
134,FIN,2040,3250449.295648041,1137649.798791181,0.34999770656762946,2.293432370512033e-06,0.65,CIR
135,FIN,2041,3254008.74961662,1138898.2727208512,0.3499985280786456,1.4719213543382626e-06,0.65,CIR
136,FIN,2042,3257183.041301302,1140010.9874715216,0.34999905532360476,9.446763952214882e-07,0.65,CIR
137,FIN,2043,3260015.0529574133,1141003.292016102,0.34999939370863004,6.062913699647351e-07,0.65,CIR
138,FIN,2044,3262567.419596796,1141897.3273401342,0.3499996108835217,3.891164782455842e-07,0.65,CIR
139,FIN,2045,3264918.28774692,1142720.5853500743,0.3499997502659253,2.497340746786562e-07,0.65,CIR
140,FIN,2046,3266998.3693439374,1143448.9056399616,0.3499998397212495,1.6027875050146057e-07,0.65,CIR
141,FIN,2047,3268948.1970863263,1144131.5327148717,0.3499998971334747,1.0286652528729173e-07,0.65,CIR
142,FIN,2048,3270505.6023186506,1144676.7448944096,0.3499999339805081,6.601949187623885e-08,0.65,CIR
143,FIN,2049,3271653.801891095,1145078.6920381417,0.34999995762884767,4.237115233336653e-08,0.65,CIR
144,FIN,2050,3272485.591826053,1145369.8681481136,0.3499999728062959,2.7193704071558882e-08,0.65,CIR
145,FRA,2022,37810702.33771495,12590098.368247189,0.3329771093854814,0.20618485521674415,0.46083803539777446,CIR
146,FRA,2023,37894021.895931885,12430055.5897691,0.32802154450392423,0.19575271512243736,0.4762257403736384,CIR
147,FRA,2024,37936048.23883736,12244683.418078473,0.3227717167847459,0.1857337685388398,0.49149451467641425,CIR
148,FRA,2025,38032465.311039925,12065671.320353983,0.31724662657752045,0.17611885932621354,0.506634514096266,CIR
149,FRA,2026,38206573.14471703,11899957.910498148,0.3114636286647341,0.16689849999566223,0.5216378713396037,CIR
150,FRA,2027,38370389.37611906,11719795.505806103,0.3054385346712239,0.15806292032943509,0.536498544999341,CIR
151,FRA,2028,38514545.502433546,11523002.1780977,0.2991857239330429,0.14960211435790274,0.5512121617090544,CIR
152,FRA,2029,38643764.665656134,11311735.506405989,0.2927182587999524,0.14150588548641907,0.5657758557136285,CIR
153,FRA,2030,38763303.37292782,11088165.441416055,0.2860480009853855,0.13376388959964958,0.5801881094149649,CIR
154,FRA,2031,38877342.28141262,10853999.037664646,0.2791857262026365,0.12636567600407944,0.5944485977932841,CIR
155,FRA,2032,38989258.310105704,10610584.904888818,0.2721412349138901,0.11930072610095802,0.6085580389851519,CIR
156,FRA,2033,39099289.318495534,10358318.914172772,0.2649234575543262,0.11255848971161188,0.6225180527340619,CIR
157,FRA,2034,39210662.07309305,10098335.59646108,0.25754055306785323,0.10612841900465668,0.6363310279274901,CIR
158,FRA,2035,39320164.64114055,9830041.160285136,0.24999999999999997,0.1,0.65,CIR
159,FRA,2036,39427411.558780186,9856852.889695045,0.24999999999999997,0.1,0.65,CIR
160,FRA,2037,39528488.23489511,9882122.058723776,0.24999999999999997,0.1,0.65,CIR
161,FRA,2038,39624766.0301884,9906191.507547097,0.24999999999999997,0.1,0.65,CIR
162,FRA,2039,39714968.917139016,9928742.229284752,0.24999999999999997,0.1,0.65,CIR
163,FRA,2040,39798510.36939794,9949627.592349483,0.24999999999999997,0.1,0.65,CIR
164,FRA,2041,39876092.4835445,9969023.120886123,0.24999999999999997,0.1,0.65,CIR
165,FRA,2042,39948163.55570808,9987040.888927018,0.24999999999999997,0.1,0.65,CIR
166,FRA,2043,40015265.44008597,10003816.36002149,0.24999999999999997,0.1,0.65,CIR
167,FRA,2044,40077296.370729774,10019324.092682442,0.24999999999999997,0.1,0.65,CIR
168,FRA,2045,40134157.95809858,10033539.489524644,0.24999999999999997,0.1,0.65,CIR
169,FRA,2046,40183492.26212169,10045873.065530421,0.24999999999999997,0.1,0.65,CIR
170,FRA,2047,40226990.10456497,10056747.526141241,0.24999999999999997,0.1,0.65,CIR
171,FRA,2048,40264609.47564545,10066152.368911361,0.24999999999999997,0.1,0.65,CIR
172,FRA,2049,40298531.616179205,10074632.9040448,0.24999999999999997,0.1,0.65,CIR
173,FRA,2050,40330115.950877294,10082528.987719322,0.24999999999999997,0.1,0.65,CIR
174,DEU,2022,50818409.90729492,16083557.238240648,0.31649076127295106,7.203149825654536e-05,0.6834372072287924,CIR
175,DEU,2023,50791545.96656034,16008668.312235462,0.3151837182269486,4.670049994515127e-05,0.6847695812731063,CIR
176,DEU,2024,50827788.816373125,15962099.945847275,0.3140427769445956,3.027688604287125e-05,0.6859269461693616,CIR
177,DEU,2025,50960293.98747521,15953047.044569962,0.3130485677435619,1.962884676648597e-05,0.6869318034096716,CIR
178,DEU,2026,51072320.05383005,15943930.09719769,0.31218339171576387,1.2725486943341952e-05,0.6878038827972928,CIR
179,DEU,2027,51134772.59759708,15924968.542016272,0.3114312968073044,8.249952947218147e-06,0.6885604532397483,CIR
180,DEU,2028,51170182.80646225,15902569.371477237,0.3107780449334043,5.348436843338274e-06,0.6892166066297524,CIR
181,DEU,2029,51186224.65651363,15878530.842652794,0.31021101769482023,3.467378043648749e-06,0.6897855149271361,CIR
182,DEU,2030,51196969.00563513,15856678.690607555,0.30971909077004633,2.247888778688902e-06,0.690278661341175,CIR
183,DEU,2031,51214833.99161655,15840363.821340825,0.3092924956846246,1.4572967325138822e-06,0.6907060470186429,CIR
184,DEU,2032,51244180.5308194,15830489.599367952,0.308922680300198,9.447586336848866e-07,0.6910763749411684,CIR
185,DEU,2033,51286441.5919967,15827107.404563146,0.30860217463465006,6.124823208021211e-07,0.6913972128830291,CIR
186,DEU,2034,51357051.08634236,15834635.331472207,0.30832446560942034,3.9706912787923646e-07,0.6916751373214518,CIR
187,DEU,2035,51439972.434064254,15847826.419215212,0.3080838824229339,2.574178191356272e-07,0.691915860159247,CIR
188,DEU,2036,51533752.324382365,15865979.407034464,0.3078754930781109,1.6688259309248504e-07,0.692124340039296,CIR
189,DEU,2037,51639400.34228822,15889185.902336035,0.3076950118904491,1.0818908269544447e-07,0.6923048799204682,CIR
190,DEU,2038,51753763.43560927,15916286.027777936,0.30753871740323924,7.013839376693125e-08,0.692461212458367,CIR
191,DEU,2039,51874538.13006285,15946408.353401484,0.3074033799283133,4.54703376497641e-08,0.692596574601349,CIR
192,DEU,2040,51996376.60446374,15977768.868385877,0.3072861978427595,2.9478170960859656e-08,0.6927137726790695,CIR
193,DEU,2041,52115260.28074113,16009012.770974742,0.30718474175769916,1.9110536587845725e-08,0.6928152391317642,CIR
194,DEU,2042,52229534.414948314,16039528.405214095,0.30709690570443826,1.2389255965824226e-08,0.6929030819063058,CIR
195,DEU,2043,52336757.772704415,16068476.618422689,0.3070208645366833,8.031886587755924e-09,0.6929791274314301,CIR
196,DEU,2044,52436203.43593439,16095556.75600199,0.30695503681282443,5.2070279358354325e-09,0.6930449579801476,CIR
197,DEU,2045,52528604.78352353,16120926.508175425,0.3068980524918115,3.3756875875744514e-09,0.6931019441325009,CIR
198,DEU,2046,52612300.46429916,16144017.308645964,0.30684872484526166,2.1884397033171397e-09,0.6931512729662986,CIR
199,DEU,2047,52686922.85881698,16164665.427347582,0.3068060260543851,1.418753426064248e-09,0.6931939725268614,CIR
200,DEU,2048,52753121.29240811,16183025.748599088,0.30676906602165444,9.197700441979591e-10,0.6932309330585755,CIR
201,DEU,2049,52810294.41364767,16198875.18463326,0.3067370739831932,5.962818614576742e-10,0.6932629254205249,CIR
202,DEU,2050,52859518.83854052,16212510.385304837,0.3067093825584371,3.865662514755436e-10,0.6932906170549966,CIR
203,GRC,2022,5667369.308045306,265279.99517690175,0.046808312774026306,0.7196310747090555,0.23356061251691818,CIR
204,GRC,2023,5691068.717610922,386039.46690588107,0.06783250845509703,0.6674558095852311,0.2647116819596719,CIR
205,GRC,2024,5707850.016581785,501087.88456106273,0.08778925218871558,0.6160414138498436,0.2961693339614408,CIR
206,GRC,2025,5731313.852089021,611767.1732339374,0.10674117471527977,0.5653857713407827,0.3278730539439375,CIR
207,GRC,2026,5757122.527075248,718161.1304217363,0.12474306861531725,0.5154866298623763,0.3597703015223065,CIR
208,GRC,2027,5778826.66964086,819683.2933213639,0.14184251236113044,0.4663416026872601,0.39181588495160946,CIR
209,GRC,2028,5795732.051059105,916192.4252746046,0.15808053533240563,0.4179481701259119,0.4239712945416824,CIR
210,GRC,2029,5808013.4425272485,1007645.5726163189,0.17349229346443468,0.37030368116210727,0.456204025373458,CIR
211,GRC,2030,5816610.014182005,1094149.3216908057,0.18810773268674724,0.3234053551525062,0.4884869121607466,CIR
212,GRC,2031,5822878.334713174,1175943.2283830093,0.20195222376064542,0.2772502835885225,0.5207974926508321,CIR
213,GRC,2032,5827215.244560282,1253126.0743888337,0.21504715748377917,0.2318354319185782,0.5531174105976426,CIR
214,GRC,2033,5829328.7048228625,1325650.5177657933,0.2274104935391658,0.1871576414287963,0.5854318650320379,CIR
215,GRC,2034,5829575.3782266425,1393602.3146758073,0.239057259621496,0.1432136311801449,0.6177291091983591,CIR
216,GRC,2035,5827793.530835309,1456948.3827088273,0.25,0.09999999999999999,0.65,CIR
217,GRC,2036,5824294.548847933,1456073.6372119833,0.25,0.09999999999999999,0.65,CIR
218,GRC,2037,5819638.904044292,1454909.726011073,0.25,0.09999999999999999,0.65,CIR
219,GRC,2038,5813581.150147935,1453395.2875369838,0.25,0.09999999999999999,0.65,CIR
220,GRC,2039,5806312.368182349,1451578.0920455873,0.25,0.09999999999999999,0.65,CIR
221,GRC,2040,5797808.624660921,1449452.1561652303,0.25,0.09999999999999999,0.65,CIR
222,GRC,2041,5787971.751640387,1446992.9379100967,0.25,0.09999999999999999,0.65,CIR
223,GRC,2042,5776872.2050958555,1444218.0512739639,0.25,0.09999999999999999,0.65,CIR
224,GRC,2043,5764588.456538247,1441147.1141345617,0.25,0.09999999999999999,0.65,CIR
225,GRC,2044,5751383.723017748,1437845.930754437,0.25,0.09999999999999999,0.65,CIR
226,GRC,2045,5737477.844541976,1434369.461135494,0.25,0.09999999999999999,0.65,CIR
227,GRC,2046,5722798.646156674,1430699.6615391686,0.25,0.09999999999999999,0.65,CIR
228,GRC,2047,5707914.239442606,1426978.5598606516,0.25,0.09999999999999999,0.65,CIR
229,GRC,2048,5693002.287049751,1423250.5717624377,0.25,0.09999999999999999,0.65,CIR
230,GRC,2049,5678108.732475283,1419527.1831188207,0.25,0.09999999999999999,0.65,CIR
231,GRC,2050,5663530.438730057,1415882.6096825143,0.25,0.09999999999999999,0.65,CIR
232,HUN,2022,3858524.649255767,741122.109173446,0.19207396000862498,0.40476486356875707,0.4031611764226179,CIR
233,HUN,2023,3827661.7449919707,783633.1216259941,0.20472893736006914,0.37033957585955,0.4249314867803809,CIR
234,HUN,2024,3849135.725755751,832239.5748775238,0.21621466068571,0.33776606314695107,0.44601927616733894,CIR
235,HUN,2025,3876130.736682327,877672.7471473267,0.2264301198206095,0.30708417695456186,0.46648570322482863,CIR
236,HUN,2026,3903621.2429557885,918485.1014873952,0.23529052751847568,0.2783129602612019,0.48639651222032243,CIR
237,HUN,2027,3929975.9360301006,953926.7891932144,0.2427309491764552,0.2514515398116758,0.505817511011869,CIR
238,HUN,2028,3954845.580371822,983601.2771999912,0.24870788434361982,0.22648050351095803,0.5248116121454222,CIR
239,HUN,2029,3977122.7445023516,1007004.5645476314,0.2531992672189039,0.2033636641924776,0.5434370685886185,CIR
240,HUN,2030,3996681.54585085,1023963.0874076347,0.25620332159580256,0.18205010274731587,0.5617465756568816,CIR
241,HUN,2031,4014100.2343278653,1034580.7327235099,0.2577366464035853,0.1624763831678444,0.5797869704285703,CIR
242,HUN,2032,4029858.9700558297,1039025.9535668171,0.2578318400935064,0.14456883833517659,0.597599321571317,CIR
243,HUN,2033,4043857.492398793,1037390.601528617,0.2565349059601116,0.12824583678441998,0.6152192572554684,CIR
244,HUN,2034,4056326.8796251207,1029912.0263909571,0.2539026210052726,0.11341995546717562,0.6326774235275517,CIR
245,HUN,2035,4066975.946611629,1016743.9866529071,0.24999999999999997,0.1,0.65,CIR
246,HUN,2036,4076061.8343452066,1019015.4585863015,0.24999999999999997,0.1,0.65,CIR
247,HUN,2037,4083973.9788527843,1020993.494713196,0.24999999999999997,0.1,0.65,CIR
248,HUN,2038,4090548.698328679,1022637.1745821696,0.24999999999999997,0.1,0.65,CIR
249,HUN,2039,4096657.360960966,1024164.3402402414,0.24999999999999997,0.1,0.65,CIR
250,HUN,2040,4101930.055018265,1025482.5137545661,0.24999999999999997,0.1,0.65,CIR
251,HUN,2041,4106288.114721428,1026572.0286803569,0.24999999999999997,0.1,0.65,CIR
252,HUN,2042,4110086.174165313,1027521.5435413282,0.24999999999999997,0.1,0.65,CIR
253,HUN,2043,4113482.3503198572,1028370.5875799642,0.24999999999999997,0.1,0.65,CIR
254,HUN,2044,4116828.647463031,1029207.1618657577,0.24999999999999997,0.1,0.65,CIR
255,HUN,2045,4120089.9039028287,1030022.475975707,0.24999999999999997,0.1,0.65,CIR
256,HUN,2046,4123445.5489377184,1030861.3872344295,0.24999999999999997,0.1,0.65,CIR
257,HUN,2047,4126629.2308883695,1031657.3077220923,0.24999999999999997,0.1,0.65,CIR
258,HUN,2048,4129785.5991840195,1032446.3997960048,0.24999999999999997,0.1,0.65,CIR
259,HUN,2049,4132754.0363767804,1033188.509094195,0.24999999999999997,0.1,0.65,CIR
260,HUN,2050,4135510.716913365,1033877.6792283411,0.24999999999999997,0.1,0.65,CIR
261,ISL,2022,247980.28423957832,24924.61868565588,0.10051048518670036,0.5522430472938399,0.3472464675194597,CIR
262,ISL,2023,254993.14413362215,29866.88859727341,0.11712820240226729,0.5116511363095266,0.3712206612882061,CIR
263,ISL,2024,258923.96491560168,34381.67151336585,0.13278674889971204,0.4720599768541854,0.3951532742461025,CIR
264,ISL,2025,263075.4428537555,38811.8032865963,0.14753107650633857,0.4334613677550233,0.4190075557386381,CIR
265,ISL,2026,267497.2248347906,43173.46139739247,0.16139779178665087,0.3958467171350995,0.4427554910782496,CIR
266,ISL,2027,271948.1863028558,47432.198929195736,0.17441630912872774,0.35920705607675085,0.4663766347945214,CIR
267,ISL,2028,276401.6996854234,51579.314915583396,0.18660997734198642,0.3235330525997609,0.4898569700582526,CIR
268,ISL,2029,280807.07250843785,55598.996746276,0.1979971382116999,0.28881502591933644,0.5131878358689637,CIR
269,ISL,2030,285154.7688418615,59481.029530478845,0.2085920911372353,0.255042960949007,0.5363649479137577,CIR
270,ISL,2031,289456.82952565857,63219.093940951796,0.218405950360718,0.22220652301372876,0.5593875266255532,CIR
271,ISL,2032,293731.96219120064,66808.56832059486,0.2274473905468509,0.19029507273875848,0.5822575367143906,CIR
272,ISL,2033,297982.2885440445,70241.36333153387,0.23572328300026313,0.15929768108026188,0.604979035919475,CIR
273,ISL,2034,302243.5905715201,73517.4979685071,0.24323922909164425,0.12920314446411946,0.6275576264442363,CIR
274,ISL,2035,306476.08710978646,76619.02177744661,0.25,0.09999999999999999,0.65,CIR
275,ISL,2036,310659.4361282831,77664.85903207077,0.25,0.09999999999999999,0.65,CIR
276,ISL,2037,314797.3323124997,78699.33307812492,0.25,0.09999999999999999,0.65,CIR
277,ISL,2038,318871.9603014496,79717.9900753624,0.25,0.09999999999999999,0.65,CIR
278,ISL,2039,322873.07328132336,80718.26832033084,0.25,0.09999999999999999,0.65,CIR
279,ISL,2040,326812.70510765375,81703.17627691344,0.25,0.09999999999999999,0.65,CIR
280,ISL,2041,330684.39854585397,82671.09963646349,0.25,0.09999999999999999,0.65,CIR
281,ISL,2042,334480.5674556654,83620.14186391635,0.25,0.09999999999999999,0.65,CIR
282,ISL,2043,338200.99492553587,84550.24873138397,0.25,0.09999999999999999,0.65,CIR
283,ISL,2044,341833.09641831816,85458.27410457954,0.25,0.09999999999999999,0.65,CIR
284,ISL,2045,345369.21062237374,86342.30265559343,0.25,0.09999999999999999,0.65,CIR
285,ISL,2046,348816.3650925086,87204.09127312715,0.25,0.09999999999999999,0.65,CIR
286,ISL,2047,352164.35632489633,88041.08908122408,0.25,0.09999999999999999,0.65,CIR
287,ISL,2048,355416.5817884566,88854.14544711415,0.25,0.09999999999999999,0.65,CIR
288,ISL,2049,358593.94594956504,89648.48648739126,0.25,0.09999999999999999,0.65,CIR
289,ISL,2050,361675.73467796756,90418.93366949189,0.25,0.09999999999999999,0.65,CIR
290,IRL,2022,3466939.636206013,1597471.403781334,0.4607727769755749,0.1032752287514503,0.4359519942729749,CIR
291,IRL,2023,3473616.1049308022,1595921.57910405,0.45944097761368546,0.088012392268432,0.45254663011788254,CIR
292,IRL,2024,3506036.171806728,1599052.5568667492,0.4560855845485264,0.0748190851412342,0.46909533031023937,CIR
293,IRL,2025,3544176.162314631,1598151.6590483352,0.450923313587385,0.0634673465508979,0.48560933986171706,CIR
294,IRL,2026,3579541.1885135574,1589902.7485235857,0.4441638368697777,0.0537389482432187,0.5020972148870037,CIR
295,IRL,2027,3615727.51042777,1576473.0780169277,0.4360043928836933,0.0454301637103893,0.5185654434059174,CIR
296,IRL,2028,3650729.294197868,1557498.0969447729,0.42662656456618586,0.0383545045478132,0.5350189308860009,CIR
297,IRL,2029,3684226.538217069,1533355.6021142115,0.41619471175522715,0.0323439113692974,0.5514613768754755,CIR
298,IRL,2030,3716357.7721533924,1504588.2691010865,0.4048556036167835,0.0272488311315299,0.5678955652516866,CIR
299,IRL,2031,3747432.50293786,1471762.4242590994,0.39273887471096214,0.0229375385729149,0.584323586716123,CIR
300,IRL,2032,3777568.456237677,1435317.3878455027,0.37995800856380174,0.0192949828301126,0.6007470086060857,CIR
301,IRL,2033,3806665.30339162,1395567.755481781,0.3666116257287904,0.0162213702510256,0.617167004020184,CIR
302,IRL,2034,3836051.66666977,1353301.161858506,0.35278491518164584,0.0136306351221323,0.6335844496962219,CIR
303,IRL,2035,3864178.732442111,1308221.9508270747,0.33855109750585877,0.0114489024941412,0.65,CIR
304,IRL,2036,3890903.748929317,1324413.0123729478,0.3403869892020316,0.0096130107979684,0.65,CIR
305,IRL,2037,3916352.568324202,1339121.821521597,0.34193086504839476,0.0080691349516052,0.65,CIR
306,IRL,2038,3940725.6246174686,1352569.2213782964,0.34322846861727196,0.006771531382728,0.65,CIR
307,IRL,2039,3963755.9747560523,1364794.8559653226,0.3443185868800408,0.0056814131199592,0.65,CIR
308,IRL,2040,3985586.9585211794,1375960.3099922214,0.3452340456530299,0.0047659543469701,0.65,CIR
309,IRL,2041,4006109.160810053,1386124.1120239682,0.3460025816529892,0.0039974183470108,0.65,CIR
310,IRL,2042,4025403.5155552877,1395396.4691772126,0.3466476003672699,0.0033523996327301,0.65,CIR
311,IRL,2043,4043410.393409666,1403826.9255988772,0.3471888304701812,0.0028111695298188,0.65,CIR
312,IRL,2044,4060277.252627223,1411526.5019591032,0.3476428859742935,0.0023571140257065,0.65,CIR
313,IRL,2045,4075877.8291942948,1418502.2747612265,0.3480237470811609,0.0019762529188391,0.65,CIR
314,IRL,2046,4090043.864818123,1424738.8455671743,0.34834317006292786,0.0016568299370721,0.65,CIR
315,IRL,2047,4103061.939130023,1430372.671945132,0.3486110356521734,0.0013889643478266,0.65,CIR
316,IRL,2048,4115021.4228415275,1435466.1500351029,0.3488356444676482,0.0011643555323518,0.65,CIR
317,IRL,2049,4125977.29332743,1440064.9628316306,0.3490239670394012,0.0009760329605988,0.65,CIR
318,IRL,2050,4136034.8382825875,1444228.317458331,0.3491818550682277,0.0008181449317723,0.65,CIR
319,ITA,2022,29990608.05704675,6735103.093895636,0.22457374258916105,0.1643962944712323,0.6110299629396067,CIR
320,ITA,2023,29972764.889716253,6775160.437773394,0.2260438922702781,0.1477529602223041,0.6262031475074178,CIR
321,ITA,2024,29947798.857863635,6809125.459943937,0.2273664749873933,0.1325389794664816,0.6400945455461251,CIR
322,ITA,2025,29994604.348475937,6855795.541163158,0.2285676270809523,0.1186827461396806,0.6527496267793671,CIR
323,ITA,2026,29997686.593328334,6889511.6133977845,0.2296680976369042,0.1061053749213763,0.6642265274417195,CIR
324,ITA,2027,30005475.57410064,6921783.279597603,0.23068400507446618,0.0947235666834738,0.67459242824206,CIR
325,ITA,2028,30025389.785011828,6954709.861779671,0.23162762953543226,0.0844520409413052,0.6839203295232625,CIR
326,ITA,2029,30055050.787396006,6988045.008600022,0.23250817501631219,0.0752055350410494,0.6922862899426384,CIR
327,ITA,2030,30090820.6560043,7021165.182948953,0.2333324591979167,0.0669003923982113,0.699767148403872,CIR
328,ITA,2031,30132976.773593597,7054295.855473968,0.234105508674996,0.059455776805626,0.706438714519378,CIR
329,ITA,2032,30178523.24806495,7086854.36694063,0.23483105215875796,0.05279455799114,0.712374389850102,CIR
330,ITA,2033,30228062.270039722,7119068.815461255,0.23551191445431344,0.0468439166970159,0.7176441688486707,CIR
331,ITA,2034,30282315.444081355,7151178.491743414,0.23615032030653732,0.0415357169815636,0.7223139627118991,CIR
332,ITA,2035,30338090.466376077,7182485.895698994,0.23674812044150884,0.0368066904322707,0.7264451891262205,CIR
333,ITA,2036,30395007.29402211,7212946.572654426,0.23730695317428074,0.0325984725202545,0.7300945743054648,CIR
334,ITA,2037,30452392.849847823,7242442.483863459,0.23782835455899654,0.0288575261727051,0.7333141192682984,CIR
335,ITA,2038,30509193.946224745,7270762.823503989,0.23831382881892507,0.0255349823329247,0.7361511888481502,CIR
336,ITA,2039,30565762.182309903,7298030.8191710785,0.23876488914759839,0.0225864221765714,0.7386486886758302,CIR
337,ITA,2040,30620121.410398792,7323814.863617043,0.23918307721437798,0.019971620976387,0.740845301809235,CIR
338,ITA,2041,30673157.081571687,7348367.261214551,0.2395699680235857,0.017654269469428,0.7427757625069863,CIR
339,ITA,2042,30724249.004134692,7371581.968562492,0.2399271652683998,0.0156016850199135,0.7444711497116867,CIR
340,ITA,2043,30774086.018358085,7393667.766737586,0.24025629103418183,0.0137845218775054,0.7459591870883128,CIR
341,ITA,2044,30822128.331158835,7414539.526195817,0.24055897264889003,0.0121764873654393,0.7472645399856707,CIR
342,ITA,2045,30867036.752251167,7433919.2408286985,0.24083682863683165,0.0107540688397013,0.748409102523467,CIR
343,ITA,2046,30909060.45688836,7451910.360737639,0.24109145508099436,0.0094962746772376,0.749412270241768,CIR
344,ITA,2047,30947719.586839322,7468440.2694509085,0.24132441320900755,0.0083843913157008,0.7502911954752917,CIR
345,ITA,2048,30981701.701686267,7483234.058343471,0.24153721865885033,0.0074017574209239,0.7510610239202258,CIR
346,ITA,2049,31010138.731034342,7496122.160357828,0.24173133262560528,0.0065335555483688,0.7517351118260259,CIR
347,ITA,2050,31032731.78624281,7507070.888420518,0.24190815491623893,0.0057666211451212,0.7523252239386399,CIR
348,LUX,2022,520202.3958510827,228687.78296937948,0.43961309058416076,0.0572341845181634,0.5031527248976758,CIR
349,LUX,2023,523303.8284998212,226141.54541421888,0.4321419662885118,0.0532880400988554,0.5145699936126328,CIR
350,LUX,2024,529824.1866444042,224891.3603901504,0.4244641261367859,0.0495866399957207,0.5259492338674934,CIR
351,LUX,2025,539203.9343841557,224623.47277078012,0.41658351960530615,0.0461185095507386,0.5372979708439553,CIR
352,LUX,2026,549013.6519248208,224275.11749053077,0.4085055384401295,0.0428721968138507,0.5486222647460198,CIR
353,LUX,2027,558399.9855489468,223492.14081077516,0.40023665221098914,0.039836358746708,0.5599269890423029,CIR
354,LUX,2028,567236.8183805121,222234.37070800824,0.3917841076369088,0.0369998343716848,0.5712160579914064,CIR
355,LUX,2029,575521.4696579032,220514.3213316289,0.3831556822071386,0.0343517057940751,0.5824926119987863,CIR
356,LUX,2030,583355.4971606954,218384.66275353965,0.3743594837392641,0.0318813481031405,0.5937591681575954,CIR
357,LUX,2031,590869.8371342911,215906.07706015385,0.36540378860307837,0.0295784691947763,0.6050177422021453,CIR
358,LUX,2032,598114.5902346967,213106.38172951847,0.3562969123456707,0.0274331405627248,0.6162699470916045,CIR
359,LUX,2033,605100.6932039167,209998.44523729937,0.34704710735892463,0.025435820083621,0.6275170725574544,CIR
360,LUX,2034,611964.6473222865,206637.5023413008,0.3376624830298028,0.0235773677799958,0.6387601491902014,CIR
361,LUX,2035,618599.644278336,202994.05754336558,0.32815094450980536,0.0218490554901946,0.65,CIR
362,LUX,2036,625000.2991667107,206098.49158394043,0.32975742869039226,0.0202425713096077,0.65,CIR
363,LUX,2037,631156.1709589087,209070.4692610604,0.33124998040250786,0.0187500195974921,0.65,CIR
364,LUX,2038,637063.6787748919,211910.36655656324,0.33263608272893286,0.0173639172710671,0.65,CIR
365,LUX,2039,642729.5520987468,214622.06001196796,0.3339228129640975,0.0160771870359025,0.65,CIR
366,LUX,2040,648158.1782745637,217208.72821670122,0.33511685186928286,0.0148831481307171,0.65,CIR
367,LUX,2041,653330.5910063939,219665.74796586492,0.33622449490309436,0.0137755050969056,0.65,CIR
368,LUX,2042,658250.1155300941,221995.94743624234,0.33725166498066955,0.0127483350193304,0.65,CIR
369,LUX,2043,662945.8558222174,224210.89141261403,0.338203926374254,0.011796073625746,0.65,CIR
370,LUX,2044,667404.4997213613,226307.855509027,0.33908649942202906,0.0109135005779709,0.65,CIR
371,LUX,2045,671621.7894258089,228287.11792027965,0.3399042757612877,0.0100957242387123,0.65,CIR
372,LUX,2046,675608.4820272898,230154.02444952607,0.3406618338462919,0.0093381661537081,0.65,CIR
373,LUX,2047,679372.2292378724,231912.8510983557,0.3413634545505609,0.0086365454494391,0.65,CIR
374,LUX,2048,682919.2766794562,233567.36392196995,0.3420131366881889,0.0079868633118111,0.65,CIR
375,LUX,2049,686248.1316513511,235118.63758062234,0.3426146123193739,0.0073853876806261,0.65,CIR
376,LUX,2050,689367.0691638526,236571.03585814437,0.3431713617319815,0.0068286382680185,0.65,CIR
377,NLD,2022,9110581.21549522,4112692.663377395,0.45141935142211925,0.0004917729956638,0.548088875582217,CIR
378,NLD,2023,9133077.325314902,4052180.0235493127,0.44368178207771786,0.0003887496944916,0.5559294682277905,CIR
379,NLD,2024,9153712.68152637,3990315.272682505,0.4359231506944268,0.0003073087628749,0.5637695405426983,CIR
380,NLD,2025,9190905.646147935,3935066.2078255275,0.4281478190862269,0.0002429290391657,0.5716092518746074,CIR
381,NLD,2026,9253073.236100363,3889614.9326405367,0.42035925074767755,0.0001920364230569,0.5794487128292656,CIR
382,NLD,2027,9311451.181889182,3841534.1090807826,0.41256019432852586,0.000151805510473,0.5872880001610011,CIR
383,NLD,2028,9362940.634939143,3789676.7201419882,0.4047528301098344,0.0001200027696764,0.5951271671204892,CIR
384,NLD,2029,9406758.346081536,3733908.1862402656,0.39693888679469014,9.486256174305832e-05,0.6029662506435668,CIR
385,NLD,2030,9445243.391549258,3675330.60106854,0.3891197345276344,7.498912829773405e-05,0.6108052763440679,CIR
386,NLD,2031,9481187.858283848,3615143.35663066,0.38129645891069003,5.927910874632756e-05,0.6186442619805637,CIR
387,NLD,2032,9515599.405926932,3553790.147452186,0.37346991984957406,4.6860287569424974e-05,0.6264832198628565,CIR
388,NLD,2033,9549200.457600566,3491577.278496378,0.36564079830550644,3.70431724206145e-05,0.634322158522073,CIR
389,NLD,2034,9583725.50555276,3429149.309891888,0.35780963341500727,2.9282715569258197e-05,0.6421610838694235,CIR
390,NLD,2035,9617760.398650233,3365993.5070902035,0.34997685194596767,2.3148054032280463e-05,0.65,CIR
391,NLD,2036,9650619.730624296,3377540.3129971838,0.3499817014112825,1.829858871751687e-05,0.65,CIR
392,NLD,2037,9683665.11999146,3389142.717057612,0.3499855349252929,1.446507470707332e-05,0.65,CIR
393,NLD,2038,9716058.9747153,3400509.541193678,0.34998856532705636,1.1434672943598468e-05,0.65,CIR
394,NLD,2039,9748493.307431625,3411884.5396689535,0.34999096086653225,9.039133467704483e-06,0.65,CIR
395,NLD,2040,9781185.869996017,3423345.1634830795,0.34999285454581325,7.145454186744201e-06,0.65,CIR
396,NLD,2041,9813389.096015543,3434630.752710719,0.3499943515034227,5.6484965772891465e-06,0.65,CIR
397,NLD,2042,9844807.435095903,3445638.643757784,0.3499955348516391,4.465148360884827e-06,0.65,CIR
398,NLD,2043,9875369.668243311,3456344.5267032357,0.3499964702909264,3.529709073583442e-06,0.65,CIR
399,NLD,2044,9904259.786084495,3466463.289844565,0.3499972097576593,2.790242340655684e-06,0.65,CIR
400,NLD,2045,9931321.620918687,3475940.6618815456,0.34999779430766303,2.2056923369394176e-06,0.65,CIR
401,NLD,2046,9956901.281919949,3484898.0877756984,0.34999825639566046,1.7436043395061823e-06,0.65,CIR
402,NLD,2047,9980705.744088141,3493233.2537963847,0.3499986216771822,1.3783228177954337e-06,0.65,CIR
403,NLD,2048,10002724.185262915,3500942.5662036487,0.3499989104329811,1.0895670188775794e-06,0.65,CIR
404,NLD,2049,10023083.44794093,3508070.5738477986,0.3499991386950361,8.61304963878051e-07,0.65,CIR
405,NLD,2050,10041830.29046278,3514633.7645478686,0.34999931913666066,6.808633393402121e-07,0.65,CIR
406,NOR,2022,4279099.166752069,2334983.5991038755,0.5456717659750288,0.0124979361697226,0.4418302978552486,CIR
407,NOR,2023,4296132.34093204,2283952.8512578593,0.531630003456169,0.0105264807517311,0.4578435157921,CIR
408,NOR,2024,4303507.723026651,2226113.5813290896,0.5172788628722309,0.0088644836037355,0.47385665352403367,CIR
409,NOR,2025,4325964.485587072,2174517.1865299703,0.5026664443905783,0.0074638130425398,0.4898697425668819,CIR
410,NOR,2026,4354820.041935034,2124427.119369632,0.4878335037756595,0.0062836941272838,0.5058828020970567,CIR
411,NOR,2027,4387542.443123184,2074493.8361420443,0.47281453411202956,0.0052896221247839,0.5218958437631865,CIR
412,NOR,2028,4420213.676662538,2022860.8413767444,0.4576387001508253,0.0044524252189754,0.5379088746301993,CIR
413,NOR,2029,4452442.299589759,1969451.659272326,0.4423306416466729,0.0037474593764869,0.5539218989768402,CIR
414,NOR,2030,4483930.973346907,1914240.1798042776,0.426911161474782,0.0031539191342192,0.5699349193909988,CIR
415,NOR,2031,4514592.00611058,1857293.2790544431,0.41139781325545344,0.0026542493085956,0.585947937435951,CIR
416,NOR,2032,4544419.244754506,1798705.6855958987,0.3958054019052255,0.0022336440398366,0.6019609540549379,CIR
417,NOR,2033,4573384.953217411,1738555.8675672463,0.38014640913710074,0.0018796210464286,0.6179739698164707,CIR
418,NOR,2034,4602366.474788511,1677246.6485220974,0.3644313545455266,0.0015816603916183,0.6339869850628551,CIR
419,NOR,2035,4630815.7832351355,1614622.378789147,0.34866910159426706,0.0013308984057329,0.65,CIR
420,NOR,2036,4658805.776416592,1625364.7712621796,0.34888013136112306,0.0011198686388769,0.65,CIR
421,NOR,2037,4686192.924789121,1635751.804559724,0.34905771717312145,0.0009422828268785,0.65,CIR
422,NOR,2038,4713065.705293963,1645836.262324647,0.34920715416208975,0.0007928458379102,0.65,CIR
423,NOR,2039,4739592.759381614,1655695.6861424702,0.34933290056728267,0.0006670994327173,0.65,CIR
424,NOR,2040,4765635.658207746,1665297.5747036166,0.349438709573929,0.000561290426071,0.65,CIR
425,NOR,2041,4791086.200836698,1674617.5343629317,0.3495277405091319,0.0004722594908681,0.65,CIR
426,NOR,2042,4816109.526325077,1683724.6655682167,0.34960265259020795,0.000397347409792,0.65,CIR
427,NOR,2043,4840566.658731215,1692580.0513675248,0.34966568393692476,0.0003343160630752,0.65,CIR
428,NOR,2044,4864190.098180584,1701098.3259514123,0.3497187181454311,0.0002812818545689,0.65,CIR
429,NOR,2045,4886973.422725559,1709284.1486261697,0.34976334036882667,0.0002366596311733,0.65,CIR
430,NOR,2046,4908812.296581538,1717106.8834294614,0.34980088454904706,0.0001991154509529,0.65,CIR
431,NOR,2047,4929744.34798691,1724584.6574491228,0.3498324731896832,0.0001675268103168,0.65,CIR
432,NOR,2048,4949876.248493668,1731759.0060885693,0.3498590508430536,0.0001409491569464,0.65,CIR
433,NOR,2049,4969020.927374317,1738568.0598261529,0.3498814123016444,0.0001185876983556,0.65,CIR
434,NOR,2050,4987164.838467232,1745010.105719909,0.3499002263290389,9.97736709611142e-05,0.65,CIR
435,POL,2022,13304618.5108153,3912792.6266772617,0.2940928087112426,0.2545413231752965,0.4513658681134609,CIR
436,POL,2023,13293874.708771447,4103474.4769105664,0.30867407485065645,0.2161409433868309,0.4751849817625127,CIR
437,POL,2024,13364311.51502497,4282860.017721492,0.32046993314294125,0.182105886389288,0.4974241804677707,CIR
438,POL,2025,13450039.795892552,4432935.850156442,0.3295853333839352,0.1523795491987467,0.5180351174173181,CIR
439,POL,2026,13583090.053719327,4567005.728003653,0.3362273024725411,0.1267475606116712,0.5370251369157877,CIR
440,POL,2027,13702114.95598706,4667827.264533171,0.34066472800197833,0.1048894466182435,0.5544458253797782,CIR
441,POL,2028,13800086.403638035,4736103.173875504,0.34319373338321657,0.0864249493937613,0.5703813172230221,CIR
442,POL,2029,13877889.95410871,4775537.301136154,0.3441111953566328,0.0709513417346879,0.5849374629086793,CIR
443,POL,2030,13939149.016961286,4790839.690238628,0.343696712360926,0.0580707659504065,0.5982325216886675,CIR
444,POL,2031,13986688.832430506,4786272.478293912,0.3422019704332114,0.0474083668367537,0.6103896627300349,CIR
445,POL,2032,14022726.407888668,4765565.563715427,0.3398458634288476,0.0386228556295459,0.6215312809416065,CIR
446,POL,2033,14049548.159729235,4732079.780063875,0.3368136630633873,0.0314113773696049,0.6317749595670078,CIR
447,POL,2034,14077110.809597656,4691320.496110992,0.33325876023597745,0.0255104164101224,0.6412308233539001,CIR
448,POL,2035,14096811.981787918,4642162.41452032,0.3293058331570049,0.0206941668429951,0.65,CIR
449,POL,2036,14109044.091052359,4701536.341803217,0.3332285526547349,0.0167714473452651,0.65,CIR
450,POL,2037,14113934.043739496,4748182.543711565,0.33641807656156025,0.0135819234384397,0.65,CIR
451,POL,2038,14110882.157708956,4783699.921884891,0.3390078570864894,0.0109921429135106,0.65,CIR
452,POL,2039,14100561.87841361,4809818.739785169,0.3411083034321112,0.0088916965678888,0.65,CIR
453,POL,2040,14083287.38416683,4827896.267300255,0.3428103208863031,0.0071896791136969,0.65,CIR
454,POL,2041,14059965.070834612,4839277.827226523,0.3441884672434154,0.0058115327565846,0.65,CIR
455,POL,2042,14031175.347145531,4845016.804195205,0.34530370295606516,0.0046962970439348,0.65,CIR
456,POL,2043,13997216.895277409,4845916.926378556,0.3462057466590765,0.0037942533409235,0.65,CIR
457,POL,2044,13958975.595491849,4842858.132626685,0.34693506693934767,0.0030649330606523,0.65,CIR
458,POL,2045,13916991.538083173,4836496.222690353,0.347524550076467,0.002475449923533,0.65,CIR
459,POL,2046,13871211.054366801,4827193.735497961,0.3480008859052224,0.0019991140947776,0.65,CIR
460,POL,2047,13823554.779202983,4815928.982873039,0.34838571263293455,0.0016142873670654,0.65,CIR
461,POL,2048,13774106.233679391,4802983.435076771,0.3486965581355024,0.0013034418644976,0.65,CIR
462,POL,2049,13722163.430849418,4788316.147810331,0.3489476110629538,0.0010523889370462,0.65,CIR
463,POL,2050,13668740.300339181,4772445.469177672,0.34915035067710276,0.0008496493228972,0.65,CIR
464,PRT,2022,5342385.409107314,1251122.28144086,0.23418794894655798,0.39965232131003375,0.3661597297434082,CIR
465,PRT,2023,5372856.0143170105,1304146.918587658,0.242728804775804,0.3692387010551737,0.38803249416902236,CIR
466,PRT,2024,5377220.16030129,1342603.3126343905,0.24968353026467177,0.34022633644587624,0.41009013328945204,CIR
467,PRT,2025,5399294.613640571,1377721.666563402,0.2551669736788911,0.312564380616279,0.43226864570483,CIR
468,PRT,2026,5420894.200100175,1405576.3102292798,0.2592886447042825,0.2862033691922722,0.4545079861034454,CIR
469,PRT,2027,5441655.256654806,1426541.2020671715,0.2621520722619464,0.2610952071328054,0.4767527206052482,CIR
470,PRT,2028,5461657.367119674,1441082.0300519431,0.26385434551928505,0.23719315394955648,0.49895250053115847,CIR
471,PRT,2029,5479896.251014781,1449354.918196003,0.2644858318125289,0.21445180745062736,0.5210623607368438,CIR
472,PRT,2030,5495785.709066124,1451602.1999958851,0.2641300583465708,0.1928270861474707,0.5430428555059585,CIR
473,PRT,2031,5510350.477012405,1448471.332456701,0.2628637395206178,0.1722762104577884,0.5648600500215938,CIR
474,PRT,2032,5523857.141007424,1440384.0218125556,0.2607569285453792,0.15275768283070396,0.5864853886239169,CIR
475,PRT,2033,5536171.924109368,1427630.760251451,0.2578732705236789,0.1342312669141199,0.6078954625622012,CIR
476,PRT,2034,5548311.080668056,1410770.9122581335,0.25427033411548844,0.11665796587786154,0.62907170000665,CIR
477,PRT,2035,5559351.1857931195,1389837.7964482792,0.24999999999999986,0.1,0.6500000000000001,CIR
478,PRT,2036,5569112.678860347,1392278.169715086,0.24999999999999986,0.1,0.6500000000000001,CIR
479,PRT,2037,5577197.615045159,1394299.403761289,0.24999999999999986,0.1,0.6500000000000001,CIR
480,PRT,2038,5583656.316350859,1395914.079087714,0.24999999999999986,0.1,0.6500000000000001,CIR
481,PRT,2039,5588898.873050914,1397224.7182627278,0.24999999999999986,0.1,0.6500000000000001,CIR
482,PRT,2040,5592895.807872889,1398223.9519682215,0.24999999999999986,0.1,0.6500000000000001,CIR
483,PRT,2041,5595763.050025,1398940.7625062494,0.24999999999999986,0.1,0.6500000000000001,CIR
484,PRT,2042,5597518.6737833535,1399379.6684458377,0.24999999999999986,0.1,0.6500000000000001,CIR
485,PRT,2043,5598370.1323286565,1399592.5330821634,0.24999999999999986,0.1,0.6500000000000001,CIR
486,PRT,2044,5598566.218920671,1399641.5547301671,0.24999999999999986,0.1,0.6500000000000001,CIR
487,PRT,2045,5598319.458094198,1399579.8645235489,0.24999999999999986,0.1,0.6500000000000001,CIR
488,PRT,2046,5597608.551487409,1399402.1378718514,0.24999999999999986,0.1,0.6500000000000001,CIR
489,PRT,2047,5596652.089164332,1399163.0222910822,0.24999999999999986,0.1,0.6500000000000001,CIR
490,PRT,2048,5595182.1295828,1398795.5323956993,0.24999999999999986,0.1,0.6500000000000001,CIR
491,PRT,2049,5593460.472746744,1398365.1181866853,0.24999999999999986,0.1,0.6500000000000001,CIR
492,PRT,2050,5591257.319671004,1397814.3299177503,0.24999999999999986,0.1,0.6500000000000001,CIR
493,SVK,2022,2326387.300642612,123221.26109876714,0.052966787200364296,0.5367379758088614,0.4102952369907743,CIR
494,SVK,2023,2329131.1799552436,159597.63344541268,0.06852238930075183,0.4951826644838344,0.4362949462154138,CIR
495,SVK,2024,2336225.02481709,195940.50159166404,0.08387056020299449,0.45503492249349003,0.4610945173035155,CIR
496,SVK,2025,2349524.709789258,232972.01686500173,0.09915708308762511,0.416274416707004,0.4845685002053709,CIR
497,SVK,2026,2360667.1268482083,270223.2770199602,0.11446903036293082,0.3788800239620133,0.5066509456750559,CIR
498,SVK,2027,2370858.926825174,307838.37453106063,0.12984255243870124,0.3428298860377549,0.5273275615235439,CIR
499,SVK,2028,2380386.202553704,345804.6399348783,0.14527249383477997,0.30810146486403284,0.5466260413011872,CIR
500,SVK,2029,2388982.939944821,383963.24802590645,0.16072247382175736,0.274671597759138,0.5646059284191046,CIR
501,SVK,2030,2396549.787660193,422114.90834196686,0.17613442062227608,0.24251655249808018,0.5813490268796437,CIR
502,SVK,2031,2403258.5360468887,460072.4243907568,0.191436925112322,0.21161208202156448,0.5969509928661135,CIR
503,SVK,2032,2409193.06046553,497623.9093337706,0.20655210970830806,0.18193347860593934,0.6115144116857526,CIR
504,SVK,2033,2414376.7368202643,534545.3195881288,0.22140095679190702,0.15345562732474932,0.6251434158833437,CIR
505,SVK,2034,2419867.0840769527,570864.0771240842,0.23590720369744514,0.1261530586434326,0.6379397376591223,CIR
506,SVK,2035,2424469.7080675527,606117.427016888,0.24999999999999994,0.10000000000000005,0.65,CIR
507,SVK,2036,2428094.9890155583,607023.7472538895,0.24999999999999994,0.10000000000000005,0.65,CIR
508,SVK,2037,2430929.79813074,607732.4495326849,0.24999999999999994,0.10000000000000005,0.65,CIR
509,SVK,2038,2432837.2357917735,608209.3089479433,0.24999999999999994,0.10000000000000005,0.65,CIR
510,SVK,2039,2433829.7138202456,608457.4284550613,0.24999999999999994,0.10000000000000005,0.65,CIR
511,SVK,2040,2433917.9389283434,608479.4847320857,0.24999999999999994,0.10000000000000005,0.65,CIR
512,SVK,2041,2433296.9695778564,608324.242394464,0.24999999999999994,0.10000000000000005,0.65,CIR
513,SVK,2042,2431978.284828743,607994.5712071856,0.24999999999999994,0.10000000000000005,0.65,CIR
514,SVK,2043,2430096.546356002,607524.1365890004,0.24999999999999994,0.10000000000000005,0.65,CIR
515,SVK,2044,2427739.090598926,606934.7726497314,0.24999999999999994,0.10000000000000005,0.65,CIR
516,SVK,2045,2424738.5389188067,606184.6347297016,0.24999999999999994,0.10000000000000005,0.65,CIR
517,SVK,2046,2421308.9537877007,605327.2384469251,0.24999999999999994,0.10000000000000005,0.65,CIR
518,SVK,2047,2417473.3109100894,604368.3277275222,0.24999999999999994,0.10000000000000005,0.65,CIR
519,SVK,2048,2413321.7850418175,603330.4462604542,0.24999999999999994,0.10000000000000005,0.65,CIR
520,SVK,2049,2408806.612866031,602201.6532165076,0.24999999999999994,0.10000000000000005,0.65,CIR
521,SVK,2050,2403977.750020386,600994.4375050964,0.24999999999999994,0.10000000000000005,0.65,CIR
522,ESP,2022,22294156.47968843,3963457.2704526316,0.17778009560772684,0.44779813860656187,0.3744217657857113,CIR
523,ESP,2023,22550217.824395254,4267392.668515642,0.1892395320411981,0.4149938985470189,0.395766569411783,CIR
524,ESP,2024,22687610.53604155,4530017.551747404,0.19966922230752399,0.3832561533576602,0.4170746243348158,CIR
525,ESP,2025,22863373.60930999,4780269.396468408,0.20907979190445797,0.3525703337023794,0.4383498743931627,CIR
526,ESP,2026,22957920.252286166,4992947.50751865,0.2174825704005766,0.3229212951429322,0.4595961344564912,CIR
527,ESP,2027,23031072.015464492,5179449.868181854,0.2248896562306804,0.29429335563433673,0.4808169881349829,CIR
528,ESP,2028,23108232.80522189,5345256.2844317835,0.23131393601088734,0.2666703332411674,0.5020157307479453,CIR
529,ESP,2029,23187991.67973605,5490199.278130979,0.23676907228360167,0.24003558393967006,0.5231953437767283,CIR
530,ESP,2030,23269007.720537532,5614101.159963986,0.24126946999157625,0.21437203937547003,0.5443584906329537,CIR
531,ESP,2031,23352784.66781702,5717467.62310942,0.24483022921839323,0.18966224445202265,0.5655075263295841,CIR
532,ESP,2032,23439652.094932806,5800542.486181733,0.24746708964318193,0.16588839463081112,0.586644515726007,CIR
533,ESP,2033,23527531.227959134,5862975.390999319,0.24919637059208338,0.14303237283055364,0.607771256577363,CIR
534,ESP,2034,23616902.843553342,5905050.162967653,0.25003490940724865,0.1210757858192781,0.6288893047734733,CIR
535,ESP,2035,23704388.882515736,5926097.220628934,0.25,0.09999999999999996,0.65,CIR
536,ESP,2036,23789313.948283065,5947328.487070766,0.25,0.09999999999999996,0.65,CIR
537,ESP,2037,23870412.827227205,5967603.206806801,0.25,0.09999999999999996,0.65,CIR
538,ESP,2038,23946884.734165613,5986721.183541403,0.25,0.09999999999999996,0.65,CIR
539,ESP,2039,24018977.330378994,6004744.332594749,0.25,0.09999999999999996,0.65,CIR
540,ESP,2040,24085855.618423406,6021463.9046058515,0.25,0.09999999999999996,0.65,CIR
541,ESP,2041,24148521.26724788,6037130.31681197,0.25,0.09999999999999996,0.65,CIR
542,ESP,2042,24206272.053038817,6051568.013259704,0.25,0.09999999999999996,0.65,CIR
543,ESP,2043,24260733.86228766,6065183.465571915,0.25,0.09999999999999996,0.65,CIR
544,ESP,2044,24312424.77886346,6078106.194715865,0.25,0.09999999999999996,0.65,CIR
545,ESP,2045,24362688.931898043,6090672.232974511,0.25,0.09999999999999996,0.65,CIR
546,ESP,2046,24411657.896310154,6102914.474077539,0.25,0.09999999999999996,0.65,CIR
547,ESP,2047,24459494.68626411,6114873.671566027,0.25,0.09999999999999996,0.65,CIR
548,ESP,2048,24505884.763772905,6126471.190943226,0.25,0.09999999999999996,0.65,CIR
549,ESP,2049,24551126.066519536,6137781.516629884,0.25,0.09999999999999996,0.65,CIR
550,ESP,2050,24594213.871317644,6148553.467829411,0.25,0.09999999999999996,0.65,CIR
551,SWE,2022,4770829.154997374,2488683.2139421008,0.521645846683745,0.0003195082419605,0.47803464507429444,CIR
552,SWE,2023,4768772.480414082,2424821.8890067227,0.5084792572859694,0.0002277312368196,0.491293011477211,CIR
553,SWE,2024,4787418.808690296,2371190.706598003,0.49529627579139973,0.0001623056137173,0.504541418594883,CIR
554,SWE,2025,4838386.56044425,2332597.3383055152,0.4821023101741051,0.0001156707031347,0.5177820191227602,CIR
555,SWE,2026,4896989.9936657185,2296203.799622166,0.4689010601598772,8.24324426785688e-05,0.5310165073974442,CIR
556,SWE,2027,4950943.4679250615,2256120.38727687,0.45569504113574727,5.874382795548242e-05,0.5442462150362972,CIR
557,SWE,2028,4998914.018549044,2211949.2231404237,0.4424859509350896,4.1861875102343045e-05,0.5574721871898081,CIR
558,SWE,2029,5042484.198366111,2164612.0296382084,0.429274925708165,2.983112744842476e-05,0.5706952431643866,CIR
559,SWE,2030,5083404.691924727,2115015.171673779,0.4160627177752736,2.125772466311236e-05,0.5839160245000633,CIR
560,SWE,2031,5122773.990301444,2063708.573647546,0.40284981878072457,1.514820322354584e-05,0.5971350330160519,CIR
561,SWE,2032,5161112.422863274,2010958.010823427,0.3896365446168272,1.079452403827849e-05,0.6103526608591345,CIR
562,SWE,2033,5199115.741273862,1957067.231904709,0.37642309371347016,7.692091979123238e-06,0.6235692141945507,CIR
563,SWE,2034,5237293.449032994,1902235.189751762,0.363209586834014,5.481310940389666e-06,0.6367849318550456,CIR
564,SWE,2035,5275380.308191086,1846362.5026366927,0.3499960940768279,3.905923172058627e-06,0.65,CIR
565,SWE,2036,5313380.892163833,1859668.5234416767,0.34999721668444916,2.7833155507873302e-06,0.65,CIR
566,SWE,2037,5351298.417259829,1872943.8325072273,0.34999801664327324,1.9833567267580897e-06,0.65,CIR
567,SWE,2038,5389079.394850763,1886170.1717311163,0.3499985866850175,1.4133149824830684e-06,0.65,CIR
568,SWE,2039,5426615.527115323,1899309.9692915962,0.3499989928899994,1.007110000568589e-06,0.65,CIR
569,SWE,2040,5464044.101766311,1912411.5143285946,0.349999282346639,7.176533609866872e-07,0.65,CIR
570,SWE,2041,5501420.404972943,1925494.3283677688,0.3499994886097491,5.113902508628296e-07,0.65,CIR
571,SWE,2042,5538702.805763367,1938543.9636593582,0.34999963559015695,3.644098430239691e-07,0.65,CIR
572,SWE,2043,5575707.969536644,1951496.3414739724,0.3499997403264552,2.596735447642929e-07,0.65,CIR
573,SWE,2044,5612390.853620387,1964335.760251144,0.3499998149601447,1.8503985525386999e-07,0.65,CIR
574,SWE,2045,5648625.349414244,1977018.1274848117,0.34999986814310957,1.3185689041177926e-07,0.65,CIR
575,SWE,2046,5684285.1627836,1989499.2728820802,0.34999990604057246,9.395942748986312e-08,0.65,CIR
576,SWE,2047,5719114.318491189,2001689.628553142,0.34999993304579124,6.695420875021579e-08,0.65,CIR
577,SWE,2048,5753004.514258963,2013551.3055110143,0.3499999522893434,4.7710656601829944e-08,0.65,CIR
578,SWE,2049,5785791.841900615,2025026.9479600776,0.34999996600203687,3.3997963135415835e-08,0.65,CIR
579,SWE,2050,5817349.756522485,2036072.2738489357,0.34999997577351544,2.422648456159178e-08,0.65,CIR
580,CHE,2022,6277621.420518136,2910628.893703934,0.46365154868859537,0.0001269711420546,0.53622148016935,CIR
581,CHE,2023,6301159.8857672755,2865048.746257847,0.45468593055847806,9.516565892743708e-05,0.5452189037825945,CIR
582,CHE,2024,6319248.579047583,2816939.03254634,0.4457712016403856,7.132516633051078e-05,0.5541574731932839,CIR
583,CHE,2025,6349484.431361936,2774109.6711968416,0.4369031377563056,5.3455920036788646e-05,0.5630434063236576,CIR
584,CHE,2026,6375477.554042918,2729199.301389004,0.42807762685295964,4.006283605636728e-05,0.571882310310984,CIR
585,CHE,2027,6401010.412506533,2683884.4104036894,0.41929074278020484,3.002494523220023e-05,0.580679232274563,CIR
586,CHE,2028,6426125.8226926755,2638173.921172659,0.41053879023912593,2.250187720583833e-05,0.5894387078836683,CIR
587,CHE,2029,6451306.358429628,2592253.140973173,0.40181832902509645,1.6863676924700597e-05,0.5981648072979788,CIR
588,CHE,2030,6476783.155414776,2546193.0440296014,0.3931261836210945,1.2638151157055077e-05,0.6068611782277484,CIR
589,CHE,2031,6502328.74919798,2499881.686707666,0.384459442629075,9.47137714708668e-06,0.6155310859937779,CIR
590,CHE,2032,6527858.617966736,2453270.132827355,0.37581545134497524,7.098089174609071e-06,0.6241774505658502,CIR
591,CHE,2033,6553453.648169065,2406374.440596474,0.3671917998945149,5.319475640002182e-06,0.6328028806298451,CIR
592,CHE,2034,6580181.622622492,2359563.0385114276,0.3585863086817105,3.986534139358633e-06,0.6414097047841502,CIR
593,CHE,2035,6606858.087078491,2312380.591866072,0.34999701240572445,2.9875942755224813e-06,0.65,CIR
594,CHE,2036,6633351.456968285,2321658.158095575,0.3499977610347618,2.238965238156894e-06,0.65,CIR
595,CHE,2037,6659948.330397447,2330970.7407391444,0.3499983220740751,1.6779259248457665e-06,0.65,CIR
596,CHE,2038,6686302.909990938,2340197.6106645223,0.3499987425289552,1.2574710447709984e-06,0.65,CIR
597,CHE,2039,6712222.711063045,2349271.6234516934,0.3499990576265651,9.423734348841764e-07,0.65,CIR
598,CHE,2040,6737696.081634746,2358188.870189459,0.34999929376709127,7.062329086886362e-07,0.65,CIR
599,CHE,2041,6762487.459909057,2366867.0318235666,0.34999947073549126,5.292645087208158e-07,0.65,CIR
600,CHE,2042,6786574.342291366,2375298.327968849,0.3499996033590743,3.9664092564239074e-07,0.65,CIR
601,CHE,2043,6809658.456695813,2383378.435670892,0.3499997027497553,2.972502446733644e-07,0.65,CIR
602,CHE,2044,6831636.2969514225,2391071.182083812,0.3499997772350401,2.227649598749477e-07,0.65,CIR
603,CHE,2045,6852675.039890659,2398435.119946925,0.34999983305573384,1.6694426611751717e-07,0.65,CIR
604,CHE,2046,6872521.969844056,2405381.8296161,0.34999987488882195,1.2511117805523504e-07,0.65,CIR
605,CHE,2047,6891251.72400461,2411937.4572732337,0.3499999062393298,9.376067017128701e-08,0.65,CIR
606,CHE,2048,6908732.1393285,2418055.763315948,0.34999992973399213,7.026600783613092e-08,0.65,CIR
607,CHE,2049,6924949.020031178,2423731.7923523397,0.34999994734133466,5.2658665318547854e-08,0.65,CIR
608,CHE,2050,6939945.028986894,2428980.486271644,0.3499999605366083,3.9463391668922965e-08,0.65,CIR
609,GBR,2022,31047164.594945215,13954418.241308574,0.44945870012170097,0.078705818592855,0.47183548128544406,CIR
610,GBR,2023,31132505.720359858,13955420.552500391,0.448258828821925,0.0657976491448614,0.48594352203321356,CIR
611,GBR,2024,31207399.411134195,13893927.818306679,0.44521261240850446,0.0548694161360283,0.49991797145546724,CIR
612,GBR,2025,31334320.50205411,13804403.099491803,0.44055217660095297,0.0456599087904605,0.5137879146085865,CIR
613,GBR,2026,31514986.946915265,13693099.02661399,0.4344948341460218,0.0379288714590295,0.5275762943949487,CIR
614,GBR,2027,31704227.67193151,13545275.985126305,0.4272387936804483,0.0314600652648092,0.5413011410547425,CIR
615,GBR,2028,31887633.249444988,13359683.34862967,0.41896127078864337,0.026062148084302,0.5549765811270546,CIR
616,GBR,2029,32061016.31105168,13139190.1407148,0.40981826693327933,0.0215680780675001,0.5686136549992206,CIR
617,GBR,2030,32225403.24461122,12888402.777046066,0.399945430603767,0.0178335962722573,0.5822209731239757,CIR
618,GBR,2031,32382462.031966202,12611659.40302706,0.38945955963995316,0.0147352013964095,0.5958052389636374,CIR
619,GBR,2032,32539577.025292467,12314942.27335521,0.3784604287813272,0.0121679078112186,0.6093716634074542,CIR
620,GBR,2033,32696810.86438348,12000799.65294505,0.3670327269139718,0.0100429813462455,0.6229242917397827,CIR
621,GBR,2034,32853848.51915859,11671262.823106132,0.35524796482518883,0.0082857744744331,0.636466260700378,CIR
622,GBR,2035,33010306.462433115,11328023.733363979,0.34316626979078996,0.00683373020921,0.65,CIR
623,GBR,2036,33166394.366324004,11421359.061514765,0.3443654120301848,0.0056345879698152,0.65,CIR
624,GBR,2037,33321235.3541395,11507661.869259207,0.3453551990781641,0.0046448009218359,0.65,CIR
625,GBR,2038,33475821.60564676,11588386.778122287,0.346171840519294,0.003828159480706,0.65,CIR
626,GBR,2039,33628089.52749553,11663747.924677245,0.3468453929010908,0.0031546070989092,0.65,CIR
627,GBR,2040,33778703.68958638,11734747.667352539,0.34740076988123847,0.0025992301187615,0.65,CIR
628,GBR,2041,33926943.02487704,11801778.838879973,0.34785859811260567,0.0021414018873943,0.65,CIR
629,GBR,2042,34071653.6673563,11864974.29254195,0.3482359385423567,0.0017640614576433,0.65,CIR
630,GBR,2043,34212103.86970828,11924522.461508445,0.3485468916767358,0.0014531083232642,0.65,CIR
631,GBR,2044,34347242.88766599,11980424.923352113,0.3488031037173658,0.0011968962826342,0.65,CIR
632,GBR,2045,34476282.42344925,12032711.736511637,0.3490141886158676,0.0009858113841324,0.65,CIR
633,GBR,2046,34599757.665981546,12081822.92058892,0.34918807921212,0.00081192078788,0.65,CIR
634,GBR,2047,34716209.80665675,12127459.356512895,0.3493313188292659,0.0006686811707341,0.65,CIR
635,GBR,2048,34825715.935070924,12169822.161908468,0.3494493030551874,0.0005506969448126,0.65,CIR
636,GBR,2049,34928278.34147411,12209056.745732745,0.3495464799716629,0.0004535200283371,0.65,CIR
637,GBR,2050,35022648.002306536,12244846.395279866,0.34962651580410026,0.0003734841958997,0.65,CIR
638,BGR,2022,3143101.7451891424,336634.93911085284,0.10710278139296925,0.5320804645918191,0.36081675401521157,CIR
639,BGR,2023,3141923.635763648,395129.30475144216,0.12576031455818804,0.49062779421892966,0.38361189122288225,CIR
640,BGR,2024,3149894.5531910234,450658.8886788021,0.1430711031968543,0.4506337189741651,0.4062951778289806,CIR
641,BGR,2025,3168084.1985088545,503901.1636412799,0.15905548339859615,0.4120757022948152,0.42886881430658863,CIR
642,BGR,2026,3197424.745596547,555495.4746229664,0.1737321497207988,0.37493036407308794,0.4513374862061133,CIR
643,BGR,2027,3221764.239331364,602853.2331662513,0.18711897841766528,0.33917354491743007,0.47370747666490465,CIR
644,BGR,2028,3239268.3922353843,645371.2143226626,0.19923363431990854,0.30478037049037127,0.4959859951897202,CIR
645,BGR,2029,3250552.939298755,682921.6791938449,0.21009400306557452,0.27172531567264085,0.5181806812617846,CIR
646,BGR,2030,3257208.6155134505,715668.9428084603,0.21971848514702697,0.23998226831501712,0.5402992465379559,CIR
647,BGR,2031,3260806.263562775,743875.2851495312,0.22812618261373457,0.20952459235205662,0.5623492250342088,CIR
648,BGR,2032,3262262.0992683508,767730.9882673298,0.235337003865972,0.1803251900653675,0.5843378060686605,CIR
649,BGR,2033,3262239.1385037457,787412.229846354,0.2413717071052944,0.1523565632982752,0.6062717295964304,CIR
650,BGR,2034,3262447.458637114,803383.8814267432,0.24625189880064963,0.12559087343843284,0.6281572277609175,CIR
651,BGR,2035,3261150.611649007,815287.6529122518,0.25,0.09999999999999998,0.65,CIR
652,BGR,2036,3258556.17354613,814639.0433865325,0.25,0.09999999999999998,0.65,CIR
653,BGR,2037,3254865.6836276283,813716.4209069071,0.25,0.09999999999999998,0.65,CIR
654,BGR,2038,3250476.811542326,812619.2028855815,0.25,0.09999999999999998,0.65,CIR
655,BGR,2039,3245264.1139860097,811316.0284965024,0.25,0.09999999999999998,0.65,CIR
656,BGR,2040,3239042.858584366,809760.7146460915,0.25,0.09999999999999998,0.65,CIR
657,BGR,2041,3232113.626993512,808028.406748378,0.25,0.09999999999999998,0.65,CIR
658,BGR,2042,3224583.899126618,806145.9747816545,0.25,0.09999999999999998,0.65,CIR
659,BGR,2043,3216560.8576536323,804140.2144134081,0.25,0.09999999999999998,0.65,CIR
660,BGR,2044,3208243.306771775,802060.8266929437,0.25,0.09999999999999998,0.65,CIR
661,BGR,2045,3199552.517664801,799888.1294162002,0.25,0.09999999999999998,0.65,CIR
662,BGR,2046,3190623.2428388237,797655.8107097059,0.25,0.09999999999999998,0.65,CIR
663,BGR,2047,3181355.6074073343,795338.9018518336,0.25,0.09999999999999998,0.65,CIR
664,BGR,2048,3171780.4363508876,792945.1090877219,0.25,0.09999999999999998,0.65,CIR
665,BGR,2049,3161837.19247461,790459.2981186525,0.25,0.09999999999999998,0.65,CIR
666,BGR,2050,3151471.812275793,787867.9530689482,0.25,0.09999999999999998,0.65,CIR
667,HRV,2022,1896258.529776915,91081.3354069356,0.04803212957341363,0.6101497542516506,0.34181811617493574,CIR
668,HRV,2023,1904696.2313554797,139870.87176440386,0.0734347395987992,0.5578216619335381,0.3687435984676627,CIR
669,HRV,2024,1913450.0188837165,186642.02121284156,0.09754214605601574,0.5078454126578197,0.3946124412861646,CIR
670,HRV,2025,1922531.391151246,231070.771493431,0.12019089652162285,0.460181724145144,0.41962737933323313,CIR
671,HRV,2026,1925190.8108981207,271918.0532614013,0.1412421312849238,0.41478787831649566,0.4439699903985806,CIR
672,HRV,2027,1928147.4265868426,309639.1400169649,0.16058893409674602,0.3716179979007065,0.46779306800254744,CIR
673,HRV,2028,1932264.5580485275,344245.4849654025,0.1781564970135715,0.33062332963564844,0.49122017335078005,CIR
674,HRV,2029,1936936.9035913972,375569.90672312165,0.19389888541374461,0.29175253147315067,0.5143485831131047,CIR
675,HRV,2030,1941534.863039928,403440.4350203506,0.2077945870045671,0.2549519613025969,0.537253451692836,CIR
676,HRV,2031,1945719.120201198,427750.7440521104,0.2198419800736083,0.22016596483985543,0.5599920550865363,CIR
677,HRV,2032,1949188.231585794,448420.96043197915,0.23005523692658403,0.18733716048250937,0.5826076025909066,CIR
678,HRV,2033,1951780.9357929865,465423.32414084155,0.2384608413811283,0.15640671910498685,0.6051324395138848,CIR
679,HRV,2034,1953398.6030176019,478767.70496495685,0.24509473090917466,0.12731463695385037,0.627590632136975,CIR
680,HRV,2035,1954071.2406685692,488517.8101671423,0.25,0.09999999999999996,0.65,CIR
681,HRV,2036,1953718.9327120925,488429.73317802313,0.25,0.09999999999999996,0.65,CIR
682,HRV,2037,1952318.6098639774,488079.65246599435,0.25,0.09999999999999996,0.65,CIR
683,HRV,2038,1949893.9458749648,487473.4864687412,0.25,0.09999999999999996,0.65,CIR
684,HRV,2039,1946421.208524242,486605.3021310605,0.25,0.09999999999999996,0.65,CIR
685,HRV,2040,1941934.6209958955,485483.65524897387,0.25,0.09999999999999996,0.65,CIR
686,HRV,2041,1936499.5078583136,484124.8769645784,0.25,0.09999999999999996,0.65,CIR
687,HRV,2042,1930093.1623907564,482523.2905976891,0.25,0.09999999999999996,0.65,CIR
688,HRV,2043,1922868.067698038,480717.0169245095,0.25,0.09999999999999996,0.65,CIR
689,HRV,2044,1914857.6457580966,478714.41143952415,0.25,0.09999999999999996,0.65,CIR
690,HRV,2045,1906121.1031702983,476530.27579257457,0.25,0.09999999999999996,0.65,CIR
691,HRV,2046,1896781.2834782216,474195.3208695554,0.25,0.09999999999999996,0.65,CIR
692,HRV,2047,1886906.62018797,471726.6550469925,0.25,0.09999999999999996,0.65,CIR
693,HRV,2048,1876552.0715084937,469138.01787712344,0.25,0.09999999999999996,0.65,CIR
694,HRV,2049,1865777.6571408696,466444.4142852174,0.25,0.09999999999999996,0.65,CIR
695,HRV,2050,1854716.662294191,463679.16557354777,0.25,0.09999999999999996,0.65,CIR
696,EST,2022,501182.9145094077,303324.1839174383,0.605216529007883,0.049451988343765,0.345331482648352,CIR
697,EST,2023,501189.26282694866,297196.9552615619,0.5929834840938691,0.0381893655101898,0.3688271503959411,CIR
698,EST,2024,500386.4842988964,289367.6790620727,0.5782883593818742,0.0294120682512253,0.39229957236690055,CIR
699,EST,2025,503391.5133139637,282724.93497804424,0.5616402491905135,0.0226044912769105,0.4157552595325761,CIR
700,EST,2026,509976.8467194619,277150.34825591906,0.543456727572535,0.0173442842477027,0.4391989881797622,CIR
701,EST,2027,515900.2325552731,270370.07036262203,0.524074333177694,0.0132914422865287,0.46263422453577724,CIR
702,EST,2028,520598.58577607916,262257.13832297735,0.5037607582664081,0.0101757795746005,0.4860634621589915,CIR
703,EST,2029,524270.0024190915,253079.20254480338,0.4827268418506551,0.0077846762555102,0.5094884818938347,CIR
704,EST,2030,527237.8955513339,243129.11821684372,0.46113741115403517,0.0059520410392001,0.5329105478067647,CIR
705,EST,2031,529799.7520624574,232645.98337089588,0.4391205969146425,0.004548850631,0.5563305524543575,CIR
706,EST,2032,532118.9877152676,221774.19794185372,0.4167755766319755,0.0034753001539729,0.5797491232140516,CIR
707,EST,2033,534292.1692761283,210606.68163370047,0.39417886644124955,0.0026544342387751,0.6031666993199754,CIR
708,EST,2034,536744.7224638397,199341.27466675887,0.3713893520027827,0.0020270607891782,0.6265835872080391,CIR
709,EST,2035,539130.716209939,187861.3189363373,0.34845226452128836,0.0015477354787116,0.65,CIR
710,EST,2036,541424.8739231456,188858.94838627757,0.3488183817965589,0.0011816182034411,0.65,CIR
711,EST,2037,543669.8102229914,189794.02845674066,0.34909797249712066,0.0009020275028793,0.65,CIR
712,EST,2038,545805.5949690964,190656.14551241125,0.3493114531433234,0.0006885468566766,0.65,CIR
713,EST,2039,547883.8391796116,191471.39598466258,0.34947443653634197,0.000525563463658,0.65,CIR
714,EST,2040,549886.5629592749,192239.7134954427,0.34959885628207316,0.0004011437179268,0.65,CIR
715,EST,2041,551823.9462377554,192969.42950323413,0.3496938304668869,0.0003061695331131,0.65,CIR
716,EST,2042,553688.7317291701,193661.67232881003,0.3497663239849664,0.0002336760150336,0.65,CIR
717,EST,2043,555436.2508990845,194303.62902068574,0.34982165587169817,0.0001783441283018,0.65,CIR
718,EST,2044,557077.0951027219,194901.15817056634,0.3498638875730973,0.0001361124269027,0.65,CIR
719,EST,2045,558594.0026262886,195449.87411588596,0.34989611989559105,0.0001038801044089,0.65,CIR
720,EST,2046,559971.177154715,195945.51748855988,0.3499207199988114,7.928000118858841e-05,0.65,CIR
721,EST,2047,561192.4357326848,196383.39747115507,0.34993949484504316,6.050515495681103e-05,0.65,CIR
722,EST,2048,562269.725114941,196768.4402525199,0.3499538236960844,4.617630391555919e-05,0.65,CIR
723,EST,2049,563176.7268237367,197092.00764844147,0.34996475930392523,3.524069607473384e-05,0.65,CIR
724,EST,2050,563919.3443714335,197356.60402015754,0.3499731051789665,2.6894821033490693e-05,0.65,CIR
725,LVA,2022,853744.8282471254,60625.83748392438,0.07101166001602482,0.4656262906928819,0.4633620492910932,CIR
726,LVA,2023,847886.0323369729,74086.92128475884,0.0873783957503792,0.4242163052251955,0.4884052990244253,CIR
727,LVA,2024,847020.894181861,89067.84730042021,0.10515425051757549,0.3838842528654442,0.5109614966169803,CIR
728,LVA,2025,848567.6069258803,104991.96922364601,0.1237284670858485,0.3451212746069128,0.5311502583072387,CIR
729,LVA,2026,848449.4742143936,120901.77406634396,0.14249731744873878,0.3083398203840723,0.5491628621671889,CIR
730,LVA,2027,846673.069762272,136238.8138115749,0.16091076789513087,0.2738597733732501,0.565229458731619,CIR
731,LVA,2028,843766.7888071391,150615.2593479942,0.17850342220855117,0.2419030645780074,0.5795935132134414,CIR
732,LVA,2029,840031.9502223674,163730.74145678955,0.19491013575548868,0.2125960587643043,0.592493805480207,CIR
733,LVA,2030,835801.1835632629,175408.60032004325,0.20986881063296117,0.1859781225485365,0.6041530668185023,CIR
734,LVA,2031,831328.1252555382,185563.93154486397,0.22321382605433243,0.162014354539103,0.6147718194065646,CIR
735,LVA,2032,826724.547467727,194167.51726987163,0.2348636167446708,0.1406104379878184,0.6245259452675108,CIR
736,LVA,2033,822092.3126688937,201252.66040601773,0.24480542793625945,0.121627857444248,0.6335667146194925,CIR
737,LVA,2034,817867.481835148,206985.53215996042,0.25307954742927546,0.1048981628417434,0.6420222897289811,CIR
738,LVA,2035,813638.9833021874,211354.5704207094,0.25976455744895377,0.0902354425510462,0.65,CIR
739,LVA,2036,809370.1953124,220596.60317995326,0.27255340566971037,0.0774465943302896,0.65,CIR
740,LVA,2037,805089.8164993282,228372.3290144651,0.28366068522325627,0.0663393147767437,0.65,CIR
741,LVA,2038,800754.4459192165,234838.89559715343,0.293272047122477,0.056727952877523,0.65,CIR
742,LVA,2039,796371.2978675878,240155.71762069737,0.3015624976235996,0.0484375023764004,0.65,CIR
743,LVA,2040,791964.1549636029,244474.53371426061,0.3086939379541694,0.0413060620458306,0.65,CIR
744,LVA,2041,787523.7738664635,247923.4339603749,0.31481390427511596,0.035186095724884,0.65,CIR
745,LVA,2042,783042.1315621375,250616.70950298748,0.3200552044409376,0.0299447955590624,0.65,CIR
746,LVA,2043,778517.4546301202,252657.09017099507,0.32453619205112677,0.0254638079488732,0.65,CIR
747,LVA,2044,773927.1508716671,254127.85454858595,0.32836146691890067,0.0216385330810993,0.65,CIR
748,LVA,2045,769269.3694677575,255107.29132022572,0.3316228377801257,0.0183771622198743,0.65,CIR
749,LVA,2046,764511.5660879123,255652.9920892907,0.334400424309464,0.015599575690536,0.65,CIR
750,LVA,2047,759617.725697812,255811.7593791008,0.3367638099072833,0.0132361900927167,0.65,CIR
751,LVA,2048,754611.9861859006,255642.30538116774,0.3387731841807633,0.0112268158192367,0.65,CIR
752,LVA,2049,749435.0790741077,255167.98186822038,0.34048043518788657,0.0095195648121134,0.65,CIR
753,LVA,2050,744091.0978454703,254427.19355751836,0.3419301672795402,0.0080698327204598,0.65,CIR
754,LTU,2022,1373112.8571135516,466208.95444296213,0.33952704763320724,0.0867153431913868,0.573757609175406,CIR
755,LTU,2023,1365766.1719701537,482238.53604657116,0.35309011596833545,0.0630904588744617,0.5838194251572029,CIR
756,LTU,2024,1367430.1888053447,495364.187973933,0.36225921588487664,0.0455809428774301,0.5921598412376933,CIR
757,LTU,2025,1375599.4790069575,506137.0055182306,0.36793922449258987,0.0327610295292482,0.5992997459781619,CIR
758,LTU,2026,1385899.8942521424,514074.12864729954,0.3709316457699159,0.0234582230018524,0.6056101312282317,CIR
759,LTU,2027,1391520.7541099496,517503.4436850131,0.3718977544219388,0.0167513139272896,0.6113509316507716,CIR
760,LTU,2028,1392941.2462040961,517281.5039326182,0.37135916919845824,0.0119385387481483,0.6167022920533934,CIR
761,LTU,2029,1391263.0757697548,514371.2209153046,0.36971528237440965,0.0084965671372522,0.6217881504883381,CIR
762,LTU,2030,1387848.3472045783,509709.18367431045,0.3672657640879662,0.0060408784832736,0.6266933574287602,CIR
763,LTU,2031,1383580.1966865477,503944.629520961,0.36423232330719063,0.0042918655753444,0.631475811117465,CIR
764,LTU,2032,1378854.4786223166,497459.5033141347,0.36077737790805287,0.0030476917759845,0.6361749303159626,CIR
765,LTU,2033,1373869.6943927761,490497.6925586541,0.35701907870924005,0.0021634097228563,0.6408175115679037,CIR
766,LTU,2034,1369340.535614826,483436.0119551146,0.3530429424832988,0.0015353055476295,0.6454217519690717,CIR
767,LTU,2035,1364486.0123962979,476083.6874473372,0.3489106397003245,0.0010893602996755,0.65,CIR
768,LTU,2036,1359311.2005391372,474708.38438404346,0.3492271557798995,0.0007728442201005,0.65,CIR
769,LTU,2037,1353873.3020774494,473113.4053144067,0.34945175784797466,0.0005482421520253,0.65,CIR
770,LTU,2038,1348077.7383556536,471302.9571828046,0.34961111201026607,0.0003888879897339,0.65,CIR
771,LTU,2039,1342099.675503257,469364.6822665839,0.3497241604581886,0.0002758395418114,0.65,CIR
772,LTU,2040,1336020.4818244767,467345.77960601717,0.34980435252594877,0.0001956474740512,0.65,CIR
773,LTU,2041,1329883.0889534133,465274.5390970644,0.3498612343910806,0.0001387656089194,0.65,CIR
774,LTU,2042,1323685.0134848964,463159.4779688495,0.3499015802479162,9.841975208379798e-05,0.65,CIR
775,LTU,2043,1317429.6606386828,461008.41993829585,0.3499301964362951,6.980356370486781e-05,0.65,CIR
776,LTU,2044,1311152.9014992325,458838.6038741497,0.34995049269196027,4.950730803971736e-05,0.65,CIR
777,LTU,2045,1304816.4663599145,456639.9482043253,0.34996488776557777,3.511223442220933e-05,0.65,CIR
778,LTU,2046,1298390.5539549296,454404.36050076084,0.3499750973361859,2.490266381403263e-05,0.65,CIR
779,LTU,2047,1291819.6174634858,452114.0504157387,0.34998233832636316,1.7661673636789615e-05,0.65,CIR
780,LTU,2048,1285112.9991532348,449773.45220830425,0.34998747386779333,1.2526132206635284e-05,0.65,CIR
781,LTU,2049,1278184.0610028973,447353.0661487014,0.34999111614464684,8.883855353126645e-06,0.65,CIR
782,LTU,2050,1271035.230080781,444854.3221773598,0.349993699347804,6.300652195999998e-06,0.65,CIR
783,ROU,2022,5511456.724324673,427064.9264813661,0.07748676036891045,0.7519905926146154,0.17052264701647415,CIR
784,ROU,2023,5517441.083286412,529803.370571293,0.09602338522040377,0.6965196230284055,0.20745699175119067,CIR
785,ROU,2024,5548668.676203368,630706.9169617827,0.1136681524464962,0.6419463392567275,0.24438550829677633,CIR
786,ROU,2025,5594079.759405473,729631.6871926702,0.13042926067793748,0.5882681425045135,0.281302596817549,CIR
787,ROU,2026,5631929.98981616,824012.2790136762,0.14631081716279892,0.5354822275766795,0.3182069552605216,CIR
788,ROU,2027,5660127.35749258,913063.7183373402,0.16131504834934046,0.48358558530943413,0.35509936634122546,CIR
789,ROU,2028,5681075.155495262,996707.8471117003,0.17544352430324606,0.4325750051340057,0.39198147056274824,CIR
790,ROU,2029,5695998.838117429,1074822.4681398084,0.18869780326272773,0.3824470777691303,0.42885511896814194,CIR
791,ROU,2030,5706235.10848197,1147408.2940197065,0.20107974386021255,0.3331981980385055,0.46572205810128203,CIR
792,ROU,2031,5712076.681912304,1214339.7102764046,0.21259163311334695,0.2848245678092792,0.5025837990773738,CIR
793,ROU,2032,5716178.308424273,1276058.0215883716,0.22323621705568017,0.23732219904751287,0.539441583896807,CIR
794,ROU,2033,5716275.244871392,1331987.5009264443,0.23301668374375353,0.19068691698644433,0.5762963992698021,CIR
795,ROU,2034,5712645.715079296,1382098.2310765388,0.24193662621651904,0.14491436340326155,0.6131490103802194,CIR
796,ROU,2035,5705500.986028565,1426375.2465071413,0.25,0.09999999999999996,0.65,CIR
797,ROU,2036,5695918.806347346,1423979.7015868365,0.25,0.09999999999999996,0.65,CIR
798,ROU,2037,5684269.1265435545,1421067.2816358886,0.25,0.09999999999999996,0.65,CIR
799,ROU,2038,5670868.616503197,1417717.1541257992,0.25,0.09999999999999996,0.65,CIR
800,ROU,2039,5656690.208777902,1414172.5521944754,0.25,0.09999999999999996,0.65,CIR
801,ROU,2040,5641253.357539484,1410313.339384871,0.25,0.09999999999999996,0.65,CIR
802,ROU,2041,5624953.983134041,1406238.4957835102,0.25,0.09999999999999996,0.65,CIR
803,ROU,2042,5608022.751433314,1402005.6878583285,0.25,0.09999999999999996,0.65,CIR
804,ROU,2043,5590400.2199086165,1397600.0549771541,0.25,0.09999999999999996,0.65,CIR
805,ROU,2044,5572098.395203572,1393024.598800893,0.25,0.09999999999999996,0.65,CIR
806,ROU,2045,5552991.890734169,1388247.9726835422,0.25,0.09999999999999996,0.65,CIR
807,ROU,2046,5533018.28653007,1383254.5716325175,0.25,0.09999999999999996,0.65,CIR
808,ROU,2047,5512087.306936365,1378021.8267340912,0.25,0.09999999999999996,0.65,CIR
809,ROU,2048,5490495.795695298,1372623.9489238246,0.25,0.09999999999999996,0.65,CIR
810,ROU,2049,5468971.196643148,1367242.799160787,0.25,0.09999999999999996,0.65,CIR
811,ROU,2050,5447488.004612596,1361872.001153149,0.25,0.09999999999999996,0.65,CIR
812,SVN,2022,1082022.3486781823,162684.69923521567,0.1503524390544744,0.0479975560439889,0.8016500049015367,CIR
813,SVN,2023,1086164.4648084547,161567.6825156994,0.14875066138735432,0.0361608296036719,0.8150885090089738,CIR
814,SVN,2024,1091520.0395529708,160240.89133952284,0.1468052674554185,0.0271548873177993,0.8260398452267822,CIR
815,SVN,2025,1100488.3875319033,159292.16772893237,0.14474679563514656,0.0203417428020858,0.8349114615627676,CIR
816,SVN,2026,1110074.977880979,158437.1272886534,0.14272650987151686,0.0152097119953914,0.8420637781330917,CIR
817,SVN,2027,1118611.582750032,157540.56576968884,0.140835807709398,0.0113565571991445,0.8478076350914575,CIR
818,SVN,2028,1125981.5844371668,156650.3015844322,0.13912332470582583,0.0084706573840752,0.852406017910099,CIR
819,SVN,2029,1132456.4877328542,155835.82474874903,0.1376086643829715,0.0063131609469241,0.8560781746701044,CIR
820,SVN,2030,1138396.550392955,155155.19798802928,0.13629275135669758,0.0047024273039841,0.8590048213393183,CIR
821,SVN,2031,1143942.363262806,154621.2859051605,0.1351652765652829,0.0035011232634837,0.8613336001712334,CIR
822,SVN,2032,1149104.817318491,154221.17250335062,0.13420983897990743,0.0026058602590068,0.8631843007610858,CIR
823,SVN,2033,1153952.5964026623,153945.7691742855,0.13340735976000817,0.001939051553576,0.8646535886864158,CIR
824,SVN,2034,1158586.3283823014,153788.72398182837,0.13273825196656588,0.0014426103241207,0.8658191377093134,CIR
825,SVN,2035,1162887.0735115437,153714.74272404987,0.1321837229301044,0.0010731248263641,0.8667431522435315,CIR
826,SVN,2036,1166879.4701571376,153708.93698431985,0.13172649010923182,0.0007981930343553,0.8674753168564129,CIR
827,SVN,2037,1170575.3557737493,153756.37534682997,0.13135111258616677,0.0005936537947781,0.8680552336190551,CIR
828,SVN,2038,1173908.696916213,153833.78496726716,0.13104407980908497,0.0004415038323566,0.8685144163585584,CIR
829,SVN,2039,1176867.899100969,153926.971000382,0.13079375443749433,0.0003283354622454,0.8688779101002603,CIR
830,SVN,2040,1179494.22815819,154030.4272511418,0.13059023399517963,0.0002441674574404,0.86916559854738,CIR
831,SVN,2041,1181832.254182817,154140.67673930625,0.13042517344890667,0.0001815715746393,0.869393254976454,CIR
832,SVN,2042,1183859.7063719616,154246.96971454588,0.13029159526617287,0.0001350207664764,0.8695733839673507,CIR
833,SVN,2043,1185628.3219882655,154349.48530532632,0.13018370297235018,0.0001004032561219,0.8697158937715279,CIR
834,SVN,2044,1187183.4585643082,154448.6588426688,0.13009670723465738,7.46605096250214e-05,0.8698286322557176,CIR
835,SVN,2045,1188479.144309506,154533.98426249053,0.13002666895957452,5.551764964847357e-05,0.869917813390777,CIR
836,SVN,2046,1189530.3334934572,154603.68689309552,0.12997036102395945,4.1282780454196646e-05,0.8699883561955863,CIR
837,SVN,2047,1190395.4069120104,154662.3000415557,0.12992514852082906,3.069765013737895e-05,0.8700441538290336,CIR
838,SVN,2048,1191074.241756363,154707.30689101486,0.1298888864080234,2.282653952825865e-05,0.8700882870524483,CIR
839,SVN,2049,1191640.3885632253,154746.22178359228,0.12985983294018055,1.6973605233560387e-05,0.8701231934545859,CIR
840,SVN,2050,1192060.4945874377,154773.05427024575,0.12983657706382715,1.26213969990671e-05,0.8701508015391738,CIR
841,CYP,2022,597790.3218888533,24001.594034483398,0.04015052294363841,0.743271865737444,0.2165776113189176,CIR
842,CYP,2023,613426.711288455,37717.96974516437,0.061487328561126264,0.6884287451417088,0.2500839262971649,CIR
843,CYP,2024,622540.979155229,50943.13763808981,0.08183097875294609,0.6344912103768112,0.28367781087024263,CIR
844,CYP,2025,630071.8450005349,63796.69562367724,0.10125304936236768,0.5814564724387387,0.3172904781988937,CIR
845,CYP,2026,636874.4505841446,76298.92906872426,0.11980215095572211,0.5293215283150341,0.3508763207292438,CIR
846,CYP,2027,643010.9420305946,88420.38397325003,0.13750992120604222,0.4780831636615728,0.384406915132385,CIR
847,CYP,2028,648701.9468269469,100156.85620005049,0.15439580024378924,0.42773795561957767,0.4178662441366331,CIR
848,CYP,2029,654118.7231564678,111508.09434661339,0.17047072710062178,0.378282275768744,0.4512469971306342,CIR
849,CYP,2030,659249.0633799699,122448.87592231284,0.18573993157383867,0.32971229321219536,0.48454777521396597,CIR
850,CYP,2031,664088.0051231787,132953.7368482525,0.20020499666093428,0.28202397778884447,0.5177710255502213,CIR
851,CYP,2032,668645.776685688,143000.16287022227,0.21386534972080248,0.23521310340860094,0.5509215468705966,CIR
852,CYP,2033,672914.5933838552,152562.73666641366,0.22671931648744356,0.18927525150574157,0.5840054320068149,CIR
853,CYP,2034,676998.8377899212,161643.52396061242,0.23876484705394996,0.14420581460564685,0.6170293383404032,CIR
854,CYP,2035,680892.024639289,170223.00615982225,0.25,0.09999999999999998,0.65,CIR
855,CYP,2036,684491.8335472767,171122.95838681917,0.25,0.09999999999999998,0.65,CIR
856,CYP,2037,687805.2095745975,171951.30239364938,0.25,0.09999999999999998,0.65,CIR
857,CYP,2038,690875.430428551,172718.85760713776,0.25,0.09999999999999998,0.65,CIR
858,CYP,2039,693709.8479478682,173427.46198696704,0.25,0.09999999999999998,0.65,CIR
859,CYP,2040,696329.237300793,174082.30932519824,0.25,0.09999999999999998,0.65,CIR
860,CYP,2041,698771.3360870422,174692.83402176056,0.25,0.09999999999999998,0.65,CIR
861,CYP,2042,701055.8305487103,175263.95763717758,0.25,0.09999999999999998,0.65,CIR
862,CYP,2043,703181.9500387142,175795.48750967855,0.25,0.09999999999999998,0.65,CIR
863,CYP,2044,705188.6594053877,176297.16485134693,0.25,0.09999999999999998,0.65,CIR
864,CYP,2045,707083.9246183485,176770.98115458712,0.25,0.09999999999999998,0.65,CIR
865,CYP,2046,708870.1096743238,177217.52741858095,0.25,0.09999999999999998,0.65,CIR
866,CYP,2047,710573.2715749096,177643.3178937274,0.25,0.09999999999999998,0.65,CIR
867,CYP,2048,712213.6124429854,178053.40311074635,0.25,0.09999999999999998,0.65,CIR
868,CYP,2049,713808.8339648455,178452.20849121138,0.25,0.09999999999999998,0.65,CIR
869,CYP,2050,715379.2116281083,178844.80290702707,0.25,0.09999999999999998,0.65,CIR
870,MLT,2022,371103.15258607495,10869.320595133826,0.029289216540979823,0.8193488640627112,0.15136191939630889,CIR
871,MLT,2023,381590.6610695804,19089.92283733723,0.050027227563245624,0.7629356425224489,0.18703712991430538,CIR
872,MLT,2024,389711.5399999644,27312.757759767042,0.07008454961269439,0.706702320145771,0.22321313024153464,CIR
873,MLT,2025,397483.99966477754,35565.289878067895,0.08947602899251861,0.650648869465828,0.2598751015416534,CIR
874,MLT,2026,405105.5838608616,43839.11204072099,0.10821650894789459,0.5947752612469637,0.2970082298051417,CIR
875,MLT,2027,412608.82470702287,52121.077565982385,0.12632080179814742,0.5390814644857465,0.3345977337161061,CIR
876,MLT,2028,419959.3110278685,60391.68699883966,0.1438036624334591,0.4835674464120533,0.3726288911544876,CIR
877,MLT,2029,427085.54768138804,68624.00467236743,0.16067976321119143,0.4282331724902055,0.4110870642986031,CIR
878,MLT,2030,433978.43965739507,76798.41750297896,0.17696367027727827,0.37307860642015594,0.4499577233025657,CIR
879,MLT,2031,440626.2164614598,84895.37439851042,0.19266982132901744,0.3181037101387296,0.489226468532253,CIR
880,MLT,2032,447031.5773554258,92898.75182698978,0.20781250482698643,0.2633084438209139,0.5288790513520997,CIR
881,MLT,2033,453187.97848766996,100791.65333062521,0.222405840655739,0.2086927658812012,0.5689013934630598,CIR
882,MLT,2034,459107.8292338715,108562.36456781358,0.23646376222547807,0.1542566329749839,0.609279604799538,CIR
883,MLT,2035,464795.89452591666,116198.9736314792,0.25000000000000006,0.10000000000000002,0.6499999999999999,CIR
884,MLT,2036,470224.7080186662,117556.17700466658,0.25000000000000006,0.10000000000000002,0.6499999999999999,CIR
885,MLT,2037,475417.9786513853,118854.49466284635,0.25000000000000006,0.10000000000000002,0.6499999999999999,CIR
886,MLT,2038,480378.74808934354,120094.68702233591,0.25000000000000006,0.10000000000000002,0.6499999999999999,CIR
887,MLT,2039,485127.7372145824,121281.93430364563,0.25000000000000006,0.10000000000000002,0.6499999999999999,CIR
888,MLT,2040,489672.8840535851,122418.22101339631,0.25000000000000006,0.10000000000000002,0.6499999999999999,CIR
889,MLT,2041,494027.7270678352,123506.93176695883,0.25000000000000006,0.10000000000000002,0.6499999999999999,CIR
890,MLT,2042,498207.78445064,124551.94611266004,0.25000000000000006,0.10000000000000002,0.6499999999999999,CIR
891,MLT,2043,502222.4348449189,125555.60871122975,0.25000000000000006,0.10000000000000002,0.6499999999999999,CIR
892,MLT,2044,506084.9166259801,126521.22915649506,0.25000000000000006,0.10000000000000002,0.6499999999999999,CIR
893,MLT,2045,509804.46869715507,127451.1171742888,0.25000000000000006,0.10000000000000002,0.6499999999999999,CIR
894,MLT,2046,513385.6053107101,128346.40132767755,0.25000000000000006,0.10000000000000002,0.6499999999999999,CIR
895,MLT,2047,516842.3636935169,129210.59092337925,0.25000000000000006,0.10000000000000002,0.6499999999999999,CIR
896,MLT,2048,520184.342021664,130046.08550541603,0.25000000000000006,0.10000000000000002,0.6499999999999999,CIR
897,MLT,2049,523422.7844193835,130855.6961048459,0.25000000000000006,0.10000000000000002,0.6499999999999999,CIR
898,MLT,2050,526565.0195214023,131641.2548803506,0.25000000000000006,0.10000000000000002,0.6499999999999999,CIR
899,EU27+4,2022,270212909.69799477,86308147.4175348,0.3194079347059978,0.1832140650757953,0.4973780002182069,CIR
900,EU27+4,2023,270748393.12958086,85852180.85012235,0.31709211588573777,0.1726301151350071,0.5102777689792551,CIR
901,EU27+4,2024,271357909.608679,85340718.6193064,0.3144950473062492,0.1625711915331822,0.5229337611605686,CIR
902,EU27+4,2025,272509963.954751,84919231.21255638,0.31161881195161295,0.1530211478234082,0.5353600402249789,CIR
903,EU27+4,2026,273743252.3620903,84440466.68048918,0.3084659291210461,0.1439631528698909,0.547570918009063,CIR
904,EU27+4,2027,274846725.24906474,83839093.19325943,0.305039447413044,0.1353798655211169,0.5595806870658391,CIR
905,EU27+4,2028,275836264.82346314,83121326.56799085,0.3013429964373575,0.1272535942676654,0.5714034092949771,CIR
906,EU27+4,2029,276721747.4423301,82291735.95273398,0.29738080477351675,0.1195664417789735,0.5830527534475097,CIR
907,EU27+4,2030,277535354.2132166,81361623.66411228,0.2931576911877187,0.1123004344859224,0.5945418743263589,CIR
908,EU27+4,2031,278313385.8100334,80343239.76005031,0.28867903541976847,0.105437637599616,0.6058833269806155,CIR
909,EU27+4,2032,279079143.6897604,79244727.71056138,0.2839507340564802,0.0989602561343911,0.6170890098091287,CIR
910,EU27+4,2033,279835347.6589703,78068226.36338253,0.27897914618893216,0.0928507226388913,0.6281701311721766,CIR
911,EU27+4,2034,280632513.65941334,76829053.08982202,0.2737710327573261,0.0870917724374453,0.6391371948052286,CIR
912,EU27+4,2035,281415108.1720775,75513098.88852824,0.2683334927503398,0.0816665072496602,0.65,CIR
913,EU27+4,2036,282179926.3265556,77159716.97152828,0.27344155190626285,0.0765584480937371,0.65,CIR
914,EU27+4,2037,282925398.83508384,78723545.65838201,0.27824842160696106,0.0717515783930389,0.65,CIR
915,EU27+4,2038,283644884.65238273,80206156.75862983,0.28276962179989756,0.0672303782001024,0.65,CIR
916,EU27+4,2039,284337983.98339015,81610730.69093144,0.2870201495685459,0.0629798504314541,0.65,CIR
917,EU27+4,2040,284996081.78169775,82937980.84930472,0.29101446002627446,0.0589855399737255,0.65,CIR
918,EU27+4,2041,285617571.90249383,84190478.73277122,0.29476645352027836,0.0552335464797216,0.65,CIR
919,EU27+4,2042,286200715.7704353,85370659.3557369,0.2982894683751023,0.0517105316248977,0.65,CIR
920,EU27+4,2043,286745793.61564374,86481464.2178506,0.3015962784576049,0.0484037215423951,0.65,CIR
921,EU27+4,2044,287252068.7068066,87525445.3430555,0.30469909489978736,0.0453009051002126,0.65,CIR
922,EU27+4,2045,287719798.62097013,88505363.92880815,0.30760957137121236,0.0423904286287876,0.65,CIR
923,EU27+4,2046,288145674.2534245,89422786.33089964,0.31033881234757726,0.0396611876524227,0.65,CIR
924,EU27+4,2047,288531267.9505946,90280678.90800253,0.3128973838754327,0.0371026161245673,0.65,CIR
925,EU27+4,2048,288875395.4500447,91081062.09282468,0.31529532638433155,0.0347046736156684,0.65,CIR
926,EU27+4,2049,289178694.30774397,91826429.86139554,0.3175421691463682,0.0324578308536318,0.65,CIR
927,EU27+4,2050,289442519.97506493,92519417.56089349,0.3196469460287449,0.0303530539712551,0.65,CIR
